"SITE_CODE","EVENT_DATETIME","alkalinity(total)","arsenic(total)","calcium(total)","chloride(total)","chlorophyll-a-concentration_chlorophyte_green-algae","chlorophyll-a-concentration_cryptophyta_cryptophytes","chlorophyll-a-concentration_cyanobacteria_bluegreen","chlorophyll-a-concentration_dinophyta_diatoms","chlorophyll-a(total)","dissolved_organic_carbon","dissolved_oxygen","hardness(total)","iron(total)","kjeldahl_nitrogen(total)","manganese(total)","microcystin","nitrate-nitrite(total)","ph","ph_for_color_analysis","phosphorus(dissolved)","phosphorus(total)","secchi_disk_depth","specific_conductance","sulfate(total)","temperature","total_organic_carbon","true_color(total)","dissolved_oxygen_wqs","ph_high_wqs","ph_low_wqs","siteID","xcoord","ycoord","Eval_Status","PROB_CAT","nitrogen(total)","phos_trophic","chla_trophic","phosphorus(total)_nla","nitrogen(total)_nla","chlorophyll-a(total)_nla","dissolved_oxygen_nla","nutrient_limitation","secchi_trophic","zebra","conductance","color","ph_cat","leech","chloride","alkalinity","statusTNT","WgtAdj"
"0102DAR5129_DH",NA,NA,NA,NA,NA,NA,NA,NA,NA,NA,NA,NA,NA,NA,NA,NA,"Non-detect",NA,NA,NA,NA,NA,NA,NA,NA,NA,NA,NA,NA,NA,NA,"LAK20_NY-10082",-78.3871,42.931948,"Target_NoOwnerAccess","(10,20]",NA,NA,NA,NA,NA,NA,NA,NA,NA,NA,NA,NA,NA,NA,NA,NA,"Target",55.7222222222222
"0104GRE5309_DH",2020-09-30,117,1.7,45.1,81.1,2,0,16,1,4.96,5.8,5.8,138,577,0.99,81,"Non-detect",0.0849,7.3,7.71,NA,NA,0.44,539,21.4,18.7777777777778,6,31,"yes","yes","yes","LAK20_NY-10018",-78.751852,42.757271,"Target_Sampled","(4,10]",1.0749,NA,"Mesotrophic",NA,"Poor","Fair","Good",NA,"Eutrophic","Highly susceptible","Hard","High","~Neutral",NA,"Medium","Moderately hard","Target",166
"0301CANXXX1_DH",2021-09-27,128,0.59,54.7,378,1.9,1,0,1.7,3.38,5.4,NA,221,209,0.37,21,"Non-detect",0.0028,NA,8.01,0.0064,0.0175,1,1520.5,32.3,18.27778,NA,17,NA,NA,NA,"LAK20_NY-10091",-77.695874,43.184517,"Target_Sampled","(4,10]",0.3728,"Mesotrophic","Mesotrophic","Fair","Good","Good",NA,"P-limited","Eutrophic","Highly susceptible","Hard","Weak",NA,"Blue","High","Hard","Target",166
"0302UWB0087_DH",NA,NA,NA,NA,NA,NA,NA,NA,NA,NA,NA,NA,NA,NA,NA,NA,"Non-detect",NA,NA,NA,NA,NA,NA,NA,NA,NA,NA,NA,NA,NA,NA,"LAK20_NY-10055",-76.704007,43.210331,"Target_NoOwnerAccess","(10,20]",NA,NA,NA,NA,NA,NA,NA,NA,NA,NA,NA,NA,NA,NA,NA,NA,"Target",55.7222222222222
"0403RUS0146_DH",2021-09-28,73.8,1.3,25.1,11.7,0,3.5,0.4,2.9,6.92,3.8,4.8,80.4,53.8,0.32,6.1,"Non-detect",0.266,7.6,8.03,0,0.0104,2.55,199.6,8.3,20.05556,NA,17,"no","yes","yes","LAK20_NY-10081",-78.198442,42.379787,"Target_Sampled",">50",0.586,"Mesotrophic","Mesotrophic","Good","Fair","Fair","Fair","P-limited","Mesotrophic","Highly susceptible","Average","Weak","Slightly alk","Blue","Low","Moderately hard","Target",15.1515151515152
"0404UWB5318_DH",NA,NA,NA,NA,NA,NA,NA,NA,NA,NA,NA,NA,NA,NA,NA,NA,"Non-detect",NA,NA,NA,NA,NA,NA,NA,NA,NA,NA,NA,NA,NA,NA,"LAK20_NY-10033",-77.630935,42.45316,"Target_NoOwnerAccess","(10,20]",NA,NA,NA,NA,NA,NA,NA,NA,NA,NA,NA,NA,NA,NA,NA,NA,"Target",55.7222222222222
"0502MILXXX1_DH",2020-07-22,103,1.1,29.5,31.2,3,19,2,5,35.5,8.1,NA,110,834,1.43,735,"Non-detect",0.0102,NA,7.5,0.0353,0.147,1.2,488,2.2,21.527,8.7,40,NA,NA,NA,"LAK20_NY-10017",-77.097083,42.375685,"Target_Sampled",">50",1.4402,"Eutrophic","Eutrophic","Poor","Poor","Poor",NA,"N-limited","Eutrophic","Highly susceptible","Hard","High",NA,"Murky","Low","Moderately hard","Target",15.1515151515152
"0601ARN0362_DH",2021-09-27,21.2,0.4,7.68,4,0.5,0.1,0.3,0.8,1.57,2,6.2,22.8,36.8,0.2,9.2,"Non-detect",0,7.3,7.96,0,0,6.5,62.6,3.4,19.11111,NA,NA,"yes","yes","yes","LAK20_NY-10116",-75.004596,42.61142,"Target_Sampled","(20,50]",0.2,"Oligotrophic","Oligotrophic","Good","Good","Good","Good","P-limited","Oligotrophic","Not susceptible","Soft",NA,"~Neutral",NA,"Low","Soft","Target",30.8
"0601UWB5514_DH",NA,NA,NA,NA,NA,NA,NA,NA,NA,NA,NA,NA,NA,NA,NA,NA,"Non-detect",NA,NA,NA,NA,NA,NA,NA,NA,NA,NA,NA,NA,NA,NA,"LAK20_NY-10015",-75.15594,42.49979,"Target_NoOwnerAccess","(1,4]",NA,NA,NA,NA,NA,NA,NA,NA,NA,NA,NA,NA,NA,NA,NA,NA,"Target",63.0344827586207
"0602LUD0099_DH",2020-07-21,12,0.51,5.4,7.2,8,0,1,1,NA,4.9,2.5,17.2,295,NA,26.9,"Non-detect",0.0033,6.4,7.38,0.0065,0.0093,2.3,60.6,2.3,25.814,4.9,30,"no","yes","no","LAK20_NY-10031",-75.70882,42.465573,"Target_Sampled","(20,50]",NA,"Oligotrophic",NA,"Good",NA,NA,"Poor",NA,"Mesotrophic","Not susceptible","Soft","Weak","Acidic","Brown","Low","Soft","Target",30.8
"0602STE0101_DH",2021-09-27,19.7,0.62,7.32,0,7.8,0,6.2,3.1,10.1,6.7,6,21.9,358,0.49,133,"Microcystin Detected",0.0022,7.6,7.88,0,0.0261,1,49.2,0,18.22222,NA,28,"yes","yes","yes","LAK20_NY-10079",-75.665989,42.525924,"Target_Sampled","(20,50]",0.4922,"Eutrophic","Eutrophic","Fair","Fair","Poor","Good","Co-limited","Eutrophic","Not susceptible","Soft","Weak","Slightly alk","Brown","Low","Soft","Target",30.8
"0602WHI5358_DH",2021-09-27,53.1,0.75,17.3,10.6,4.8,2,13.1,3.6,19.2,3.8,9.2,53.7,245,0.53,36.3,"Microcystin Detected",0.0702,8.1,8.28,0,0.0241,0.9,148.2,3.8,19,NA,12,"yes","yes","yes","LAK20_NY-10095",-75.974265,42.369615,"Target_Sampled",">50",0.6002,"Eutrophic","Eutrophic","Fair","Fair","Poor","Good","P-limited","Eutrophic","May be susceptible","Average","Weak","Slightly alk","Blue","Low","Soft","Target",15.1515151515152
"0602WOO0148_DH",NA,NA,NA,NA,NA,NA,NA,NA,NA,NA,NA,NA,NA,NA,NA,NA,"Non-detect",NA,NA,NA,NA,NA,NA,NA,NA,NA,NA,NA,NA,NA,NA,"LAK20_NY-10059",-75.568675,42.85276,"Target_NoOwnerAccess","(20,50]",NA,NA,NA,NA,NA,NA,NA,NA,NA,NA,NA,NA,NA,NA,NA,NA,"Target",30.8
"0603CAY0008_DH",2020-07-22,74.4,1.4,26.3,12.5,4,0,41,0,NA,4.3,5.6,84.9,63.6,NA,26.2,"Non-detect",0.0052,8.1,8.49,0.0056,0.0164,1.2,200.6,5.8,26.143,5.1,30,"yes","yes","yes","LAK20_NY-10065",-76.735404,42.367015,"Target_Sampled",">50",NA,"Mesotrophic",NA,"Fair",NA,NA,"Good",NA,"Eutrophic","Highly susceptible","Average","Weak","Slightly alk","Brown","Low","Moderately hard","Target",15.1515151515152
"0603SPE0013_DH",2020-07-22,133,0.45,44.5,16.8,52,0,0,2,0,1.9,6.9,157,94.4,NA,8.6,"Non-detect",0.205,7.8,8.07,0,0.0056,2.2,345,7.4,24.284,2,12,"yes","yes","yes","LAK20_NY-10001",-76.500256,42.247516,"Target_Sampled","(20,50]",NA,"Oligotrophic","Oligotrophic","Good",NA,"Good","Good",NA,"Mesotrophic","Highly susceptible","Hard","Weak","Slightly alk","Blue","Low","Hard","Target",30.8
"0701CRO0185_DH",2021-09-14,125,0.85,48.8,81.7,14.7,0.2,6.4,5.1,20.4,5,5.3,173,45.6,NA,15.7,"Microcystin Detected",0.217,7.8,8.33,0.0051,NA,1.5,581.1,44.7,21.44444,NA,20,"yes","yes","yes","LAK20_NY-10087",-76.479416,43.124075,"Target_Sampled",">50",NA,NA,"Eutrophic",NA,NA,"Poor","Good",NA,"Eutrophic","Highly susceptible","Hard","Weak","Slightly alk",NA,"Medium","Hard","Target",15.1515151515152
"0703SIS0112B_DH",NA,NA,NA,NA,NA,NA,NA,NA,NA,NA,NA,NA,NA,NA,NA,NA,"Non-detect",NA,NA,NA,NA,NA,NA,NA,NA,NA,NA,NA,NA,NA,NA,"LAK20_NY-10036",-75.927243,43.482702,"Target_NoOwnerAccess","(1,4]",NA,NA,NA,NA,NA,NA,NA,NA,NA,NA,NA,NA,NA,NA,NA,NA,"Target",63.0344827586207
"0703UWBXXX1_DH",2020-07-07,26.4,3.1,9.13,5.4,4,0,7,5,NA,25.8,NA,36.5,701,2.91,237,"Non-detect",0.0051,NA,9.24,0.0459,0.112,0,NA,0,NA,26.5,225,NA,NA,NA,"LAK20_NY-10011",-76.051602,43.320542,"Target_Sampled","(1,4]",2.9151,"Eutrophic",NA,"Poor","Poor",NA,NA,"P-limited","Eutrophic","Not susceptible",NA,"High",NA,"Murky","Low","Soft","Target",63.0344827586207
"0704CAN0286_CSL1",2020-09-20,NA,NA,NA,55.2,0,0.702,1.204,1.496,2.152,NA,NA,NA,NA,NA,NA,"Non-detect",0.0571,NA,NA,0.00212,0.0056,6.15,NA,NA,NA,NA,5,NA,NA,NA,"LAK20_NY-10027",-77.305004,42.778105,"Target_Sampled",">50",NA,"Oligotrophic","Mesotrophic","Good",NA,"Good",NA,NA,"Oligotrophic",NA,NA,"Uncolored",NA,"Blue","Medium",NA,"Target",15.1515151515152
"0706UWB5587_DH",NA,NA,NA,NA,NA,NA,NA,NA,NA,NA,NA,NA,NA,NA,NA,NA,"Non-detect",NA,NA,NA,NA,NA,NA,NA,NA,NA,NA,NA,NA,NA,NA,"LAK20_NY-10039",-76.332867,42.586735,"Target_NoOwnerAccess","(1,4]",NA,NA,NA,NA,NA,NA,NA,NA,NA,NA,NA,NA,NA,NA,NA,NA,"Target",63.0344827586207
"0801DAR0750_DH",2021-06-29,0,0,1.61,0,0.5,0,0.2,0,1.16,4.9,8.2,0,128,0.2,29.4,"Non-detect",0.0896,7.5,7.41,0,0,4,15.7,2.1,22.88889,5,30,"yes","yes","yes","LAK20_NY-10098",-74.862678,43.796039,"Target_Sampled",">50",0.2896,"Oligotrophic","Oligotrophic","Good","Good","Good","Good","P-limited","Mesotrophic","Not susceptible","Soft","Weak","~Neutral","Brown","Low","Soft","Target",15.1515151515152
"0801GUL0969_DH",2020-07-08,0,0.4,1.03,0,6,0,0,0,NA,NA,7.4,0,258,NA,4.1,"Non-detect",0.0037,6.8,6.59,0,0.0083,0,11.1,0,26.1666666666667,4.8,35,"yes","yes","yes","LAK20_NY-10063",-75.05823,43.553056,"Target_Sampled",">50",NA,"Oligotrophic",NA,"Good",NA,NA,"Good",NA,"Eutrophic","Not susceptible","Soft","High","~Neutral","Brown","Low","Soft","Target",15.1515151515152
"0801KAY0984A_DH",2020-07-08,24.8,0,10.7,0,2,0,0,1,NA,3.4,5.7,31,525,NA,24.6,"Non-detect",0.0488,7.6,7.25,0,0.0089,2,70.1,2.8,26.6666666666667,4,40,"yes","yes","yes","LAK20_NY-10020",-75.186734,43.407006,"Target_Sampled",">50",NA,"Oligotrophic",NA,"Good",NA,NA,"Good",NA,"Eutrophic","May be susceptible","Soft","High","Slightly alk","Brown","Low","Soft","Target",15.1515151515152
"0801MEI0420_DH",2021-06-30,0,0.35,0.914,0,3.5,0,0.1,0.7,2.53,7.7,7.2,0,57.5,0.41,40.3,"Non-detect",0,5.8,6.83,0,0.008,3.4,10.2,2.3,24.933,7.8,20,"yes","yes","no","LAK20_NY-10102",-75.247391,43.956708,"Target_Sampled","(1,4]",0.41,"Oligotrophic","Mesotrophic","Good","Good","Good","Good","P-limited","Mesotrophic","Not susceptible","Soft","Weak","Acidic","Blue","Low","Soft","Target",63.0344827586207
"0801OTT0926_DH",2020-07-08,19.6,0.57,8.04,34.1,3,0,0,1,NA,4.5,7.1,24,222,NA,31.5,"Non-detect",0.0051,7.7,7.03,0.0061,0.0111,1.7,162.5,4.2,25.7222222222222,4.6,30,"yes","yes","yes","LAK20_NY-10068",-75.11785,43.591915,"Target_Sampled",">50",NA,"Mesotrophic",NA,"Good",NA,NA,"Good",NA,"Eutrophic","Not susceptible","Average","Weak","Slightly alk","Brown","Low","Soft","Target",15.1515151515152
"0801SAN0436_DH",2021-06-30,0,0,0.94,0,1.1,0,0.5,1.1,14.8,3.9,7.5,0,215,0.55,13.1,"Non-detect",0,5.3,7.07,0.0057,0.0113,2,10.8,0,21.3,4,35,"yes","yes","no","LAK20_NY-10086",-75.159694,43.948515,"Target_Sampled","(20,50]",0.55,"Mesotrophic","Eutrophic","Good","Fair","Poor","Good","P-limited","Eutrophic","Not susceptible","Soft","High","Acidic","Brown","Low","Soft","Target",30.8
"0801UWB0945_DH",NA,NA,NA,NA,NA,NA,NA,NA,NA,NA,NA,NA,NA,NA,NA,NA,"Non-detect",NA,NA,NA,NA,NA,NA,NA,NA,NA,NA,NA,NA,NA,NA,"LAK20_NY-10004",-75.12247,43.438308,"Target_NoOwnerAccess","(1,4]",NA,NA,NA,NA,NA,NA,NA,NA,NA,NA,NA,NA,NA,NA,NA,NA,"Target",63.0344827586207
"0902DEE0073_DH",2021-08-10,NA,NA,NA,NA,NA,NA,NA,NA,NA,NA,7,NA,NA,NA,NA,"Non-detect",NA,7.7,NA,NA,NA,1.3,116.8,NA,23.55556,NA,NA,"yes","yes","yes","LAK20_NY-10106",-74.306059,44.653291,"Target_Sampled",">50",NA,NA,NA,NA,NA,NA,"Good",NA,"Eutrophic",NA,"Soft",NA,"Slightly alk",NA,NA,NA,"Target",15.1515151515152
"0902SPI0264_DH",2021-06-29,9,0,3.42,8.7,1.6,0,0.5,0.3,2.03,3.1,7.7,12.1,68.1,0.13,11,"Non-detect",0,7.2,7.75,0,0.0056,4.5,54.8,2.8,23.05556,3,20,"yes","yes","yes","LAK20_NY-10115",-74.272961,44.416321,"Target_Sampled",">50",0.13,"Oligotrophic","Mesotrophic","Good","Good","Good","Good","P-limited","Mesotrophic","Not susceptible","Soft","Weak","~Neutral","Blue","Low","Soft","Target",15.1515151515152
"0902WHI0158_DH",2021-06-29,0,0.41,0.692,0,4.9,0,1,0.8,6.3,7.9,7.8,0,42.7,0.6,13.1,"Non-detect",0,6,6.94,0,0.0177,1.8,7,0,22.66667,8.8,28,"yes","yes","no","LAK20_NY-10099",-74.301386,44.376945,"Target_Sampled","(1,4]",0.6,"Mesotrophic","Mesotrophic","Fair","Fair","Fair","Good","P-limited","Eutrophic","Not susceptible","Soft","Weak","Acidic","Brown","Low","Soft","Target",63.0344827586207
"0903BLA0029A_DH",2020-05-19,4,0,2.31,3.5,NA,NA,NA,NA,2.13,5.6,12.3,7.8,195,0.26,9.2,"Non-detect",0.127,6.7,6.55,0.0052,0.0075,4.8,30.2,0,11.868,5.9,45,"yes","yes","yes","LAK20_NY-10074",-74.756071,44.481512,"Target_Sampled",">50",0.387,"Oligotrophic","Mesotrophic","Good","Good","Good","Good","P-limited","Mesotrophic","Not susceptible","Soft","High","~Neutral","Brown","Low","Soft","Target",15.1515151515152
"0903BRI0178_DH",2020-09-01,6.8,0,2.78,0,6,0,2,4,9.02,NA,5.1,10.3,260,0.35,28.3,"Non-detect",0.0029,6.6,7.35,0,0.0111,2.7,26.8,3.7,19.381,6.2,34,"yes","yes","yes","LAK20_NY-10007",-74.583593,44.16336,"Target_Sampled",">50",0.3529,"Mesotrophic","Eutrophic","Good","Good","Poor","Good","P-limited","Mesotrophic","Not susceptible","Soft","High","~Neutral","Brown","Low","Soft","Target",15.1515151515152
"0903LMO0130_DH",NA,NA,NA,NA,NA,NA,NA,NA,NA,NA,NA,NA,NA,NA,NA,NA,"Non-detect",NA,NA,NA,NA,NA,NA,NA,NA,NA,NA,NA,NA,NA,NA,"LAK20_NY-10030",-74.598129,43.997511,"Target_NoOwnerAccess","(1,4]",NA,NA,NA,NA,NA,NA,NA,NA,NA,NA,NA,NA,NA,NA,NA,NA,"Target",63.0344827586207
"0903OTT0049_DH",NA,NA,NA,NA,NA,NA,NA,NA,NA,NA,NA,NA,NA,NA,NA,NA,"Non-detect",NA,NA,NA,NA,NA,NA,NA,NA,NA,NA,NA,NA,NA,NA,"LAK20_NY-10010",-74.594789,44.368033,"Target_NoOwnerAccess","(4,10]",NA,NA,NA,NA,NA,NA,NA,NA,NA,NA,NA,NA,NA,NA,NA,NA,"Target",166
"0903SHA0324_DH",2021-09-22,4.2,0,2.32,0,7.9,0.9,0,5.5,6.99,11.3,5.1,7.5,677,NA,83.8,"Microcystin Detected",0.0064,6.4,6.51,0,0.0136,1,17.7,0,18.66667,11,90,"yes","yes","no","LAK20_NY-10114",-74.736047,43.818358,"Target_Sampled",">50",NA,"Mesotrophic","Mesotrophic","Good",NA,"Fair","Good",NA,"Eutrophic","Not susceptible","Soft","High","Acidic","Brown","Low","Soft","Target",15.1515151515152
"0903SOU0017A_DH",2020-09-01,6.8,0,3.1,5.2,1,0,0,1,0.55,NA,8.7,10.5,210,0.31,17.8,"Non-detect",0.0713,6.9,6.99,0,0,3.4,40.3,3.4,20.888,4.8,22,"yes","yes","yes","LAK20_NY-10054",-74.866941,44.525388,"Target_Sampled",">50",0.3813,"Oligotrophic","Oligotrophic","Good","Good","Good","Good","P-limited","Mesotrophic","Not susceptible","Soft","Weak","~Neutral","Brown","Low","Soft","Target",15.1515151515152
"0903UPR0239_DH",2021-07-19,0,0,1.34,0,0.4,0,0.2,0,0.445,3.6,9.2,0,50.2,0.2,4.5,"Non-detect",0.147,5.4,6.36,0,0.0052,6,12.4,0,20.44444,3.3,18,"yes","yes","no","LAK20_NY-10035",-74.088783,44.126063,"Target_Sampled","(20,50]",0.347,"Oligotrophic","Oligotrophic","Good","Good","Good","Good","P-limited","Oligotrophic","Not susceptible","Soft","Weak","Acidic","Blue","Low","Soft","Target",30.8
"0903UWBXXX1_DH",NA,NA,NA,NA,NA,NA,NA,NA,NA,NA,NA,NA,NA,NA,NA,NA,"Non-detect",NA,NA,NA,NA,NA,NA,NA,NA,NA,NA,NA,NA,NA,NA,"LAK20_NY-10006",-74.708932,44.031818,"Target_NoOwnerAccess","(1,4]",NA,NA,NA,NA,NA,NA,NA,NA,NA,NA,NA,NA,NA,NA,NA,NA,"Target",63.0344827586207
"0903WIL0054_DH",NA,NA,NA,NA,NA,NA,NA,NA,NA,NA,NA,NA,NA,NA,NA,NA,"Non-detect",NA,NA,NA,NA,NA,NA,NA,NA,NA,NA,NA,NA,NA,NA,"LAK20_NY-10051",-74.497901,44.351711,"Target_NoOwnerAccess","(20,50]",NA,NA,NA,NA,NA,NA,NA,NA,NA,NA,NA,NA,NA,NA,NA,NA,"Target",30.8
"0905CRY0289_DH",2020-08-31,0,0.83,0.414,0,0,0,0,0,5.42,8.4,8.4,0,61.6,0.29,14.6,"Non-detect",0,5,7.99,0,0.0077,3.5,7,0,20.88889,8.8,11,"yes","yes","no","LAK20_NY-10034",-75.068359,44.101869,"Target_Sampled","(4,10]",0.29,"Oligotrophic","Mesotrophic","Good","Good","Fair","Good","P-limited","Mesotrophic","Not susceptible","Soft","Weak","Acidic","Blue","Low","Soft","Target",166
"0905JON0123_DH",NA,NA,NA,NA,NA,NA,NA,NA,NA,NA,NA,NA,NA,NA,NA,NA,"Non-detect",NA,NA,NA,NA,NA,NA,NA,NA,NA,NA,NA,NA,NA,NA,"LAK20_NY-10026",-75.22636,44.256764,"Target_NoOwnerAccess","(10,20]",NA,NA,NA,NA,NA,NA,NA,NA,NA,NA,NA,NA,NA,NA,NA,NA,"Target",55.7222222222222
"0905WAL0214_DH",NA,NA,NA,NA,NA,NA,NA,NA,NA,NA,NA,NA,NA,NA,NA,NA,"Non-detect",NA,NA,NA,NA,NA,NA,NA,NA,NA,NA,NA,NA,NA,NA,"LAK20_NY-10022",-74.943767,43.970473,"Target_PhysicalAccess","(10,20]",NA,NA,NA,NA,NA,NA,NA,NA,NA,NA,NA,NA,NA,NA,NA,NA,"Target",55.7222222222222
"1003DAI5107_DH",NA,NA,NA,NA,NA,NA,NA,NA,NA,NA,NA,NA,NA,NA,NA,NA,"Non-detect",NA,NA,NA,NA,NA,NA,NA,NA,NA,NA,NA,NA,NA,NA,"LAK20_NY-10058",-74.04218,44.529342,"Target_NoOwnerAccess","(4,10]",NA,NA,NA,NA,NA,NA,NA,NA,NA,NA,NA,NA,NA,NA,NA,NA,"Target",166
"1004FER0222_DH",2020-09-02,12.8,0.33,5.32,5.7,4,0,1,5,6.86,NA,8.7,18.6,112,NA,33.1,"Non-detect",0,7.6,6.89,0,0.0068,2.2,52.7,3.5,19.39,4.3,14,"yes","yes","yes","LAK20_NY-10042",-73.718471,44.488702,"Target_Sampled",">50",NA,"Oligotrophic","Mesotrophic","Good",NA,"Fair","Good",NA,"Mesotrophic","Not susceptible","Soft","Weak","Slightly alk","Blue","Low","Soft","Target",15.1515151515152
"1004NIC0314_DH",2021-06-30,11.1,0,3.69,0,7.2,0,0.6,1.5,5.74,4.8,5,12.3,39.6,0.29,9.7,"Non-detect",0,7,6.97,0,0.0065,2.6,27.4,0,23.33333,5.7,20,"yes","yes","yes","LAK20_NY-10083",-73.516609,44.15756,"Target_Sampled","(20,50]",0.29,"Oligotrophic","Mesotrophic","Good","Good","Fair","Fair","P-limited","Mesotrophic","Not susceptible","Soft","Weak","~Neutral","Blue","Low","Soft","Target",30.8
"1005SUN0440_DH",2020-09-02,50.4,0.97,18.6,90.8,5,1,0,2,3.7,4.4,7.3,66.5,35.4,NA,7.4,"Non-detect",0,8.1,6.52,0,0.0112,4.7,390.9,4.1,23.373,4.6,NA,"yes","yes","yes","LAK20_NY-10016",-73.639666,43.375425,"Target_Sampled","(10,20]",NA,"Mesotrophic","Mesotrophic","Good",NA,"Good","Good",NA,"Mesotrophic","May be susceptible","Hard",NA,"Slightly alk",NA,"Medium","Soft","Target",55.7222222222222
"1006UWBXXX1_DH",2020-09-02,35.2,0,12.6,22.8,2,0,0,2,4.65,8.9,NA,40.1,396,NA,85.5,"Non-detect",0.003,NA,6.73,0.0059,0.0151,1.2,149,0,17.88889,9,43,NA,NA,NA,"LAK20_NY-10060",-73.568148,43.664256,"Target_Sampled","(4,10]",NA,"Mesotrophic","Mesotrophic","Good",NA,"Fair",NA,NA,"Eutrophic","May be susceptible","Average","High",NA,"Brown","Low","Soft","Target",166
"1104ALG0276A_DH",2020-07-09,17.2,0,6.43,9.9,4,0,0,4,7.11,4.9,7.2,21,352,0.33,35.3,"Non-detect",0.0123,7.7,6.84,0.0067,0.0107,2.3,75,2.2,26,4.9,35,"yes","yes","yes","LAK20_NY-10012",-74.293145,43.396201,"Target_Sampled",">50",0.3423,"Mesotrophic","Mesotrophic","Good","Good","Fair","Good","P-limited","Mesotrophic","Not susceptible","Soft","High","Slightly alk","Brown","Low","Soft","Target",15.1515151515152
"1104BRA0347_DH",2021-09-20,NA,NA,NA,NA,0.5,0.1,0.6,0.3,NA,NA,4.4,NA,NA,NA,NA,"Non-detect",NA,8,NA,NA,NA,4.54,84.6,NA,21.72222,NA,NA,"yes","yes","yes","LAK20_NY-10062",-73.702685,43.716244,"Target_Sampled",">50",NA,NA,NA,NA,NA,NA,"Fair",NA,"Mesotrophic",NA,"Soft",NA,"Slightly alk",NA,NA,NA,"Target",15.1515151515152
"1104DUR0641A_DH",2020-09-01,3.6,0,2.5,14.3,2,0,0,0,3.09,NA,8.3,8.9,140,0.53,4.3,"Non-detect",0,6.7,7.18,0,0.0076,0,63.3,0,17.55556,6.8,26,"yes","yes","yes","LAK20_NY-10014",-74.410379,43.842867,"Target_Sampled",">50",0.53,"Oligotrophic","Mesotrophic","Good","Fair","Good","Good","P-limited","Eutrophic","Not susceptible","Soft","Weak","~Neutral","Brown","Low","Soft","Target",15.1515151515152
"1104FOU0325_DH",2020-07-09,22.8,0,9.04,15.2,7,0,0,6,4.55,NA,5.9,31.2,362,0.35,24.4,"Non-detect",0.0364,7.4,7.15,0.0053,0.0162,2.2,104.5,3.7,23,3.5,34,"yes","yes","yes","LAK20_NY-10056",-73.824642,43.357672,"Target_Sampled","(20,50]",0.3864,"Mesotrophic","Mesotrophic","Fair","Good","Fair","Good","P-limited","Mesotrophic","Not susceptible","Soft","High","~Neutral","Brown","Low","Soft","Target",30.8
"1104GRE0127_DH",2020-08-31,17.2,0,4.89,7,5,0,1,2,4.56,NA,6.7,16.6,56.2,0.14,28.1,"Non-detect",0,7,6.75,0,0,4.5,59.1,2.6,22.904,2.8,NA,"yes","yes","yes","LAK20_NY-10044",-74.169999,43.149546,"Target_Sampled",">50",0.14,"Oligotrophic","Mesotrophic","Good","Good","Fair","Good","P-limited","Mesotrophic","Not susceptible","Soft",NA,"~Neutral",NA,"Low","Soft","Target",15.1515151515152
"1104HAR0680_DH",2020-09-01,8,0.33,4.48,7.9,2,0,1,1,3.5,5.5,5.3,14.7,197,0.37,31.6,"Non-detect",0,6.7,6.89,0,0.0079,3.5,51.8,3.2,19.83333,5.5,29,"yes","yes","yes","LAK20_NY-10046",-74.141731,43.974198,"Target_Sampled",">50",0.37,"Oligotrophic","Mesotrophic","Good","Good","Good","Good","P-limited","Mesotrophic","Not susceptible","Soft","Weak","~Neutral","Brown","Low","Soft","Target",15.1515151515152
"1104PAR0432_DH",2021-09-21,23.3,0,8.28,6.5,1.5,0,0.6,2.4,4.16,5.3,5.2,25.2,84.4,0.46,6.3,"Non-detect",0,8,7.5,0,0.0083,2.8,73.4,2.6,20.44444,5.4,27,"yes","yes","yes","LAK20_NY-10067",-73.693169,43.885987,"Target_Sampled",">50",0.46,"Oligotrophic","Mesotrophic","Good","Fair","Good","Good","P-limited","Mesotrophic","Not susceptible","Soft","Weak","Slightly alk","Brown","Low","Soft","Target",15.1515151515152
"1201ECA0703A_DH",2021-06-29,40.9,0,13.6,7.4,0.7,1.4,0.5,1.7,2.03,6,6.8,44.8,170,0.31,13.3,"Non-detect",0.0357,7.6,8,0.0053,0.0096,2.2,109.3,2.9,22.673,5.7,45,"yes","yes","yes","LAK20_NY-10104",-74.746368,43.033023,"Target_Sampled",">50",0.3457,"Oligotrophic","Mesotrophic","Good","Good","Good","Good","P-limited","Mesotrophic","May be susceptible","Soft","High","Slightly alk","Brown","Low","Soft","Target",15.1515151515152
"1201KLO0708_DH",2021-07-20,0,0.34,0.642,0,3.5,0,0.2,2,3.08,3.7,5.8,0,327,0.25,26.7,"Non-detect",0,6,6.05,0,0.0071,2.2,8.4,0,21.77778,4,19,"yes","yes","no","LAK20_NY-10088",-74.783455,43.233788,"Target_Sampled","(20,50]",0.25,"Oligotrophic","Mesotrophic","Good","Good","Good","Good","P-limited","Mesotrophic","Not susceptible","Soft","Weak","Acidic","Blue","Low","Soft","Target",30.8
"1201SPE0760_DH",2020-08-11,0,0,0.71,0,2,0,0,0,0.684,3.7,6.4,0,76.7,0.21,12.8,"Non-detect",0,8.2,5.22,0,0.0051,5.7,7.8,2.2,24.72222,3.7,10,"yes","yes","yes","LAK20_NY-10040",-74.579702,43.239702,"Target_Sampled",">50",0.21,"Oligotrophic","Oligotrophic","Good","Good","Good","Good","P-limited","Oligotrophic","Not susceptible","Soft","Uncolored","Slightly alk","Blue","Low","Soft","Target",15.1515151515152
"1202ENG0589_DH",2020-07-21,66,1.5,24,7.3,3,0,11,3,9.45,NA,5.5,69.5,359,NA,254,"Non-detect",0.0051,7.8,7.37,0.0089,0.0383,1.2,169.5,3,25.177,4,28,"yes","yes","yes","LAK20_NY-10052",-74.652272,42.756978,"Target_Sampled","(10,20]",NA,"Eutrophic","Eutrophic","Poor",NA,"Poor","Good",NA,"Eutrophic","Highly susceptible","Average","Weak","Slightly alk","Murky","Low","Moderately hard","Target",55.7222222222222
"1202ONT0655C_DH",NA,NA,NA,NA,NA,NA,NA,NA,NA,NA,NA,NA,NA,NA,NA,NA,"Non-detect",NA,NA,NA,NA,NA,NA,NA,NA,NA,NA,NA,NA,NA,NA,"LAK20_NY-10100",-74.150837,42.216566,"Target_NoOwnerAccess","(4,10]",NA,NA,NA,NA,NA,NA,NA,NA,NA,NA,NA,NA,NA,NA,NA,NA,"Target",166
"1203DEE0911_DH",2021-06-30,0,0,0.834,0,1,0,1.4,0.5,2.53,6.3,7.6,0,124,0.42,16.2,"Non-detect",0,7.5,7.21,0,0.0067,2.3,10.5,0,23.94444,6.4,35,"yes","yes","yes","LAK20_NY-10076",-74.761941,43.554658,"Target_Sampled","(10,20]",0.42,"Oligotrophic","Mesotrophic","Good","Good","Good","Good","P-limited","Mesotrophic","Not susceptible","Soft","High","~Neutral","Brown","Low","Soft","Target",55.7222222222222
"1203GLA0859_DH",2020-07-28,0,0,1.03,0,1,0,1,0,0.783,2.9,8.1,0,68.8,0.29,16,"Non-detect",0,6.9,7.38,0,0,5.2,13.1,0,25.44444,3.1,13,"yes","yes","yes","LAK20_NY-10092",-74.632051,43.413875,"Target_Sampled","(20,50]",0.29,"Oligotrophic","Oligotrophic","Good","Good","Good","Good","P-limited","Oligotrophic","Not susceptible","Soft","Weak","~Neutral","Blue","Low","Soft","Target",30.8
"1203MET0821_DH",2020-07-07,0,0,0.755,0,16,0,1,0,NA,NA,8.3,0,166,NA,13.8,"Non-detect",0.0055,6.5,6.41,0,0.0086,2.55,8.6,0,21.94444,5.6,42,"yes","yes","yes","LAK20_NY-10024",-74.719839,43.299499,"Target_Sampled","(4,10]",NA,"Oligotrophic",NA,"Good",NA,NA,"Good",NA,"Mesotrophic","Not susceptible","Soft","High","Acidic","Brown","Low","Soft","Target",166
"1203T L0862_DH",NA,NA,NA,NA,NA,NA,NA,NA,NA,NA,NA,NA,NA,NA,NA,NA,"Non-detect",NA,NA,NA,NA,NA,NA,NA,NA,NA,NA,NA,NA,NA,NA,"LAK20_NY-10028",-74.582061,43.45535,"Target_PhysicalAccess","(10,20]",NA,NA,NA,NA,NA,NA,NA,NA,NA,NA,NA,NA,NA,NA,NA,NA,"Target",55.7222222222222
"1203UWB0798E_DH",2021-06-29,63.2,0.34,18,0,1,0,0.5,0,2,3.9,NA,63.3,62,0.18,6.3,"Non-detect",0.0118,NA,8.32,0.0096,0.0127,2.3,121.7,0,25,3.6,25,NA,NA,NA,"LAK20_NY-10084",-75.150015,43.266852,"Target_Sampled","(4,10]",0.1918,"Mesotrophic","Oligotrophic","Good","Good","Good",NA,"Co-limited","Mesotrophic","May be susceptible","Soft","Weak",NA,"Brown","Low","Moderately hard","Target",166
"1301CAN0168A_DH",2021-09-29,19.7,0,6.82,36.2,1.6,0,0.6,2.1,4.12,4.7,7.4,24.2,256,0.38,58.9,"Non-detect",0.0071,8,7.96,0,0.0088,3.2,162.5,3.9,19.94444,NA,22,"yes","yes","yes","LAK20_NY-10109",-73.834406,41.457672,"Target_Sampled","(20,50]",0.3871,"Oligotrophic","Mesotrophic","Good","Good","Good","Good","P-limited","Mesotrophic","Not susceptible","Average","Weak","Slightly alk","Brown","Medium","Soft","Target",30.8
"1301CRO1033_DH",2021-07-27,NA,NA,NA,NA,5.2,0.1,0.7,0.7,NA,NA,5,NA,NA,NA,NA,"Non-detect",NA,7.9,NA,NA,NA,3.3,205.1,NA,27.044,NA,NA,"yes","yes","yes","LAK20_NY-10025",-73.96204,40.785962,"Target_Sampled","(20,50]",NA,NA,NA,NA,NA,NA,"Fair",NA,"Mesotrophic",NA,"Average",NA,"Slightly alk",NA,NA,NA,"Target",30.8
"1301PET0161G_DH",NA,NA,NA,NA,NA,NA,NA,NA,NA,NA,NA,NA,NA,NA,NA,NA,"Non-detect",NA,NA,NA,NA,NA,NA,NA,NA,NA,NA,NA,NA,NA,NA,"LAK20_NY-10066",-73.918371,41.259308,"Target_NoOwnerAccess","(1,4]",NA,NA,NA,NA,NA,NA,NA,NA,NA,NA,NA,NA,NA,NA,NA,NA,"Target",63.0344827586207
"1301WIC0183A_DH",2020-08-25,6,0,3.61,16.8,2,0,1,0,1.12,NA,6.7,12.6,103,0.4,8.2,"Non-detect",0,7.2,7.1,0,0.0072,3.6,86.6,5,26.069,4.1,19,"yes","yes","yes","LAK20_NY-10045",-73.820974,41.424486,"Target_Sampled","(20,50]",0.4,"Oligotrophic","Oligotrophic","Good","Good","Good","Good","P-limited","Mesotrophic","Not susceptible","Soft","Weak","~Neutral","Blue","Low","Soft","Target",30.8
"1302CAR0062A_DH",2021-09-29,NA,NA,NA,NA,4.3,3.5,4.9,4.6,NA,NA,7.1,NA,NA,NA,NA,"Microcystin Detected",NA,7.6,NA,NA,NA,0.8,358.7,NA,19.44444,NA,NA,"yes","yes","yes","LAK20_NY-10093",-73.66499,41.458597,"Target_Sampled",">50",NA,NA,NA,NA,NA,NA,"Good",NA,"Eutrophic",NA,"Hard",NA,"Slightly alk",NA,NA,NA,"Target",15.1515151515152
"1302HEM0103H_DH",2020-08-04,8.8,0,3.32,0,18,1,1,1,2.63,4.2,NA,12.6,437,0.44,24.9,"Non-detect",0.0035,NA,7.14,0.0054,0.0175,0.5,34.9,3.9,27.468,4.6,45,NA,NA,NA,"LAK20_NY-10029",-73.560958,41.310093,"Target_Sampled","(1,4]",0.4435,"Mesotrophic","Mesotrophic","Fair","Fair","Good",NA,"P-limited","Eutrophic","Not susceptible","Soft","High",NA,"Brown","Low","Soft","Target",63.0344827586207
"1303ORA0239D_DH",2020-08-05,76.4,1.4,30.5,221,9,1,5,5,7.77,3.6,2.3,107,557,0.52,954,"Non-detect",0.0024,7.3,7.73,0.0062,0.0469,NA,830.2,8.8,26.286,3.9,55,"no","yes","yes","LAK20_NY-10061",-74.194213,41.346558,"Target_Sampled","(20,50]",0.5224,"Eutrophic","Mesotrophic","Poor","Fair","Fair","Poor","Co-limited",NA,"Highly susceptible","Hard","High","~Neutral","Murky","Medium","Moderately hard","Target",30.8
"1305SIL0378_DH",2020-08-03,74.4,0.52,27.5,21.3,7,0,1,1,2.32,NA,4,88.7,36.8,0.37,97.3,"Non-detect",0,7.4,7.95,0,0.017,2.2,238.6,5.6,28.133,4.4,28,"no","yes","yes","LAK20_NY-10057",-73.803211,41.915654,"Target_Sampled","(20,50]",0.37,"Mesotrophic","Mesotrophic","Fair","Good","Good","Fair","P-limited","Mesotrophic","Highly susceptible","Average","Weak","~Neutral","Brown","Low","Moderately hard","Target",30.8
"1306LYO0789A_DH",NA,NA,NA,NA,NA,NA,NA,NA,NA,NA,NA,NA,NA,NA,NA,NA,"Non-detect",NA,NA,NA,NA,NA,NA,NA,NA,NA,NA,NA,NA,NA,NA,"LAK20_NY-10005",-74.360552,41.780463,"Target_NoOwnerAccess","(10,20]",NA,NA,NA,NA,NA,NA,NA,NA,NA,NA,NA,NA,NA,NA,NA,NA,"Target",55.7222222222222
"1310BLA0N80B_DH",2020-08-03,2.4,0.37,2.69,13.2,4,0,0,2,2.5,NA,4.4,8.7,268,0.32,37.9,"Non-detect",0,5.9,6.87,0,0.0104,1.7,63.3,3.1,23.235,6.5,60,"no","yes","no","LAK20_NY-10032",-73.409629,42.617744,"Target_Sampled","(10,20]",0.32,"Mesotrophic","Mesotrophic","Good","Good","Good","Fair","P-limited","Eutrophic","Not susceptible","Soft","High","Acidic","Brown","Low","Soft","Target",55.7222222222222
"1310UWB6691_DH",NA,NA,NA,NA,NA,NA,NA,NA,NA,NA,NA,NA,NA,NA,NA,NA,"Non-detect",NA,NA,NA,NA,NA,NA,NA,NA,NA,NA,NA,NA,NA,NA,"LAK20_NY-10048",-73.741871,42.33488,"Target_NoOwnerAccess","(1,4]",NA,NA,NA,NA,NA,NA,NA,NA,NA,NA,NA,NA,NA,NA,NA,NA,"Target",63.0344827586207
"1311DUA0290_DH",NA,NA,NA,NA,NA,NA,NA,NA,NA,NA,NA,NA,NA,NA,NA,NA,"Non-detect",NA,NA,NA,NA,NA,NA,NA,NA,NA,NA,NA,NA,NA,NA,"LAK20_NY-10008",-74.184537,42.797495,"Target_NoOwnerAccess","(10,20]",NA,NA,NA,NA,NA,NA,NA,NA,NA,NA,NA,NA,NA,NA,NA,NA,"Target",55.7222222222222
"1401BLA0103_DH",NA,NA,NA,NA,NA,NA,NA,NA,NA,NA,NA,NA,NA,NA,NA,NA,"Non-detect",NA,NA,NA,NA,NA,NA,NA,NA,NA,NA,NA,NA,NA,NA,"LAK20_NY-10085",-74.860429,41.657246,"Target_NoOwnerAccess",">50",NA,NA,NA,NA,NA,NA,NA,NA,NA,NA,NA,NA,NA,NA,NA,NA,"Target",15.1515151515152
"1401RIO0079A_DH",2021-09-27,12.1,0.48,4.98,18.2,6.9,0,11.4,4.1,27.7,7.6,5.4,16.2,170,0.52,59.8,"Microcystin Detected",0.0558,7.1,7.71,0,0.021,1.8,94.3,3,19.55556,NA,43,"yes","yes","yes","LAK20_NY-10097",-74.759059,41.499388,"Target_Sampled",">50",0.5758,"Eutrophic","Eutrophic","Fair","Fair","Poor","Good","P-limited","Eutrophic","Not susceptible","Soft","High","~Neutral","Brown","Low","Soft","Target",15.1515151515152
"1401SWA0211_DH",2020-08-04,8,0.42,3.43,7.2,2,0,2,2,9.42,NA,6.2,12.8,574,0.62,125,"Non-detect",0.0033,6.8,7.1,0.016,0.0421,0.7,51.7,2.7,24.873,6.3,100,"yes","yes","yes","LAK20_NY-10021",-74.983015,41.593453,"Target_Sampled","(20,50]",0.6233,"Eutrophic","Eutrophic","Poor","Fair","Poor","Good","Co-limited","Eutrophic","Not susceptible","Soft","High","~Neutral","Murky","Low","Soft","Target",30.8
"1401UWB5188_DH",NA,NA,NA,NA,NA,NA,NA,NA,NA,NA,NA,NA,NA,NA,NA,NA,"Non-detect",NA,NA,NA,NA,NA,NA,NA,NA,NA,NA,NA,NA,NA,NA,"LAK20_NY-10049",-74.769898,41.57332,"Target_NoOwnerAccess","(1,4]",NA,NA,NA,NA,NA,NA,NA,NA,NA,NA,NA,NA,NA,NA,NA,NA,"Target",63.0344827586207
"1403UWB0294A_DH",NA,NA,NA,NA,NA,NA,NA,NA,NA,NA,NA,NA,NA,NA,NA,NA,"Non-detect",NA,NA,NA,NA,NA,NA,NA,NA,NA,NA,NA,NA,NA,NA,"LAK20_NY-10037",-74.879489,41.949667,"NonTarget","(1,4]",NA,NA,NA,NA,NA,NA,NA,NA,NA,NA,NA,NA,NA,NA,NA,NA,"NonTarget",63.0344827586207
"1404RUS0410_DH",2021-09-28,10.6,0.42,3.63,0,1.1,0,0,4.6,4.04,1.7,9.8,12.6,306,0.21,35.9,"Non-detect",0.0061,8.2,7.69,0.0056,0.0158,1.4,33,3.3,15.11111,NA,13,"yes","yes","yes","LAK20_NY-10101",-75.095605,42.12223,"Target_Sampled","(1,4]",0.2161,"Mesotrophic","Mesotrophic","Good","Good","Good","Good","Co-limited","Eutrophic","Not susceptible","Soft","Weak","Slightly alk","Blue","Low","Soft","Target",63.0344827586207
"1501GRE1026_DH",2021-09-28,35.6,0.78,11.8,57.6,5.3,2,11.1,15.1,17,3.5,5,43,0,0.54,55.2,"Microcystin Detected",0,7.4,8.23,NA,0.0165,1.9,261.2,5.4,21.44444,NA,7,"yes","yes","yes","LAK20_NY-10073",-74.322037,41.185271,"Target_Sampled",">50",0.54,"Mesotrophic","Eutrophic","Fair","Fair","Poor","Fair","P-limited","Eutrophic","May be susceptible","Hard","Uncolored","~Neutral","Blue","Medium","Soft","Target",15.1515151515152
"1601UWBXXX1_DH",2020-08-03,141,1.2,29.4,30.3,4,0,0,1,1.83,NA,NA,161,110,0.37,23.2,"Non-detect",0,NA,8.22,0,0.0098,3,401.8,8.5,27.85,3.2,18,NA,NA,NA,"LAK20_NY-10013",-73.54446,41.79477,"Target_Sampled","(1,4]",0.37,"Oligotrophic","Oligotrophic","Good","Good","Good",NA,"P-limited","Mesotrophic","Highly susceptible","Hard","Weak",NA,"Blue","Low","Hard","Target",63.0344827586207
"1701UWI0911_DH",NA,NA,NA,NA,NA,NA,NA,NA,NA,NA,NA,NA,NA,NA,NA,NA,"Non-detect",NA,NA,NA,NA,NA,NA,NA,NA,NA,NA,NA,NA,NA,NA,"LAK20_NY-10041",-73.202632,40.728622,"NonTarget","(4,10]",NA,NA,NA,NA,NA,NA,NA,NA,NA,NA,NA,NA,NA,NA,NA,NA,"NonTarget",166
"1702NEW0292_DH",2021-06-01,31,0,12.2,57.2,7.9,0.6,1.9,0.9,6.97,4.2,8.4,45.2,557,0.69,545,"Microcystin Detected",0.885,7,7.35,0.0165,0.0448,1.3,267.8,11,14.94444,4.2,30,"yes","yes","yes","LAK20_NY-10105",-73.22362,40.836961,"Target_Sampled","(20,50]",1.575,"Eutrophic","Mesotrophic","Poor","Poor","Fair","Good","P-limited","Eutrophic","May be susceptible","Hard","Weak","~Neutral","Murky","Medium","Soft","Target",30.8
"1702UWB0159_DH",2021-06-01,21,0.37,8.12,66.5,3.7,0.2,0.1,1.9,3.24,3.5,NA,34.3,398,0.51,23.8,"Non-detect",0.823,NA,7.12,0.0094,0.0251,1.9,279.8,10.2,15,3.4,27,NA,NA,NA,"LAK20_NY-10089",-73.459386,40.850276,"Target_Sampled","(1,4]",1.333,"Eutrophic","Mesotrophic","Fair","Poor","Good",NA,"P-limited","Eutrophic","Not susceptible","Hard","Weak",NA,"Brown","Medium","Soft","Target",63.0344827586207
"NONE_DH",NA,NA,NA,NA,NA,NA,NA,NA,NA,NA,NA,NA,NA,NA,NA,NA,"Non-detect",NA,NA,NA,NA,NA,NA,NA,NA,NA,NA,NA,NA,NA,NA,"LAK20_NY-10038",-75.59655,44.088851,"NonTarget","(4,10]",NA,NA,NA,NA,NA,NA,NA,NA,NA,NA,NA,NA,NA,NA,NA,NA,"NonTarget",166
"NONE_DH",NA,NA,NA,NA,NA,NA,NA,NA,NA,NA,NA,NA,NA,NA,NA,NA,"Non-detect",NA,NA,NA,NA,NA,NA,NA,NA,NA,NA,NA,NA,NA,NA,"LAK20_NY-10047",-76.053811,42.744255,"NonTarget","(1,4]",NA,NA,NA,NA,NA,NA,NA,NA,NA,NA,NA,NA,NA,NA,NA,NA,"NonTarget",63.0344827586207
"NONE_DH",NA,NA,NA,NA,NA,NA,NA,NA,NA,NA,NA,NA,NA,NA,NA,NA,"Non-detect",NA,NA,NA,NA,NA,NA,NA,NA,NA,NA,NA,NA,NA,NA,"LAK20_NY-10050",-74.766312,43.879328,"Target_PhysicalAccess",">50",NA,NA,NA,NA,NA,NA,NA,NA,NA,NA,NA,NA,NA,NA,NA,NA,"Target",15.1515151515152
"NONE_DH",NA,NA,NA,NA,NA,NA,NA,NA,NA,NA,NA,NA,NA,NA,NA,NA,"Non-detect",NA,NA,NA,NA,NA,NA,NA,NA,NA,NA,NA,NA,NA,NA,"LAK20_NY-10043",-78.371048,42.674868,"NonTarget","(1,4]",NA,NA,NA,NA,NA,NA,NA,NA,NA,NA,NA,NA,NA,NA,NA,NA,"NonTarget",63.0344827586207
"NONE_DH",NA,NA,NA,NA,NA,NA,NA,NA,NA,NA,NA,NA,NA,NA,NA,NA,"Non-detect",NA,NA,NA,NA,NA,NA,NA,NA,NA,NA,NA,NA,NA,NA,"LAK20_NY-10064",-79.313692,42.328745,"NonTarget","(1,4]",NA,NA,NA,NA,NA,NA,NA,NA,NA,NA,NA,NA,NA,NA,NA,NA,"NonTarget",63.0344827586207
"NONE_DH",NA,NA,NA,NA,NA,NA,NA,NA,NA,NA,NA,NA,NA,NA,NA,NA,"Non-detect",NA,NA,NA,NA,NA,NA,NA,NA,NA,NA,NA,NA,NA,NA,"LAK20_NY-10111",-75.593985,43.608598,"NonTarget","(1,4]",NA,NA,NA,NA,NA,NA,NA,NA,NA,NA,NA,NA,NA,NA,NA,NA,"NonTarget",63.0344827586207
NA,NA,NA,NA,NA,NA,NA,NA,NA,NA,NA,NA,NA,NA,NA,NA,NA,"Non-detect",NA,NA,NA,NA,NA,NA,NA,NA,NA,NA,NA,NA,NA,NA,"LAK20_NY-10053",-75.931331,42.30734,"NonTarget","(20,50]",NA,NA,NA,NA,NA,NA,NA,NA,NA,NA,NA,NA,NA,NA,NA,NA,"NonTarget",30.8
NA,NA,NA,NA,NA,NA,NA,NA,NA,NA,NA,NA,NA,NA,NA,NA,NA,"Non-detect",NA,NA,NA,NA,NA,NA,NA,NA,NA,NA,NA,NA,NA,NA,"LAK20_NY-10002",-73.966415,41.217607,"NonTarget","(10,20]",NA,NA,NA,NA,NA,NA,NA,NA,NA,NA,NA,NA,NA,NA,NA,NA,"NonTarget",55.7222222222222
NA,NA,NA,NA,NA,NA,NA,NA,NA,NA,NA,NA,NA,NA,NA,NA,NA,"Non-detect",NA,NA,NA,NA,NA,NA,NA,NA,NA,NA,NA,NA,NA,NA,"LAK20_NY-10003",-73.659532,43.977775,"NonTarget","(4,10]",NA,NA,NA,NA,NA,NA,NA,NA,NA,NA,NA,NA,NA,NA,NA,NA,"NonTarget",166
NA,NA,NA,NA,NA,NA,NA,NA,NA,NA,NA,NA,NA,NA,NA,NA,NA,"Non-detect",NA,NA,NA,NA,NA,NA,NA,NA,NA,NA,NA,NA,NA,NA,"LAK20_NY-10009",-71.922242,41.061397,"NonTarget",">50",NA,NA,NA,NA,NA,NA,NA,NA,NA,NA,NA,NA,NA,NA,NA,NA,"NonTarget",15.1515151515152
NA,NA,NA,NA,NA,NA,NA,NA,NA,NA,NA,NA,NA,NA,NA,NA,NA,"Non-detect",NA,NA,NA,NA,NA,NA,NA,NA,NA,NA,NA,NA,NA,NA,"LAK20_NY-10070",-74.862536,44.095797,"Target_PhysicalAccess","(4,10]",NA,NA,NA,NA,NA,NA,NA,NA,NA,NA,NA,NA,NA,NA,NA,NA,"Target",166
NA,NA,NA,NA,NA,NA,NA,NA,NA,NA,NA,NA,NA,NA,NA,NA,NA,"Non-detect",NA,NA,NA,NA,NA,NA,NA,NA,NA,NA,NA,NA,NA,NA,"LAK20_NY-10019",-73.534678,44.360538,"NonTarget","(1,4]",NA,NA,NA,NA,NA,NA,NA,NA,NA,NA,NA,NA,NA,NA,NA,NA,"NonTarget",63.0344827586207
NA,NA,NA,NA,NA,NA,NA,NA,NA,NA,NA,NA,NA,NA,NA,NA,NA,"Non-detect",NA,NA,NA,NA,NA,NA,NA,NA,NA,NA,NA,NA,NA,NA,"LAK20_NY-10023",-76.246096,43.080447,"NonTarget","(20,50]",NA,NA,NA,NA,NA,NA,NA,NA,NA,NA,NA,NA,NA,NA,NA,NA,"NonTarget",30.8
NA,NA,NA,NA,NA,NA,NA,NA,NA,NA,NA,NA,NA,NA,NA,NA,NA,"Non-detect",NA,NA,NA,NA,NA,NA,NA,NA,NA,NA,NA,NA,NA,NA,"LAK20_NY-10096",-74.004983,42.452595,"Target_NoOwnerAccess","(1,4]",NA,NA,NA,NA,NA,NA,NA,NA,NA,NA,NA,NA,NA,NA,NA,NA,"Target",63.0344827586207
NA,NA,NA,NA,NA,NA,NA,NA,NA,NA,NA,NA,NA,NA,NA,NA,NA,"Non-detect",NA,NA,NA,NA,NA,NA,NA,NA,NA,NA,NA,NA,NA,NA,"LAK20_NY-10094",-74.47572,44.053348,"Target_NoOwnerAccess",">50",NA,NA,NA,NA,NA,NA,NA,NA,NA,NA,NA,NA,NA,NA,NA,NA,"Target",15.1515151515152
NA,NA,NA,NA,NA,NA,NA,NA,NA,NA,NA,NA,NA,NA,NA,NA,NA,"Non-detect",NA,NA,NA,NA,NA,NA,NA,NA,NA,NA,NA,NA,NA,NA,"LAK20_NY-10072",-74.921497,42.547273,"Target_NoOwnerAccess","(1,4]",NA,NA,NA,NA,NA,NA,NA,NA,NA,NA,NA,NA,NA,NA,NA,NA,"Target",63.0344827586207
NA,NA,NA,NA,NA,NA,NA,NA,NA,NA,NA,NA,NA,NA,NA,NA,NA,"Non-detect",NA,NA,NA,NA,NA,NA,NA,NA,NA,NA,NA,NA,NA,NA,"LAK20_NY-10112",-74.000761,42.175002,"NonTarget","(10,20]",NA,NA,NA,NA,NA,NA,NA,NA,NA,NA,NA,NA,NA,NA,NA,NA,"NonTarget",55.7222222222222
NA,NA,NA,NA,NA,NA,NA,NA,NA,NA,NA,NA,NA,NA,NA,NA,NA,"Non-detect",NA,NA,NA,NA,NA,NA,NA,NA,NA,NA,NA,NA,NA,NA,"LAK20_NY-10078",-74.232989,43.676046,"Target_NoOwnerAccess",">50",NA,NA,NA,NA,NA,NA,NA,NA,NA,NA,NA,NA,NA,NA,NA,NA,"Target",15.1515151515152
NA,NA,NA,NA,NA,NA,NA,NA,NA,NA,NA,NA,NA,NA,NA,NA,NA,"Non-detect",NA,NA,NA,NA,NA,NA,NA,NA,NA,NA,NA,NA,NA,NA,"LAK20_NY-10069",-74.257818,41.888825,"Target_NoOwnerAccess","(1,4]",NA,NA,NA,NA,NA,NA,NA,NA,NA,NA,NA,NA,NA,NA,NA,NA,"Target",63.0344827586207
NA,NA,NA,NA,NA,NA,NA,NA,NA,NA,NA,NA,NA,NA,NA,NA,NA,"Non-detect",NA,NA,NA,NA,NA,NA,NA,NA,NA,NA,NA,NA,NA,NA,"LAK20_NY-10071",-74.425245,44.130407,"Target_NoOwnerAccess","(4,10]",NA,NA,NA,NA,NA,NA,NA,NA,NA,NA,NA,NA,NA,NA,NA,NA,"Target",166
NA,NA,NA,NA,NA,NA,NA,NA,NA,NA,NA,NA,NA,NA,NA,NA,NA,"Non-detect",NA,NA,NA,NA,NA,NA,NA,NA,NA,NA,NA,NA,NA,NA,"LAK20_NY-10107",-75.712403,44.332809,"NonTarget","(1,4]",NA,NA,NA,NA,NA,NA,NA,NA,NA,NA,NA,NA,NA,NA,NA,NA,"NonTarget",63.0344827586207
NA,NA,NA,NA,NA,NA,NA,NA,NA,NA,NA,NA,NA,NA,NA,NA,NA,"Non-detect",NA,NA,NA,NA,NA,NA,NA,NA,NA,NA,NA,NA,NA,NA,"LAK20_NY-10077",-73.569808,41.235584,"Target_NoOwnerAccess","(1,4]",NA,NA,NA,NA,NA,NA,NA,NA,NA,NA,NA,NA,NA,NA,NA,NA,"Target",63.0344827586207
NA,NA,NA,NA,NA,NA,NA,NA,NA,NA,NA,NA,NA,NA,NA,NA,NA,"Non-detect",NA,NA,NA,NA,NA,NA,NA,NA,NA,NA,NA,NA,NA,NA,"LAK20_NY-10090",-74.49827,44.584284,"Target_NoOwnerAccess","(1,4]",NA,NA,NA,NA,NA,NA,NA,NA,NA,NA,NA,NA,NA,NA,NA,NA,"Target",63.0344827586207
NA,NA,NA,NA,NA,NA,NA,NA,NA,NA,NA,NA,NA,NA,NA,NA,NA,"Non-detect",NA,NA,NA,NA,NA,NA,NA,NA,NA,NA,NA,NA,NA,NA,"LAK20_NY-10113",-74.688697,41.692317,"Target_NoOwnerAccess","(10,20]",NA,NA,NA,NA,NA,NA,NA,NA,NA,NA,NA,NA,NA,NA,NA,NA,"Target",55.7222222222222
NA,NA,NA,NA,NA,NA,NA,NA,NA,NA,NA,NA,NA,NA,NA,NA,NA,"Non-detect",NA,NA,NA,NA,NA,NA,NA,NA,NA,NA,NA,NA,NA,NA,"LAK20_NY-10080",-73.430029,43.268847,"Target_NoOwnerAccess","(1,4]",NA,NA,NA,NA,NA,NA,NA,NA,NA,NA,NA,NA,NA,NA,NA,NA,"Target",63.0344827586207
NA,NA,NA,NA,NA,NA,NA,NA,NA,NA,NA,NA,NA,NA,NA,NA,NA,"Non-detect",NA,NA,NA,NA,NA,NA,NA,NA,NA,NA,NA,NA,NA,NA,"LAK20_NY-10108",-74.049997,43.120504,"NonTarget","(10,20]",NA,NA,NA,NA,NA,NA,NA,NA,NA,NA,NA,NA,NA,NA,NA,NA,"NonTarget",55.7222222222222
NA,NA,NA,NA,NA,NA,NA,NA,NA,NA,NA,NA,NA,NA,NA,NA,NA,"Non-detect",NA,NA,NA,NA,NA,NA,NA,NA,NA,NA,NA,NA,NA,NA,"LAK20_NY-10110",-73.863773,43.914808,"Target_PhysicalAccess","(4,10]",NA,NA,NA,NA,NA,NA,NA,NA,NA,NA,NA,NA,NA,NA,NA,NA,"Target",166
NA,NA,NA,NA,NA,NA,NA,NA,NA,NA,NA,NA,NA,NA,NA,NA,NA,"Non-detect",NA,NA,NA,NA,NA,NA,NA,NA,NA,NA,NA,NA,NA,NA,"LAK20_NY-10103",-77.059478,43.153193,"NonTarget","(10,20]",NA,NA,NA,NA,NA,NA,NA,NA,NA,NA,NA,NA,NA,NA,NA,NA,"NonTarget",55.7222222222222
NA,NA,NA,NA,NA,NA,NA,NA,NA,NA,NA,NA,NA,NA,NA,NA,NA,"Non-detect",NA,NA,NA,NA,NA,NA,NA,NA,NA,NA,NA,NA,NA,NA,"LAK20_NY-10075",-75.95709,43.50217,"NonTarget","(10,20]",NA,NA,NA,NA,NA,NA,NA,NA,NA,NA,NA,NA,NA,NA,NA,NA,"NonTarget",55.7222222222222
