LCIFD_EVENT_LMAS_SAMPLE_DATE,LCIFD_LOCATION_HISTORY_ID,LCIFD_SAMPLE_NAME,LCIFD_LMAS_SAMPLER,LCIFD_SAMPLE_LONG,LCIFD_SAMPLE_LAT,LCIFD_MAX_SOUND_DEPTH,LCIFD_SITE_SOUND_DEPTH,LCIFD_HAB_PRESENCE_IND,LCIFD_BOTTOM_WATER_ODOR_IND,LCIFD_LOW_ELEV_FLIGHT_HAZ_IND,LCIFD_SECCHI_BOTTOM_IND,LCIFD_WEATHER_CURRENT_COND,LCIFD_WEATHER_WIND,LCIFD_WEATHER_CURRENT_PRECIP,LCIFD_WEATHER_48HR_PRECIP,LCIFD_USER_PERCEPT_RECREATION,LCIFD_USER_PERCPT_PHYS_CND_CDE,LCIFD_EMERGENT_FLOATING_COVERG,LCIFD_SUBMERGENT_COVERAGE,LCIFD_MACROPHTYE_DENSITY,LCIFD_ECOLOGICAL_INTEGRITY,LCIFD_QAUL_TROPHIC_STATUS,LCIFD_PRISTINE,LCIFD_RESIDENCES,LCIFD_MAINTAINED_LAWNS,LCIFD_CONSTRUCTION,LCIFD_PIPES_DRAINS,LCIFD_DUMPING,LCIFD_ROADS,LCIFD_BRIDGES_CAUSEWAYS,LCIFD_SEWAGE_TREATMENT,LCIFD_HIKING_TRAILS,LCIFD_PARKS_CAMPGROUNDS,LCIFD_PRIMITIVE_PARKS_CAMPING,LCIFD_RESORTS,LCIFD_MARINAS,LCIFD_TRASH_LITTER,LCIFD_SURFACE_FILM_SCUM_SLICK,LCIFD_CROPLAND,LCIFD_PASTURE,LCIFD_LIVESTOCK,LCIFD_ORCHARD,LCIFD_POULTRY,LCIFD_FEEDLOT,LCIFD_WATER_WITHDRAWL,LCIFD_INDUSTRIAL_PLANTS,LCIFD_MINE_QUARRY,LCIFD_OIL_GAS_EXT,LCIFD_POWER_PLANT,LCIFD_LOGGING,LCIFD_FIRE,LCIFD_ODORS,LCIFD_COMMERCIAL,LCIFD_LIMING,LCIFD_CHEMICAL_TREAT,LCIFD_DRINKING_WATER_TREAT,LCIFD_ANGLING_PRESS,LCIFD_MACROPHYTE_CONTROL,LCIFD_WATER_LVL_FLUCTUATION,LCIFD_FISH_STOCK,LCIFD_OUTLET_DAMS,LCIFD_MOTORBOAT_DENSITY,LCIFD_SWIMABILITY,LCIFD_LAKE_LVL_CHANGES,LCIFD_FOREST,LCIFD_GRASS,LCIFD_SHRUB,LCIFD_WETLAND,LCIFD_BARE_GROUND,LCIFD_SHORELINE_MODS,LCIFD_AGRICULTURE,LCIFD_DEVELOPMENT,LCIFD_GLOBAL_ID,LCIFD_COMMENT,LCIFD_EVENT_LMAS_DATA_PROVIDER,LCIFD_SAMPLE_TYPE,LCIFD_HYDRO_LAKE_TYPE,LCIFD_APPEALING,LCIFD_BEACH
5/13/2020,0402UWB5160_DH,2004UWB5S11,"ONION,DUFFY",-77.66832733,42.90101624,1.3,1.3,NO,NA,NA,YES,CLEAR,MODERATE WIND,CLEAR,NA,4,3,NA,NA,NA,NA,NA,NA,NA,NA,NA,NA,NA,NA,NA,NA,NA,NA,NA,NA,NA,NA,NA,NA,NA,NA,NA,NA,NA,NA,NA,NA,NA,NA,NA,NA,NA,NA,NA,NA,NA,NA,NA,NA,NA,NA,NA,NA,NA,NA,NA,NA,NA,NA,NA,NA,NA,{00E13EF4-3205-4130-8E75-9CCA1E6B30C3},EXPECTED LAKE TO BE DEEER BECAUSE LAST SAMPLE INCLUDED HYPO,LCI,WATER COLUMN,NA,NA,NA
5/13/2020,0402DEW5227_DH,2004DEW5S11,"ONION,DUFFY",-78.15986633,42.99147034,10.1,10.1,NO,NO,NA,NO,CLEAR,LOW WIND,CLEAR,NA,3,2,NA,NA,NA,NA,NA,NA,NA,NA,NA,NA,NA,NA,NA,NA,NA,NA,NA,NA,NA,NA,NA,NA,NA,NA,NA,NA,NA,NA,NA,NA,NA,NA,NA,NA,NA,NA,NA,NA,NA,NA,NA,NA,NA,NA,NA,NA,NA,NA,NA,NA,NA,NA,NA,NA,NA,{2883BB33-190E-4822-B856-315C43CFEC73},,LCI,WATER COLUMN,NA,NA,NA
5/19/2020,0903FOL0186_DH,2009FOL0S11,"ONION,KELEIGH REYNOLDS",-74.37451935,44.16701889,21.7,21.7,NO,NO,NA,NO,CLEAR,MODERATE WIND,CLEAR,NA,1,1,NA,NA,NA,NA,NA,NA,NA,NA,NA,NA,NA,NA,NA,NA,NA,NA,NA,NA,NA,NA,NA,NA,NA,NA,NA,NA,NA,NA,NA,NA,NA,NA,NA,NA,NA,NA,NA,NA,NA,NA,NA,NA,NA,NA,NA,NA,NA,NA,NA,NA,NA,NA,NA,NA,NA,{5168E011-190D-4F5B-A249-B1A1A3C8D9CA},"BRING CLEAN ANCHOR TO USE, OR TOW BOATS W ONE PERSON DOING A JOB AT A TIME",LCI,WATER COLUMN,NA,NA,NA
5/19/2020,0903LSI0182_DH,2009LSI0S11,"ONION,KELEIGH REYNOLDS",-74.44169617,44.1566124,33.7,33.7,NO,YES,NA,NO,CLEAR,LOW WIND,CLEAR,NA,1,1,NA,NA,NA,NA,NA,NA,NA,NA,NA,NA,NA,NA,NA,NA,NA,NA,NA,NA,NA,NA,NA,NA,NA,NA,NA,NA,NA,NA,NA,NA,NA,NA,NA,NA,NA,NA,NA,NA,NA,NA,NA,NA,NA,NA,NA,NA,NA,NA,NA,NA,NA,NA,NA,NA,NA,{D410109B-6C00-4A3D-BC37-0579139C5742},"WINDY, ANCHOR DIDN’T CATCH EITHER, MOST LIKELY HARD BOTTOM",LCI,WATER COLUMN,NA,NA,NA
5/19/2020,0903EAG0306_DH,2009EAG0S11,"KRAFT,KELTZ",-74.48453522,43.84354401,8.7,8.7,NO,NO,NA,NO,PARTLY CLOUDY,MODERATE WIND,CLEAR,NA,1,1,NA,NA,NA,NA,NA,NA,NA,NA,NA,NA,NA,NA,NA,NA,NA,NA,NA,NA,NA,NA,NA,NA,NA,NA,NA,NA,NA,NA,NA,NA,NA,NA,NA,NA,NA,NA,NA,NA,NA,NA,NA,NA,NA,NA,NA,NA,NA,NA,NA,NA,NA,NA,NA,NA,NA,{8330043A-4E81-4207-9E1D-A68FD6A0EB7B},,LCI,WATER COLUMN,NA,NA,NA
5/19/2020,0903BLA0029A_DH,2009BLA0S11,"KELTZ,KRAFT",-74.76105499,44.4704361,16.9,13.9,NO,NO,NA,NO,PARTLY CLOUDY,LOW WIND,CLEAR,NA,2,2,NA,NA,NA,NA,NA,NA,NA,NA,NA,NA,NA,NA,NA,NA,NA,NA,NA,NA,NA,NA,NA,NA,NA,NA,NA,NA,NA,NA,NA,NA,NA,NA,NA,NA,NA,NA,NA,NA,NA,NA,NA,NA,NA,NA,NA,NA,NA,NA,NA,NA,NA,NA,NA,NA,NA,{4444CE9F-DA68-461A-9838-A48FDF31C4DF},,LCI,WATER COLUMN,NA,NA,NA
5/19/2020,0903BLU0307_DH,2009BLU0S11,"KRAFT,KELTZ",-74.46172333,43.86560822,31.2,26.7,NO,YES,NA,YES,PARTLY CLOUDY,MODERATE WIND,CLEAR,NA,1,1,NA,NA,NA,NA,NA,NA,NA,NA,NA,NA,NA,NA,NA,NA,NA,NA,NA,NA,NA,NA,NA,NA,NA,NA,NA,NA,NA,NA,NA,NA,NA,NA,NA,NA,NA,NA,NA,NA,NA,NA,NA,NA,NA,NA,NA,NA,NA,NA,NA,NA,NA,NA,NA,NA,NA,{9D19EBA9-97FB-4080-8F97-1383864E7F48},,LCI,WATER COLUMN,NA,NA,NA
5/20/2020,0906MUD0003_DH,2009MUD05S11,"ONION,KELEIGH REYNOLDS",-75.59922028,44.37057114,5.2,5.2,NO,NO,NA,NO,CLEAR,LOW WIND,CLEAR,NA,2,2,NA,NA,NA,NA,NA,NA,NA,NA,NA,NA,NA,NA,NA,NA,NA,NA,NA,NA,NA,NA,NA,NA,NA,NA,NA,NA,NA,NA,NA,NA,NA,NA,NA,NA,NA,NA,NA,NA,NA,NA,NA,NA,NA,NA,NA,NA,NA,NA,NA,NA,NA,NA,NA,NA,NA,{55541EEC-3A10-42E1-9FDA-C53B1AF9E626},,LCI,WATER COLUMN,NA,NA,NA
5/20/2020,0905LOW0061_DH,2009LOW0S11,"ONION,KELEIGH REYNOLDS",-75.30635834,44.58300018,2,2,NO,NA,NA,YES,CLEAR,LOW WIND,CLEAR,NA,3,2,NA,NA,NA,NA,NA,NA,NA,NA,NA,NA,NA,NA,NA,NA,NA,NA,NA,NA,NA,NA,NA,NA,NA,NA,NA,NA,NA,NA,NA,NA,NA,NA,NA,NA,NA,NA,NA,NA,NA,NA,NA,NA,NA,NA,NA,NA,NA,NA,NA,NA,NA,NA,NA,NA,NA,{E434CA68-8F6D-4EC5-A52D-2C27DCC053AB},,LCI,WATER COLUMN,NA,NA,NA
5/20/2020,0906RED0010_DH,2009RED0S11,"ONION,KELEIGH REYNOLDS",-75.73168182,44.27050781,14,14,YES,NO,NA,NO,CLEAR,LOW WIND,CLEAR,NA,3,3,NA,NA,NA,NA,NA,NA,NA,NA,NA,NA,NA,NA,NA,NA,NA,NA,NA,NA,NA,NA,NA,NA,NA,NA,NA,NA,NA,NA,NA,NA,NA,NA,NA,NA,NA,NA,NA,NA,NA,NA,NA,NA,NA,NA,NA,NA,NA,NA,NA,NA,NA,NA,NA,NA,NA,{A1F63360-D1D2-43B5-9FF0-C70F41BEA1AD},,LCI,WATER COLUMN,NA,NA,NA
5/20/2020,0906MUD0003_DH,2009MUD03S11,"KELTZ,KRAFT",-75.45750427,44.50043106,9.3,8.7,NO,YES,NA,NO,CLEAR,LOW WIND,CLEAR,NA,3,4,NA,NA,NA,NA,NA,NA,NA,NA,NA,NA,NA,NA,NA,NA,NA,NA,NA,NA,NA,NA,NA,NA,NA,NA,NA,NA,NA,NA,NA,NA,NA,NA,NA,NA,NA,NA,NA,NA,NA,NA,NA,NA,NA,NA,NA,NA,NA,NA,NA,NA,NA,NA,NA,NA,NA,{EDA05D20-B91C-4068-9895-CF89ADE53DE1},,LCI,WATER COLUMN,NA,NA,NA
5/20/2020,0906MUS0008_DH,2009MUS0S11,"KELTZ,KRAFT",-75.68595123,44.30458069,8.1,7.7,NO,NO,NA,NO,CLEAR,LOW WIND,CLEAR,NA,2,2,NA,NA,NA,NA,NA,NA,NA,NA,NA,NA,NA,NA,NA,NA,NA,NA,NA,NA,NA,NA,NA,NA,NA,NA,NA,NA,NA,NA,NA,NA,NA,NA,NA,NA,NA,NA,NA,NA,NA,NA,NA,NA,NA,NA,NA,NA,NA,NA,NA,NA,NA,NA,NA,NA,NA,{0B97FCC4-62E6-4719-B827-C10603756F0E},,LCI,WATER COLUMN,NA,NA,NA
5/20/2020,0906HIC0004_DH,2009HIC0S11,"KELTZ,KRAFT",-75.50887,44.46506,8.9,8.5,NO,NA,NA,NO,CLEAR,LOW WIND,CLEAR,NA,2,2,NA,NA,NA,NA,NA,NA,NA,NA,NA,NA,NA,NA,NA,NA,NA,NA,NA,NA,NA,NA,NA,NA,NA,NA,NA,NA,NA,NA,NA,NA,NA,NA,NA,NA,NA,NA,NA,NA,NA,NA,NA,NA,NA,NA,NA,NA,NA,NA,NA,NA,NA,NA,NA,NA,NA,{3C1C8CE2-0C53-4BE8-93B1-61707C5C7341},,LCI,WATER COLUMN,NA,NA,NA
5/21/2020,0905ROC0231_DH,2009ROC0S11,"ONION,KELEIGH REYNOLDS",-75.19664001,43.99592972,10.1,10.1,NO,NO,NA,NO,CLEAR,LOW WIND,CLEAR,NA,1,1,NA,NA,NA,NA,NA,NA,NA,NA,NA,NA,NA,NA,NA,NA,NA,NA,NA,NA,NA,NA,NA,NA,NA,NA,NA,NA,NA,NA,NA,NA,NA,NA,NA,NA,NA,NA,NA,NA,NA,NA,NA,NA,NA,NA,NA,NA,NA,NA,NA,NA,NA,NA,NA,NA,NA,{D3791DB2-D71F-4781-B163-D4019A63075A},"DUPLICATE TAKEN HERE, OFF-ROADING TO GET HERE @7 MILES, CAUTION IF WET (STILL DOABLE)",LCI,WATER COLUMN,NA,NA,NA
5/21/2020,0905SYL0088_DH,2009SYL0S11,"ONION,KELEIGH REYNOLDS",-75.41114807,44.25233078,32.9,32.9,NO,NO,NA,NO,CLEAR,LOW WIND,CLEAR,NA,2,1,NA,NA,NA,NA,NA,NA,NA,NA,NA,NA,NA,NA,NA,NA,NA,NA,NA,NA,NA,NA,NA,NA,NA,NA,NA,NA,NA,NA,NA,NA,NA,NA,NA,NA,NA,NA,NA,NA,NA,NA,NA,NA,NA,NA,NA,NA,NA,NA,NA,NA,NA,NA,NA,NA,NA,{97D4CC56-BA8E-4A78-8E60-31E74CEA3758},"LOGGED 2009SYL0Q11/VERY CLEAR, LOTS OF DEVELOPMENT AROUND THE LAKE",LCI,WATER COLUMN,NA,NA,NA
5/26/2020,1401CHE0106_DH,2014CHE0S11,"ONION,ANDREA CONINE",-74.88495636,41.67711639,5.2,5.1,NO,YES,NA,NO,CLEAR,LOW WIND,CLEAR,NA,2,2,NA,NA,NA,NA,NA,NA,NA,NA,NA,NA,NA,NA,NA,NA,NA,NA,NA,NA,NA,NA,NA,NA,NA,NA,NA,NA,NA,NA,NA,NA,NA,NA,NA,NA,NA,NA,NA,NA,NA,NA,NA,NA,NA,NA,NA,NA,NA,NA,NA,NA,NA,NA,NA,NA,NA,{AFD0AEB5-9EDB-4393-949E-D3533A8B30DC},,LCI,WATER COLUMN,NA,NA,NA
5/26/2020,1401MOU0114_DH,2014MOU0S11,"ONION,ANDREA CONINE",-74.81595612,41.65623856,3.2,3,NO,NA,NA,NO,CLEAR,LOW WIND,CLEAR,NA,2,2,NA,NA,NA,NA,NA,NA,NA,NA,NA,NA,NA,NA,NA,NA,NA,NA,NA,NA,NA,NA,NA,NA,NA,NA,NA,NA,NA,NA,NA,NA,NA,NA,NA,NA,NA,NA,NA,NA,NA,NA,NA,NA,NA,NA,NA,NA,NA,NA,NA,NA,NA,NA,NA,NA,NA,{D41F56BA-0C0E-4E22-8804-DF3D854B72B9},GPS COORDINATES FROM SHORELINE. DEEP HOLE IS NEAR THE SMALL DAM NEXT TO THE FAKE SWANS.,LCI,WATER COLUMN,NA,NA,NA
5/26/2020,1402LOU0040_DH,2014LOU0S11,"ONION,ANDREA  CONINE",-74.58400726,41.61383057,5.2,4.9,NO,NO,NA,NO,CLEAR,LOW WIND,CLEAR,NA,2,2,NA,NA,NA,NA,NA,NA,NA,NA,NA,NA,NA,NA,NA,NA,NA,NA,NA,NA,NA,NA,NA,NA,NA,NA,NA,NA,NA,NA,NA,NA,NA,NA,NA,NA,NA,NA,NA,NA,NA,NA,NA,NA,NA,NA,NA,NA,NA,NA,NA,NA,NA,NA,NA,NA,NA,{55F06FC5-22DB-4226-B123-072AF2D7E802},,LCI,WATER COLUMN,NA,NA,NA
5/27/2020,1402HAW0005A_DH,2014HAW0S11,"ONION,ANDREA CONINE",-74.62411499,41.37688446,2.2,2.1,NO,NA,NA,NO,CLEAR,LOW WIND,CLEAR,NA,3,3,NA,NA,NA,NA,NA,NA,NA,NA,NA,NA,NA,NA,NA,NA,NA,NA,NA,NA,NA,NA,NA,NA,NA,NA,NA,NA,NA,NA,NA,NA,NA,NA,NA,NA,NA,NA,NA,NA,NA,NA,NA,NA,NA,NA,NA,NA,NA,NA,NA,NA,NA,NA,NA,NA,NA,{F82FDAB6-B4A4-4558-97A5-2A829B814786},,LCI,WATER COLUMN,NA,NA,NA
5/27/2020,1402RE10003_DH,2014RE10S11,"ONION,ANDREA CONINE",-74.69036865,41.3898201,5.8,5.7,NO,NO,NA,NO,CLEAR,LOW WIND,CLEAR,NA,1,2,NA,NA,NA,NA,NA,NA,NA,NA,NA,NA,NA,NA,NA,NA,NA,NA,NA,NA,NA,NA,NA,NA,NA,NA,NA,NA,NA,NA,NA,NA,NA,NA,NA,NA,NA,NA,NA,NA,NA,NA,NA,NA,NA,NA,NA,NA,NA,NA,NA,NA,NA,NA,NA,NA,NA,{AD6E8D0D-5A21-4096-82DC-A38D0D0A3200},,LCI,WATER COLUMN,NA,NA,NA
5/27/2020,1402EAS0055_DH,2014EAS0S11,"ONION,ANDREA CONINE",-74.57863617,41.73089218,3.2,3.1,NO,NA,NA,NO,CLEAR,LOW WIND,CLEAR,NA,3,2,NA,NA,NA,NA,NA,NA,NA,NA,NA,NA,NA,NA,NA,NA,NA,NA,NA,NA,NA,NA,NA,NA,NA,NA,NA,NA,NA,NA,NA,NA,NA,NA,NA,NA,NA,NA,NA,NA,NA,NA,NA,NA,NA,NA,NA,NA,NA,NA,NA,NA,NA,NA,NA,NA,NA,{D5213C1C-9569-4F01-867E-14D4599C63E5},,LCI,WATER COLUMN,NA,NA,NA
6/3/2020,0402DEW5227_DH,2004DEW5S21,"KELTZ,KRAFT",-78.15592957,42.99095917,8.3,8.3,NO,NO,NA,NO,MOSTLY CLOUDY,HIGH WIND,CLEAR,NA,2,2,NA,NA,NA,NA,NA,NA,NA,NA,NA,NA,NA,NA,NA,NA,NA,NA,NA,NA,NA,NA,NA,NA,NA,NA,NA,NA,NA,NA,NA,NA,NA,NA,NA,NA,NA,NA,NA,NA,NA,NA,NA,NA,NA,NA,NA,NA,NA,NA,NA,NA,NA,NA,NA,NA,NA,{F02290D2-6B51-40BD-ADBF-2B41CB0F8538},,LCI,WATER COLUMN,NA,NA,NA
6/3/2020,0404NUN0084A_DH,2004NUN0S21,"KELTZ,KRAFT",-77.91764069,42.54101181,3.8,3.3,NO,NA,NA,NO,MOSTLY CLOUDY,LOW WIND,CLEAR,NA,3,3,NA,NA,NA,NA,NA,NA,NA,NA,NA,NA,NA,NA,NA,NA,NA,NA,NA,NA,NA,NA,NA,NA,NA,NA,NA,NA,NA,NA,NA,NA,NA,NA,NA,NA,NA,NA,NA,NA,NA,NA,NA,NA,NA,NA,NA,NA,NA,NA,NA,NA,NA,NA,NA,NA,NA,{220454E4-A9B5-462F-BA0A-C27AC3D29436},,LCI,WATER COLUMN,NA,NA,NA
6/9/2020,1306STU0453A_DH,2013STU0S21,"ONION,DAN REARICK",-74.04202271,41.84576797,26,25.6,NO,YES,NA,NO,CLEAR,LOW WIND,CLEAR,NA,2,3,NA,NA,NA,NA,NA,NA,NA,NA,NA,NA,NA,NA,NA,NA,NA,NA,NA,NA,NA,NA,NA,NA,NA,NA,NA,NA,NA,NA,NA,NA,NA,NA,NA,NA,NA,NA,NA,NA,NA,NA,NA,NA,NA,NA,NA,NA,NA,NA,NA,NA,NA,NA,NA,NA,NA,{E30B3793-AEF5-474D-9C3F-2AB53BF874F8},,LCI,WATER COLUMN,NA,NA,NA
6/10/2020,1501DEF0977A_DH,2015DEF0S21,"ONION,DAN REARICK",-73.96546936,41.11420441,7.1,7.1,NO,NO,NA,NO,CLEAR,LOW WIND,CLEAR,NA,2,3,NA,NA,NA,NA,NA,NA,NA,NA,NA,NA,NA,NA,NA,NA,NA,NA,NA,NA,NA,NA,NA,NA,NA,NA,NA,NA,NA,NA,NA,NA,NA,NA,NA,NA,NA,NA,NA,NA,NA,NA,NA,NA,NA,NA,NA,NA,NA,NA,NA,NA,NA,NA,NA,NA,NA,{E192A22C-7F73-490A-A7C6-CE584BCF5BA3},,LCI,WATER COLUMN,NA,NA,NA
6/10/2020,1501CON0984_DH,2015CON0S21,"ONION,DAN REARICK",-73.93894958,41.14280319,1.2,1,NO,NA,NA,NO,CLEAR,LOW WIND,CLEAR,NA,5,4,NA,NA,NA,NA,NA,NA,NA,NA,NA,NA,NA,NA,NA,NA,NA,NA,NA,NA,NA,NA,NA,NA,NA,NA,NA,NA,NA,NA,NA,NA,NA,NA,NA,NA,NA,NA,NA,NA,NA,NA,NA,NA,NA,NA,NA,NA,NA,NA,NA,NA,NA,NA,NA,NA,NA,{E59D1343-81A5-480E-8C56-D13B4A6245C2},,LCI,WATER COLUMN,NA,NA,NA
6/10/2020,1501SWA0984_DH,2015SWA0S21,"ONION,DAN REARICK",-73.93080139,41.15129852,1.6,1.6,NO,NA,NA,NO,CLEAR,LOW WIND,CLEAR,NA,4,4,NA,NA,NA,NA,NA,NA,NA,NA,NA,NA,NA,NA,NA,NA,NA,NA,NA,NA,NA,NA,NA,NA,NA,NA,NA,NA,NA,NA,NA,NA,NA,NA,NA,NA,NA,NA,NA,NA,NA,NA,NA,NA,NA,NA,NA,NA,NA,NA,NA,NA,NA,NA,NA,NA,NA,{F446A663-56B0-4C19-9363-1240C25F0C8F},,LCI,WATER COLUMN,NA,NA,NA
6/16/2020,1404RUS0410_DH,2014RUS0S21,"KELTZ,ONION",-75.09586334,42.12129211,2,2,NO,NA,NA,YES,CLEAR,LOW WIND,CLEAR,NA,2,2,NA,NA,NA,NA,NA,NA,NA,NA,NA,NA,NA,NA,NA,NA,NA,NA,NA,NA,NA,NA,NA,NA,NA,NA,NA,NA,NA,NA,NA,NA,NA,NA,NA,NA,NA,NA,NA,NA,NA,NA,NA,NA,NA,NA,NA,NA,NA,NA,NA,NA,NA,NA,NA,NA,NA,{24D8FC86-72C1-4AB3-8F8B-B8E8E7192016},,LCI,WATER COLUMN,NA,NA,NA
6/16/2020,1404BEA0401_DH,2014BEA0S21,"KELTZ,ONION",-75.37889862,42.20190048,2.6,2.6,NO,NA,NA,NO,CLEAR,LOW WIND,CLEAR,NA,3,3,NA,NA,NA,NA,NA,NA,NA,NA,NA,NA,NA,NA,NA,NA,NA,NA,NA,NA,NA,NA,NA,NA,NA,NA,NA,NA,NA,NA,NA,NA,NA,NA,NA,NA,NA,NA,NA,NA,NA,NA,NA,NA,NA,NA,NA,NA,NA,NA,NA,NA,NA,NA,NA,NA,NA,{EBFFB9D4-6EA4-41FE-9B65-4CD5523A6F2B},,LCI,WATER COLUMN,NA,NA,NA
6/16/2020,1402KIA0044_DH,2014KIA0S21,"KELTZ,ONION",-74.66613007,41.67707062,11.2,10.9,NO,NO,NA,NO,CLEAR,MODERATE WIND,CLEAR,NA,3,3,NA,NA,NA,NA,NA,NA,NA,NA,NA,NA,NA,NA,NA,NA,NA,NA,NA,NA,NA,NA,NA,NA,NA,NA,NA,NA,NA,NA,NA,NA,NA,NA,NA,NA,NA,NA,NA,NA,NA,NA,NA,NA,NA,NA,NA,NA,NA,NA,NA,NA,NA,NA,NA,NA,NA,{8A7D0733-32EF-425A-A9EB-10BCAFDB469C},,LCI,WATER COLUMN,NA,NA,NA
6/17/2020,1401MOU0114_DH,2014MOU0S21,"KELTZ,ONION",-74.81410217,41.6576004,3,3,NO,NA,NA,NO,CLEAR,LOW WIND,CLEAR,NA,3,3,NA,NA,NA,NA,NA,NA,NA,NA,NA,NA,NA,NA,NA,NA,NA,NA,NA,NA,NA,NA,NA,NA,NA,NA,NA,NA,NA,NA,NA,NA,NA,NA,NA,NA,NA,NA,NA,NA,NA,NA,NA,NA,NA,NA,NA,NA,NA,NA,NA,NA,NA,NA,NA,NA,NA,{127FBC95-BDF1-4AC0-80D4-E5C02C294E01},,LCI,WATER COLUMN,NA,NA,NA
6/17/2020,1401CHE0106_DH,2014CHE0S21,"KELTZ,ONION",-74.88780212,41.67760086,5.9,5.7,NO,NA,NA,NO,CLEAR,MODERATE WIND,CLEAR,NA,3,3,NA,NA,NA,NA,NA,NA,NA,NA,NA,NA,NA,NA,NA,NA,NA,NA,NA,NA,NA,NA,NA,NA,NA,NA,NA,NA,NA,NA,NA,NA,NA,NA,NA,NA,NA,NA,NA,NA,NA,NA,NA,NA,NA,NA,NA,NA,NA,NA,NA,NA,NA,NA,NA,NA,NA,{0146632B-AAFC-4944-AEC5-31E455030D8D},,LCI,WATER COLUMN,NA,NA,NA
6/17/2020,1402EAS0055_DH,2014EAS0S21,"KELTZ,ONION",-74.57978058,41.73255157,3,3,NO,NA,NA,YES,CLEAR,LOW WIND,CLEAR,NA,2,3,NA,NA,NA,NA,NA,NA,NA,NA,NA,NA,NA,NA,NA,NA,NA,NA,NA,NA,NA,NA,NA,NA,NA,NA,NA,NA,NA,NA,NA,NA,NA,NA,NA,NA,NA,NA,NA,NA,NA,NA,NA,NA,NA,NA,NA,NA,NA,NA,NA,NA,NA,NA,NA,NA,NA,{334CB81E-E5BD-410E-984B-818412B62C49},,LCI,WATER COLUMN,NA,NA,NA
6/17/2020,1402LOU0040_DH,2014LOU0S21,"KELTZ,ONION",-74.57790375,41.60369873,5.1,5,NO,NO,NA,YES,CLEAR,LOW WIND,CLEAR,NA,3,3,NA,NA,NA,NA,NA,NA,NA,NA,NA,NA,NA,NA,NA,NA,NA,NA,NA,NA,NA,NA,NA,NA,NA,NA,NA,NA,NA,NA,NA,NA,NA,NA,NA,NA,NA,NA,NA,NA,NA,NA,NA,NA,NA,NA,NA,NA,NA,NA,NA,NA,NA,NA,NA,NA,NA,{2F24E7CA-7613-40CE-8B03-DF754C0261E6},,LCI,WATER COLUMN,NA,NA,NA
6/18/2020,1402RE10003_DH,2014RE10S21,"KELTZ,ONION",-74.69031525,41.39029694,6.7,5.8,NO,NO,NA,NO,OVERCAST,LOW WIND,CLEAR,NA,2,2,NA,NA,NA,NA,NA,NA,NA,NA,NA,NA,NA,NA,NA,NA,NA,NA,NA,NA,NA,NA,NA,NA,NA,NA,NA,NA,NA,NA,NA,NA,NA,NA,NA,NA,NA,NA,NA,NA,NA,NA,NA,NA,NA,NA,NA,NA,NA,NA,NA,NA,NA,NA,NA,NA,NA,{26B98F4D-E818-4771-B718-E380F4758C23},,LCI,WATER COLUMN,NA,NA,NA
6/18/2020,1402HAW0005A_DH,2014HAW0S21,"KELTZ,ONION",-74.62030029,41.37879944,2.1,2.1,NO,NA,NA,NO,OVERCAST,LOW WIND,CLEAR,NA,NA,NA,NA,NA,NA,NA,NA,NA,NA,NA,NA,NA,NA,NA,NA,NA,NA,NA,NA,NA,NA,NA,NA,NA,NA,NA,NA,NA,NA,NA,NA,NA,NA,NA,NA,NA,NA,NA,NA,NA,NA,NA,NA,NA,NA,NA,NA,NA,NA,NA,NA,NA,NA,NA,NA,NA,NA,{34539503-0F55-4E61-AC8A-EBEC9812E1C7},,LCI,WATER COLUMN,NA,NA,NA
6/23/2020,1101MOR0101_DH,2011MOR0S21,"KELTZ,KRAFT",-73.71153259,43.23192978,15.7,14.1,NO,NO,NA,NO,CLEAR,MODERATE WIND,CLEAR,NA,1,1,NA,NA,NA,NA,NA,NA,NA,NA,NA,NA,NA,NA,NA,NA,NA,NA,NA,NA,NA,NA,NA,NA,NA,NA,NA,NA,NA,NA,NA,NA,NA,NA,NA,NA,NA,NA,NA,NA,NA,NA,NA,NA,NA,NA,NA,NA,NA,NA,NA,NA,NA,NA,NA,NA,NA,{F829BF81-F817-4BCD-B358-7E280B574010},,LCI,WATER COLUMN,NA,NA,NA
6/23/2020,0903FOL0186_DH,2009FOL0S21,"ONION,KELEIGH REYNOLDS",-74.37303925,44.17612457,31.5,31.5,NO,NO,NA,NO,CLEAR,MODERATE WIND,CLEAR,NA,1,1,NA,NA,NA,NA,NA,NA,NA,NA,NA,NA,NA,NA,NA,NA,NA,NA,NA,NA,NA,NA,NA,NA,NA,NA,NA,NA,NA,NA,NA,NA,NA,NA,NA,NA,NA,NA,NA,NA,NA,NA,NA,NA,NA,NA,NA,NA,NA,NA,NA,NA,NA,NA,NA,NA,NA,{6B413B47-D79C-461C-8245-12499B278AAD},,LCI,WATER COLUMN,NA,NA,NA
6/23/2020,0903LSI0182_DH,2009LSI0S21,"ONION,KELEIGH REYNOLDS",-74.4392395,44.15378189,34.1,33.7,NO,NO,NA,NO,CLEAR,LOW WIND,CLEAR,NA,1,1,NA,NA,NA,NA,NA,NA,NA,NA,NA,NA,NA,NA,NA,NA,NA,NA,NA,NA,NA,NA,NA,NA,NA,NA,NA,NA,NA,NA,NA,NA,NA,NA,NA,NA,NA,NA,NA,NA,NA,NA,NA,NA,NA,NA,NA,NA,NA,NA,NA,NA,NA,NA,NA,NA,NA,{736E3AB3-D1B3-4C5B-BA4E-801FFFA137BF},,LCI,WATER COLUMN,NA,NA,NA
6/24/2020,0906MUD0003_DH,2009MUD03S21,"KRAFT,KELTZ",-75.45834351,44.49983597,7.5,7.5,NO,NO,NA,NO,OVERCAST,MODERATE WIND,CLEAR,NA,4,3,NA,NA,NA,NA,NA,NA,NA,NA,NA,NA,NA,NA,NA,NA,NA,NA,NA,NA,NA,NA,NA,NA,NA,NA,NA,NA,NA,NA,NA,NA,NA,NA,NA,NA,NA,NA,NA,NA,NA,NA,NA,NA,NA,NA,NA,NA,NA,NA,NA,NA,NA,NA,NA,NA,NA,{709D8DB4-88B2-471E-9037-EB788979F578},,LCI,WATER COLUMN,NA,NA,NA
6/24/2020,0906HIC0004_DH,2009HIC0S21,"KELTZ,KRAFT",-75.50823975,44.47258377,2.7,2.7,NO,NA,NA,NO,PARTLY CLOUDY,HIGH WIND,CLEAR,NA,3,3,NA,NA,NA,NA,NA,NA,NA,NA,NA,NA,NA,NA,NA,NA,NA,NA,NA,NA,NA,NA,NA,NA,NA,NA,NA,NA,NA,NA,NA,NA,NA,NA,NA,NA,NA,NA,NA,NA,NA,NA,NA,NA,NA,NA,NA,NA,NA,NA,NA,NA,NA,NA,NA,NA,NA,{CE29CD6A-2697-42DB-8233-E360CE93A209},,LCI,WATER COLUMN,NA,NA,NA
6/24/2020,0905LOW0061_DH,2009LOW0S21,"ONION,KELEIGH REYNOLDS",-75.30753326,44.58248901,1.2,1.1,NO,NA,NA,YES,CLEAR,MODERATE WIND,RAIN,NA,4,3,NA,NA,NA,NA,NA,NA,NA,NA,NA,NA,NA,NA,NA,NA,NA,NA,NA,NA,NA,NA,NA,NA,NA,NA,NA,NA,NA,NA,NA,NA,NA,NA,NA,NA,NA,NA,NA,NA,NA,NA,NA,NA,NA,NA,NA,NA,NA,NA,NA,NA,NA,NA,NA,NA,NA,{97BCB5DA-0524-4D16-AA07-B8FCAC81FC72},,LCI,WATER COLUMN,NA,NA,NA
6/24/2020,0906MUD0005_DH,2009MUD05S21,"ONION,KELEIGH REYNOLDS",-75.59980011,44.37070084,5.6,5.6,NO,NO,NA,NO,PARTLY CLOUDY,HIGH WIND,CLEAR,NA,1,1,NA,NA,NA,NA,NA,NA,NA,NA,NA,NA,NA,NA,NA,NA,NA,NA,NA,NA,NA,NA,NA,NA,NA,NA,NA,NA,NA,NA,NA,NA,NA,NA,NA,NA,NA,NA,NA,NA,NA,NA,NA,NA,NA,NA,NA,NA,NA,NA,NA,NA,NA,NA,NA,NA,NA,{A9D3894C-A04C-4567-A0C8-44B50639342F},,LCI,WATER COLUMN,NA,NA,NA
6/25/2020,0703ONE0026_SHACK_DH,20ONSHACKS21,"ONION,MCCAFFREY, TONY, AIMEE",-75.92639923,43.18080139,10.9,10.9,NO,YES,NO,NO,CLEAR,LOW WIND,CLEAR,NA,1,3,RARE,RARE,RARE,GOOD,MESOTROPHIC,NA,MEDIUM,LOW,LOW,LOW,LOW,MEDIUM,MEDIUM,MEDIUM,MEDIUM,MEDIUM,MEDIUM,MEDIUM,MEDIUM,NONE,LOW,LOW,LOW,LOW,LOW,LOW,LOW,LOW,LOW,NONE,NONE,LOW,LOW,LOW,NONE,NONE,NONE,NONE,LOW,MEDIUM,NONE,MEDIUM,MEDIUM,NATURAL,LOW,GOOD,NA,SPARSE,SPARSE,NA,NA,NA,NA,NA,NA,{403C2B27-971F-4F07-BAE9-96A4D1AE0DBB},VERY DIFFICULT TO ANSWER THESE QUESTIONS ACCURATELY ON SUCH A LARGE LAKE AS ONEIDA./USING FINGER LAKES EXO2/SAMPLE IID 20ONSHAKS22,LCI,WATER COLUMN,NA,NA,NA
6/25/2020,0703ONE0026_3MILE_DH,20ON3MILS21,"ONION,LEWIS, AIMEE, TONY",-76.04440308,43.22109985,67,6.5,NO,NA,YES,NO,CLEAR,MODERATE WIND,CLEAR,NA,NA,NA,RARE,RARE,RARE,EXCELLENT,OLIGOTROPHIC,NA,NONE,NONE,NONE,NONE,NONE,NONE,NONE,NONE,NONE,NONE,NONE,NONE,NONE,NONE,NONE,NONE,NONE,NONE,NONE,NONE,NONE,NONE,NONE,NONE,NONE,NONE,NONE,NONE,NONE,NONE,NONE,NONE,NONE,NONE,NONE,NONE,NONE,NATURAL,HIGH,GOOD,NA,NA,NA,NA,NA,NA,NA,NA,NA,{39E8BBA1-3B6A-4133-A5D2-3FA3C3AB73F6},,LCI,WATER COLUMN,NA,NA,NA
6/25/2020,0703ONE0026_B109_DH,20ONB109S21,"ONION,LEW, AIMEE, TONY",-75.77019501,43.18611145,12,12,NO,NO,NO,NO,CLEAR,MODERATE WIND,CLEAR,NA,2,2,RARE,RARE,RARE,EXCELLENT,MESOTROPHIC,NA,NONE,NONE,NONE,NONE,NONE,NONE,NONE,NONE,NONE,NONE,NONE,NONE,NONE,NONE,NONE,NONE,NONE,NONE,NONE,NONE,NONE,NONE,NONE,NONE,NONE,NONE,NONE,NONE,NONE,NONE,NONE,NONE,NONE,NONE,NONE,NONE,NONE,NATURAL,LOW,FAIR,NA,NA,NA,NA,NA,NA,NA,NA,NA,{EC6952C5-E11B-4A84-938D-EC10E0A75972},EVIDENCE OF MAY FLY HATCH/THIS REPEATED SURVEY IS NOT SUITABLE FOR MULTISITE LAKES,LCI,WATER COLUMN,NA,NA,NA
6/25/2020,0905ROC0231_DH,2009ROC0S21,"ONION,KELEIGH",-75.19651031,43.99599075,9.6,9.6,NO,NO,NA,NO,PARTLY CLOUDY,LOW WIND,CLEAR,NA,1,1,NA,NA,NA,NA,NA,NA,NA,NA,NA,NA,NA,NA,NA,NA,NA,NA,NA,NA,NA,NA,NA,NA,NA,NA,NA,NA,NA,NA,NA,NA,NA,NA,NA,NA,NA,NA,NA,NA,NA,NA,NA,NA,NA,NA,NA,NA,NA,NA,NA,NA,NA,NA,NA,NA,NA,{C2A5494A-7472-4AA0-9344-F2BF6513009A},,LCI,WATER COLUMN,NA,NA,NA
6/25/2020,0905SYL0088_DH,2009SYL0S21,"ONION,KELEIGH REYNOLDS",-75.41101074,44.25202942,32.1,32.1,NO,NO,NA,NO,CLEAR,MODERATE WIND,CLEAR,NA,1,1,NA,NA,NA,NA,NA,NA,NA,NA,NA,NA,NA,NA,NA,NA,NA,NA,NA,NA,NA,NA,NA,NA,NA,NA,NA,NA,NA,NA,NA,NA,NA,NA,NA,NA,NA,NA,NA,NA,NA,NA,NA,NA,NA,NA,NA,NA,NA,NA,NA,NA,NA,NA,NA,NA,NA,{A67CAD56-9A18-4564-9196-2C8BCC574938},,LCI,WATER COLUMN,NA,NA,NA
6/30/2020,1306STU0453A_DH,2013STU0S21,"KELTZ,GORNEY",-74.03964233,41.84757233,18.8,18.8,NO,NO,NA,NO,OVERCAST,LOW WIND,RAIN,NA,3,3,NA,NA,NA,NA,NA,NA,NA,NA,NA,NA,NA,NA,NA,NA,NA,NA,NA,NA,NA,NA,NA,NA,NA,NA,NA,NA,NA,NA,NA,NA,NA,NA,NA,NA,NA,NA,NA,NA,NA,NA,NA,NA,NA,NA,NA,NA,NA,NA,NA,NA,NA,NA,NA,NA,NA,{1E57AEBB-16D9-44E1-86C9-0B427CD05CE8},,LCI,WATER COLUMN,NA,NA,NA
7/1/2020,1104GRE0127_DH,2011GRE0S31,"KELTZ,KRAFT",-74.04601288,43.27245331,18.2,18.2,NO,NO,NA,NO,MOSTLY CLOUDY,MODERATE WIND,CLEAR,NA,2,3,NA,NA,NA,NA,NA,NA,NA,NA,NA,NA,NA,NA,NA,NA,NA,NA,NA,NA,NA,NA,NA,NA,NA,NA,NA,NA,NA,NA,NA,NA,NA,NA,NA,NA,NA,NA,NA,NA,NA,NA,NA,NA,NA,NA,NA,NA,NA,NA,NA,NA,NA,NA,NA,NA,NA,{67E033B9-9AC4-447D-8420-2B21475D97B5},,LCI,WATER COLUMN,NA,NA,NA
7/1/2020,0903BLU0307_DH,2009BLU0S21,"KRAFT,KELTZ",-74.4628067,43.8638382,22.7,19.5,NO,NO,NA,NO,MOSTLY CLOUDY,LOW WIND,CLEAR,NA,1,1,NA,NA,NA,NA,NA,NA,NA,NA,NA,NA,NA,NA,NA,NA,NA,NA,NA,NA,NA,NA,NA,NA,NA,NA,NA,NA,NA,NA,NA,NA,NA,NA,NA,NA,NA,NA,NA,NA,NA,NA,NA,NA,NA,NA,NA,NA,NA,NA,NA,NA,NA,NA,NA,NA,NA,{5FC5E200-B9D4-486E-9C4C-EB01F796112A},,LCI,WATER COLUMN,NA,NA,NA
7/1/2020,0903EAG0306_DH,2009EAG0S21,"KELTZ,KRAFT",-74.48509979,43.84361267,8.4,8.1,NO,NO,NA,NO,MOSTLY CLOUDY,LOW WIND,CLEAR,NA,1,1,NA,NA,NA,NA,NA,NA,NA,NA,NA,NA,NA,NA,NA,NA,NA,NA,NA,NA,NA,NA,NA,NA,NA,NA,NA,NA,NA,NA,NA,NA,NA,NA,NA,NA,NA,NA,NA,NA,NA,NA,NA,NA,NA,NA,NA,NA,NA,NA,NA,NA,NA,NA,NA,NA,NA,{603F8730-FEAF-4A68-8FBB-8CF2F4B6C229},,LCI,WATER COLUMN,NA,NA,NA
7/2/2020,0903EAT0248_DH,2009EAT0S21,"KELTZ,KRAFT",-74.46534729,43.9780426,13.3,12.9,NO,NA,NA,NO,CLEAR,LOW WIND,CLEAR,NA,1,1,NA,NA,NA,NA,NA,NA,NA,NA,NA,NA,NA,NA,NA,NA,NA,NA,NA,NA,NA,NA,NA,NA,NA,NA,NA,NA,NA,NA,NA,NA,NA,NA,NA,NA,NA,NA,NA,NA,NA,NA,NA,NA,NA,NA,NA,NA,NA,NA,NA,NA,NA,NA,NA,NA,NA,{AE1A339E-DC1A-4B09-9894-80665DD833B5},,LCI,WATER COLUMN,NA,NA,NA
7/2/2020,0906MUS0008_DH,2009MUS0S21,"KELTZ,KRAFT",-75.68659973,44.30490112,7.7,7.4,NO,NO,NA,NO,MOSTLY CLOUDY,MODERATE WIND,CLEAR,NA,4,3,NA,NA,NA,NA,NA,NA,NA,NA,NA,NA,NA,NA,NA,NA,NA,NA,NA,NA,NA,NA,NA,NA,NA,NA,NA,NA,NA,NA,NA,NA,NA,NA,NA,NA,NA,NA,NA,NA,NA,NA,NA,NA,NA,NA,NA,NA,NA,NA,NA,NA,NA,NA,NA,NA,NA,{F075CD6F-96E7-4D55-8F5A-C43CDB8DC119},,LCI,WATER COLUMN,NA,NA,NA
7/2/2020,0903BLA0029A_DH,2009BLA0S21,"KRAFT,KELTZ",-74.754776,44.48657227,15.1,15.1,NO,NO,NA,NO,CLEAR,LOW WIND,RAIN,NA,2,2,NA,NA,NA,NA,NA,NA,NA,NA,NA,NA,NA,NA,NA,NA,NA,NA,NA,NA,NA,NA,NA,NA,NA,NA,NA,NA,NA,NA,NA,NA,NA,NA,NA,NA,NA,NA,NA,NA,NA,NA,NA,NA,NA,NA,NA,NA,NA,NA,NA,NA,NA,NA,NA,NA,NA,{0492F693-CFC7-4F0B-87EF-0F79F6F044CB},,LCI,WATER COLUMN,NA,NA,NA
7/7/2020,1402EAS0055_DH,2014EAS0S31,"KELTZ,JEFF LOPE",-74.58037567,41.73435593,3.4,2.6,NO,NA,NA,NO,OVERCAST,LOW WIND,CLEAR,NA,2,2,NA,NA,NA,NA,NA,NA,NA,NA,NA,NA,NA,NA,NA,NA,NA,NA,NA,NA,NA,NA,NA,NA,NA,NA,NA,NA,NA,NA,NA,NA,NA,NA,NA,NA,NA,NA,NA,NA,NA,NA,NA,NA,NA,NA,NA,NA,NA,NA,NA,NA,NA,NA,NA,NA,NA,{DC5DC7A0-696E-4C70-B900-87335403CA50},,LCI,WATER COLUMN,NA,NA,NA
7/7/2020,1402EVE0050A_DH,2014EVE0S31,"KELTZ,JEFF L",-74.65213776,41.76491547,1.8,1.8,NO,NA,NA,NO,OVERCAST,LOW WIND,CLEAR,NA,4,4,NA,NA,NA,NA,NA,NA,NA,NA,NA,NA,NA,NA,NA,NA,NA,NA,NA,NA,NA,NA,NA,NA,NA,NA,NA,NA,NA,NA,NA,NA,NA,NA,NA,NA,NA,NA,NA,NA,NA,NA,NA,NA,NA,NA,NA,NA,NA,NA,NA,NA,NA,NA,NA,NA,NA,{86F9E2A4-0EE6-4B44-8D7A-AAAC4BCC6DAA},,LCI,WATER COLUMN,NA,NA,NA
7/7/2020,1402EVE0050A_DH,2014EVE0S31,"KELTZ,JLOPE",-74.65239716,41.76509857,1.8,1.7,NO,NA,NA,NO,OVERCAST,LOW WIND,CLEAR,NA,3,2,NA,NA,NA,NA,NA,NA,NA,NA,NA,NA,NA,NA,NA,NA,NA,NA,NA,NA,NA,NA,NA,NA,NA,NA,NA,NA,NA,NA,NA,NA,NA,NA,NA,NA,NA,NA,NA,NA,NA,NA,NA,NA,NA,NA,NA,NA,NA,NA,NA,NA,NA,NA,NA,NA,NA,{BF423F9F-128F-4557-82D5-658293676B44},VERY POOR SECCHI  IN SHALLOW LAKE,LCI,WATER COLUMN,NA,NA,NA
7/7/2020,1402KIA0044_DH,2014KIA0S31,"KELTZ,JEFF L",-74.66639709,41.67689896,9.7,9.5,NO,YES,NA,NO,MOSTLY CLOUDY,MODERATE WIND,CLEAR,NA,2,3,NA,NA,NA,NA,NA,NA,NA,NA,NA,NA,NA,NA,NA,NA,NA,NA,NA,NA,NA,NA,NA,NA,NA,NA,NA,NA,NA,NA,NA,NA,NA,NA,NA,NA,NA,NA,NA,NA,NA,NA,NA,NA,NA,NA,NA,NA,NA,NA,NA,NA,NA,NA,NA,NA,NA,{0D0305E2-C794-4717-B364-4D0CAF2F8BF9},,LCI,WATER COLUMN,NA,NA,NA
7/7/2020,1306STU0453A_DH,2013STU0S31,"KELTZ,ANDREA CONINE DAN REAICK",-74.04355621,41.84614944,26,24,YES,YES,NA,NO,MOSTLY CLOUDY,LOW WIND,CLEAR,NA,3,4,NA,NA,NA,NA,NA,NA,NA,NA,NA,NA,NA,NA,NA,NA,NA,NA,NA,NA,NA,NA,NA,NA,NA,NA,NA,NA,NA,NA,NA,NA,NA,NA,NA,NA,NA,NA,NA,NA,NA,NA,NA,NA,NA,NA,NA,NA,NA,NA,NA,NA,NA,NA,NA,NA,NA,{A7EAE22A-EE67-49B8-8245-0E0BA5B51F55},"SLIGHT HAB, NOT REALLY THICK",LCI,WATER COLUMN,NA,NA,NA
7/7/2020,1203MET0821_DH,2012MET0S31,"KRAFT,ONION",-74.71913147,43.29958344,7.4,7.3,NO,NO,NO,NO,PARTLY CLOUDY,LOW WIND,CLEAR,NA,1,1,RARE,RARE,RARE,EXCELLENT,OLIGOTROPHIC,NA,NONE,NONE,NONE,NONE,NONE,NONE,NONE,NONE,NONE,NONE,NONE,NONE,NONE,NONE,NONE,NONE,NONE,NONE,NONE,NONE,NONE,NONE,NONE,NONE,NONE,NONE,NONE,NONE,NONE,NONE,NONE,NONE,NONE,NONE,NONE,NONE,NONE,NATURAL,BANNED,GOOD,0,EXTENSIVE,NA,SPARSE,SPARSE,NA,NA,NA,NA,{527CCE31-3E6D-4BAC-8D6C-4251933C5A86},,LCI,WATER COLUMN,NA,NA,NA
7/7/2020,0703UWBXXX1_DH,2007UWBXS31,"KRAFT,ONION",-76.05039978,43.32147598,0.4,0.3,NO,NA,NO,YES,CLEAR,LOW WIND,CLEAR,NA,4,3,MODERATE,MODERATE,EXTENSIVE,GOOD,EUTROPHIC,NA,NONE,NONE,NONE,NONE,NONE,NONE,NONE,NONE,NONE,NONE,NONE,NONE,NONE,NONE,NONE,NONE,NONE,NONE,NONE,NONE,NONE,NONE,NONE,NONE,NONE,NONE,NONE,NONE,NONE,NONE,NONE,NONE,NONE,LOW,NONE,NONE,NONE,NATURAL,LOW,NOT SWIMMABLE,0,SPARSE,SPARSE,SPARSE,MODERATE,NA,NA,NA,RARE,{3C9CFBA7-C10E-49C4-B9BB-7C167F9486D3},"DID NOT COLLECTED SEDIMENT CORE, LAKE TOO SHALLOW <0.5 M",LCI,WATER COLUMN,NA,NA,NA
7/8/2020,1402LOU0040_DH,2014LOU0S31,"KELTZ,JEFF LOPE",-74.58505249,41.61508942,6,5.5,NO,NO,NA,NO,CLEAR,LOW WIND,CLEAR,NA,2,3,NA,NA,NA,NA,NA,NA,NA,NA,NA,NA,NA,NA,NA,NA,NA,NA,NA,NA,NA,NA,NA,NA,NA,NA,NA,NA,NA,NA,NA,NA,NA,NA,NA,NA,NA,NA,NA,NA,NA,NA,NA,NA,NA,NA,NA,NA,NA,NA,NA,NA,NA,NA,NA,NA,NA,{03875CCF-8772-4CCB-8DBF-982836F5D8EF},,LCI,WATER COLUMN,NA,NA,NA
7/8/2020,1401MOU0114_DH,2014MOU0S31,"KELTZ,JEFF L",-74.81327057,41.65711594,2.8,2.8,NO,NA,NA,NO,OVERCAST,MODERATE WIND,CLEAR,NA,3,3,NA,NA,NA,NA,NA,NA,NA,NA,NA,NA,NA,NA,NA,NA,NA,NA,NA,NA,NA,NA,NA,NA,NA,NA,NA,NA,NA,NA,NA,NA,NA,NA,NA,NA,NA,NA,NA,NA,NA,NA,NA,NA,NA,NA,NA,NA,NA,NA,NA,NA,NA,NA,NA,NA,NA,{D001E5EE-0D43-4949-AF22-9952DCF93FAA},,LCI,WATER COLUMN,NA,NA,NA
7/8/2020,1401CHE0106_DH,2014CHE0S31,"KELTZ,JEFF LOPE",-74.88780212,41.67760086,6,5.9,NO,NO,NA,NO,OVERCAST,LOW WIND,CLEAR,NA,1,3,NA,NA,NA,NA,NA,NA,NA,NA,NA,NA,NA,NA,NA,NA,NA,NA,NA,NA,NA,NA,NA,NA,NA,NA,NA,NA,NA,NA,NA,NA,NA,NA,NA,NA,NA,NA,NA,NA,NA,NA,NA,NA,NA,NA,NA,NA,NA,NA,NA,NA,NA,NA,NA,NA,NA,{9E7AA5EA-C01F-4B84-9BB5-A2F193CE7519},,LCI,WATER COLUMN,NA,NA,NA
7/8/2020,0801KAY0984A_DH,2008KAY0S31,"KRAFT,ONION",-75.20556641,43.420784,5.1,5,NO,NO,NO,NO,CLEAR,LOW WIND,CLEAR,NA,3,3,RARE,RARE,RARE,FAIR,EUTROPHIC,NA,HIGH,MEDIUM,MEDIUM,LOW,NONE,HIGH,MEDIUM,NONE,LOW,MEDIUM,NONE,LOW,MEDIUM,LOW,NONE,NONE,NONE,NONE,NONE,NONE,NONE,NONE,NONE,NONE,NONE,NONE,NONE,NONE,NONE,NONE,NONE,NONE,NONE,MEDIUM,NONE,MEDIUM,NONE,ARTIFICAL,HIGH,FAIR,1,MODERATE,SPARSE,SPARSE,NA,SPARSE,NA,NA,SPARSE,{DD1777B4-71C4-40C3-97A4-70DDBF3B83DA},,LCI,WATER COLUMN,NA,NA,NA
7/8/2020,1501SWA0984_DH,2015SWA0S31,"KELTZ,KRAFT,ANDREA CONINE, DAN REARICK",-73.93095398,41.15136337,1.7,1.6,NO,NA,NA,NO,CLEAR,MODERATE WIND,CLEAR,NA,4,4,NA,NA,NA,NA,NA,NA,NA,NA,NA,NA,NA,NA,NA,NA,NA,NA,NA,NA,NA,NA,NA,NA,NA,NA,NA,NA,NA,NA,NA,NA,NA,NA,NA,NA,NA,NA,NA,NA,NA,NA,NA,NA,NA,NA,NA,NA,NA,NA,NA,NA,NA,NA,NA,NA,NA,{725E41D5-A4C0-479F-AFF1-82329CAEF505},,LCI,WATER COLUMN,NA,NA,NA
7/8/2020,1501CON0984_DH,2015CON0S31,"KELTZ,ANDREA CONINE DAN REARICK",-73.93913269,41.14205551,1,1,NO,NA,NA,NO,PARTLY CLOUDY,LOW WIND,CLEAR,NA,3,3,NA,NA,NA,NA,NA,NA,NA,NA,NA,NA,NA,NA,NA,NA,NA,NA,NA,NA,NA,NA,NA,NA,NA,NA,NA,NA,NA,NA,NA,NA,NA,NA,NA,NA,NA,NA,NA,NA,NA,NA,NA,NA,NA,NA,NA,NA,NA,NA,NA,NA,NA,NA,NA,NA,NA,{F4FDB033-4EA2-4E08-BB25-90318A009FDF},,LCI,WATER COLUMN,NA,NA,NA
7/8/2020,1501DEF0977A_DH,2015DEF0S31,"KELTZ,ANDREA CONINE, DAN REARICK",-73.96507263,41.11474228,6,6,NO,NO,NA,NO,OVERCAST,LOW WIND,CLEAR,NA,2,1,NA,NA,NA,NA,NA,NA,NA,NA,NA,NA,NA,NA,NA,NA,NA,NA,NA,NA,NA,NA,NA,NA,NA,NA,NA,NA,NA,NA,NA,NA,NA,NA,NA,NA,NA,NA,NA,NA,NA,NA,NA,NA,NA,NA,NA,NA,NA,NA,NA,NA,NA,NA,NA,NA,NA,{D8C29ADA-45A7-44F4-8EB4-E7F54AC491BD},,LCI,WATER COLUMN,NA,NA,NA
7/8/2020,0801GUL0969_DH,2008GUL0S31,"KRAFT,ONION",-75.05538177,43.55446625,2.4,2.4,NO,NA,NO,YES,OVERCAST,LOW WIND,CLEAR,NA,1,1,SPARSE,SPARSE,MODERATE,EXCELLENT,OLIGOTROPHIC,NA,NONE,NONE,NONE,NONE,NONE,NONE,NONE,NONE,NONE,NONE,LOW,NONE,NONE,NONE,NONE,NONE,NONE,NONE,NONE,NONE,NONE,NONE,NONE,NONE,NONE,NONE,NONE,NONE,NONE,NONE,NONE,NONE,NONE,NONE,NONE,NONE,NONE,NATURAL,BANNED,GOOD,NA,EXTENSIVE,NA,RARE,RARE,NA,NA,NA,NA,{DDC77C37-63F2-4D61-9BDF-231889A10299},,LCI,WATER COLUMN,NA,NA,NA
7/8/2020,0801OTT0926_DH,2008OTT0S31,"KRAFT,ONION",-75.11883545,43.5911293,2.5,2.5,NO,NA,NO,NO,OVERCAST,LOW WIND,CLEAR,NA,2,2,RARE,RARE,RARE,GOOD,MESOTROPHIC,NA,MEDIUM,LOW,LOW,LOW,NONE,LOW,NONE,NONE,MEDIUM,MEDIUM,LOW,MEDIUM,NONE,LOW,NONE,NONE,NONE,NONE,NONE,NONE,NONE,NONE,NONE,NONE,NONE,NONE,NONE,NONE,NONE,NONE,NONE,NONE,NONE,MEDIUM,NONE,NONE,NONE,ARTIFICAL,HIGH,GOOD,0,EXTENSIVE,RARE,SPARSE,RARE,NA,SPARSE,NA,SPARSE,{78E0D57D-37F6-4FE0-A0A7-587A6C5B1910},,LCI,WATER COLUMN,NA,NA,NA
7/9/2020,1402RE10003_DH,2014RE10S31,"KELTZ,JEFF L",-74.69046021,41.38985443,5.4,5,NO,YES,NA,NO,OVERCAST,LOW WIND,CLEAR,NA,2,3,NA,NA,NA,NA,NA,NA,NA,NA,NA,NA,NA,NA,NA,NA,NA,NA,NA,NA,NA,NA,NA,NA,NA,NA,NA,NA,NA,NA,NA,NA,NA,NA,NA,NA,NA,NA,NA,NA,NA,NA,NA,NA,NA,NA,NA,NA,NA,NA,NA,NA,NA,NA,NA,NA,NA,{EB8999D0-D736-4AE3-8A5C-4E615DF09A7E},,LCI,WATER COLUMN,NA,NA,NA
7/9/2020,1402HAW0005A_DH,2014HAW0S31,"KELTZ,J LOPE",-74.62447357,41.37713242,1.9,1.6,NO,NA,NA,NO,MOSTLY CLOUDY,LOW WIND,CLEAR,NA,3,3,NA,NA,NA,NA,NA,NA,NA,NA,NA,NA,NA,NA,NA,NA,NA,NA,NA,NA,NA,NA,NA,NA,NA,NA,NA,NA,NA,NA,NA,NA,NA,NA,NA,NA,NA,NA,NA,NA,NA,NA,NA,NA,NA,NA,NA,NA,NA,NA,NA,NA,NA,NA,NA,NA,NA,{D5BB9497-0999-4075-9688-12D0D7622F8D},,LCI,WATER COLUMN,NA,NA,NA
7/9/2020,1104FOU0325_DH,2011FOU0S31,"KRAFT,ONION",-73.824646,43.35776901,13.7,12.2,NO,NO,NO,NO,CLEAR,LOW WIND,CLEAR,NA,2,2,RARE,RARE,RARE,GOOD,MESOTROPHIC,NA,LOW,NONE,LOW,NONE,NONE,LOW,NONE,NONE,LOW,LOW,LOW,NONE,NONE,NONE,NONE,NONE,NONE,NONE,NONE,NONE,NONE,NONE,NONE,NONE,NONE,NONE,NONE,NONE,NONE,NONE,NONE,NONE,NONE,MEDIUM,NONE,NONE,NONE,NATURAL,BANNED,FAIR,0,EXTENSIVE,RARE,NA,RARE,SPARSE,SPARSE,NA,NA,{85C4F160-2186-4C8F-A03E-58A63FB33E33},,LCI,WATER COLUMN,NA,NA,NA
7/9/2020,1104ALG0276A_DH,2011ALG0S31,"KRAFT,ONION",-74.29359436,43.38913345,5.4,4.8,NO,NO,YES,NO,CLEAR,LOW WIND,CLEAR,NA,3,3,SPARSE,SPARSE,SPARSE,GOOD,MESOTROPHIC,NA,MEDIUM,MEDIUM,LOW,NONE,NONE,MEDIUM,LOW,NONE,LOW,MEDIUM,LOW,LOW,LOW,LOW,NONE,NONE,NONE,NONE,NONE,NONE,NONE,NONE,NONE,NONE,NONE,NONE,NONE,NONE,NONE,LOW,NONE,NONE,NONE,NONE,NONE,NONE,NONE,ARTIFICAL,HIGH,FAIR,0,MODERATE,SPARSE,SPARSE,SPARSE,RARE,SPARSE,RARE,SPARSE,{CBBC422F-B8A7-4BFD-823F-9B5980040CF3},,LCI,WATER COLUMN,NA,NA,NA
7/14/2020,0903LSI0182_DH,2009LSI0S31,"ONION,JLOPE",-74.44223785,44.15654373,33,33,NO,NO,NO,NO,PARTLY CLOUDY,LOW WIND,CLEAR,NA,1,1,RARE,RARE,RARE,EXCELLENT,OLIGOTROPHIC,NA,LOW,LOW,NONE,NONE,NONE,LOW,NONE,NONE,NONE,LOW,NONE,NONE,NONE,NONE,NONE,NONE,NONE,NONE,NONE,NONE,NONE,NONE,NONE,NONE,NONE,NONE,NONE,NONE,NONE,NONE,NONE,NONE,NONE,LOW,NONE,NONE,NONE,NATURAL,BANNED,GOOD,0,EXTENSIVE,RARE,SPARSE,RARE,RARE,RARE,RARE,RARE,{41580894-704C-497C-B7AF-19609C337402},PRISTINE ADIRONDACK LAKE.  LOONS PRESENT./BEAUTIFUL SPOT. AND LOONS.,LCI,WATER COLUMN,NA,NA,NA
7/14/2020,1101MOR0101_DH,2011MOR0S31,"KRAFT,KELTZ",-73.71185303,43.23093796,15,15,NO,NO,NA,NO,PARTLY CLOUDY,LOW WIND,CLEAR,NA,1,1,NA,NA,NA,NA,NA,NA,NA,NA,NA,NA,NA,NA,NA,NA,NA,NA,NA,NA,NA,NA,NA,NA,NA,NA,NA,NA,NA,NA,NA,NA,NA,NA,NA,NA,NA,NA,NA,NA,NA,NA,NA,NA,NA,NA,NA,NA,NA,NA,NA,NA,NA,NA,NA,NA,NA,{1B60CFDE-75DF-4474-BE00-3FCD98120F15},,LCI,WATER COLUMN,NA,NA,NA
7/14/2020,0903BLU0307_DH,2009BLU0S31,"KRAFT,KELTZ",-74.46208954,43.86524963,26,26,NO,NO,NA,NO,MOSTLY CLOUDY,LOW WIND,RAIN,NA,1,1,NA,NA,NA,NA,NA,NA,NA,NA,NA,NA,NA,NA,NA,NA,NA,NA,NA,NA,NA,NA,NA,NA,NA,NA,NA,NA,NA,NA,NA,NA,NA,NA,NA,NA,NA,NA,NA,NA,NA,NA,NA,NA,NA,NA,NA,NA,NA,NA,NA,NA,NA,NA,NA,NA,NA,{44ABD2CF-2608-46D4-AE20-63D1BDAD1568},,LCI,WATER COLUMN,NA,NA,NA
7/14/2020,0903FOL0186_DH,2009FOL0S31,"ONION,JEFF LOJPSBERGER",-74.37332916,44.17601776,32,32,NO,NO,NA,NO,OVERCAST,LOW WIND,CLEAR,NA,1,1,NA,NA,NA,NA,NA,NA,NA,NA,NA,NA,NA,NA,NA,NA,NA,NA,NA,NA,NA,NA,NA,NA,NA,NA,NA,NA,NA,NA,NA,NA,NA,NA,NA,NA,NA,NA,NA,NA,NA,NA,NA,NA,NA,NA,NA,NA,NA,NA,NA,NA,NA,NA,NA,NA,NA,{9CC1C743-0561-48FA-96C4-B820EC5B31A9},,LCI,WATER COLUMN,NA,NA,NA
7/14/2020,0903EAG0306_DH,2009EAG0S31,"KELTZ,KRAFT",-74.4756012,43.84930038,8.1,8.1,NO,NO,NA,NO,PARTLY CLOUDY,LOW WIND,CLEAR,NA,2,2,NA,NA,NA,NA,NA,NA,NA,NA,NA,NA,NA,NA,NA,NA,NA,NA,NA,NA,NA,NA,NA,NA,NA,NA,NA,NA,NA,NA,NA,NA,NA,NA,NA,NA,NA,NA,NA,NA,NA,NA,NA,NA,NA,NA,NA,NA,NA,NA,NA,NA,NA,NA,NA,NA,NA,{23B9A450-74FA-40E1-AE62-4FE3573A48EE},DEPTH PROFLE FOR THIS SITE NEEDS TO BE CORRECTED,LCI,WATER COLUMN,NA,NA,NA
7/15/2020,0905LOW0061_DH,2009LOW0S31,"ONION,JLOPE",-75.30879974,44.58101654,1.2,1,NO,NA,NO,YES,CLEAR,LOW WIND,CLEAR,NA,3,3,SPARSE,EXTENSIVE,EXTENSIVE,GOOD,HYPEREUTROPHIC,NA,NONE,NONE,NONE,NONE,NONE,MEDIUM,MEDIUM,NONE,LOW,LOW,LOW,NONE,NONE,LOW,NONE,NONE,NONE,NONE,NONE,NONE,NONE,NONE,NONE,NONE,NONE,NONE,NONE,NONE,NONE,NONE,NONE,NONE,NONE,LOW,NONE,NONE,NONE,NATURAL,LOW,NOT SWIMMABLE,0,MODERATE,RARE,SPARSE,MODERATE,SPARSE,RARE,RARE,RARE,{21B3D169-C0BA-4D70-AA1C-5ECC212BBBAE},,LCI,WATER COLUMN,NA,NA,NA
7/15/2020,0906MUD0005_DH,2009MUD05S31,"ONION,JLOPE",-75.59980011,44.37070084,5,5,NO,NO,NO,NO,PARTLY CLOUDY,LOW WIND,CLEAR,NA,2,3,SPARSE,MODERATE,MODERATE,GOOD,EUTROPHIC,NA,NONE,NONE,NONE,NONE,NONE,NONE,NONE,NONE,LOW,NONE,LOW,NONE,NONE,LOW,NONE,NONE,NONE,NONE,NONE,NONE,NONE,NONE,NONE,NONE,NONE,NONE,NONE,NONE,NONE,NONE,NONE,NONE,NONE,LOW,NONE,NONE,NONE,NONE,RESTRICTED,FAIR,0,MODERATE,RARE,RARE,SPARSE,RARE,RARE,RARE,RARE,{95773DCB-0C34-4B78-9015-306F6E3EC599},,LCI,WATER COLUMN,NA,NA,NA
7/15/2020,0906RED0010_DH,2009RED0S31,"ONION,JLOPE",-75.73016357,44.2713089,15,14.2,NO,NO,NO,NO,CLEAR,LOW WIND,CLEAR,NA,3,3,MODERATE,MODERATE,MODERATE,GOOD,EUTROPHIC,NA,LOW,LOW,LOW,NONE,NONE,LOW,NONE,NONE,NONE,NONE,LOW,LOW,NONE,LOW,NONE,NONE,NONE,NONE,NONE,NONE,NONE,NONE,NONE,NONE,NONE,NONE,NONE,NONE,NONE,NONE,NONE,NONE,NONE,LOW,NONE,NONE,NONE,NONE,LOW,FAIR,0,MODERATE,RARE,SPARSE,SPARSE,SPARSE,RARE,RARE,RARE,{42163ECA-5009-4AD2-8BD5-09BF2B7E5557},,LCI,WATER COLUMN,NA,NA,NA
7/15/2020,0905MOO0071_DH,2009MOO0S31,"ONION,JLOPE",-75.73433685,44.25427628,5.5,5.5,NO,NO,NO,NO,CLEAR,LOW WIND,CLEAR,NA,3,3,MODERATE,EXTENSIVE,EXTENSIVE,GOOD,HYPEREUTROPHIC,NA,MEDIUM,LOW,LOW,NONE,NONE,LOW,NONE,NONE,NONE,LOW,LOW,NONE,LOW,LOW,LOW,NONE,LOW,NONE,NONE,NONE,NONE,NONE,NONE,NONE,NONE,NONE,NONE,NONE,NONE,NONE,NONE,NONE,NONE,MEDIUM,NONE,NONE,NONE,NONE,RESTRICTED,NOT SWIMMABLE,0,MODERATE,RARE,SPARSE,SPARSE,RARE,RARE,RARE,SPARSE,{4E72AF0D-3564-4A9F-8150-6139F96D422F},,LCI,WATER COLUMN,NA,NA,NA
7/15/2020,0906MUD0003_DH,2009MUD03S31,"KRAFT,KELTZ",-75.45838165,44.49983215,7.8,7.5,NO,NO,NA,NO,CLEAR,MODERATE WIND,CLEAR,NA,3,3,NA,NA,NA,NA,NA,NA,NA,NA,NA,NA,NA,NA,NA,NA,NA,NA,NA,NA,NA,NA,NA,NA,NA,NA,NA,NA,NA,NA,NA,NA,NA,NA,NA,NA,NA,NA,NA,NA,NA,NA,NA,NA,NA,NA,NA,NA,NA,NA,NA,NA,NA,NA,NA,NA,NA,{309709A0-DB86-44E0-96E4-5D430A50D920},,LCI,WATER COLUMN,NA,NA,NA
7/15/2020,0906HIC0004_DH,2009HIC0S31,"KRAFT,KELTZ",-75.51071167,44.47011948,3.5,3.5,NO,NA,NA,NO,CLEAR,MODERATE WIND,CLEAR,NA,3,3,NA,NA,NA,NA,NA,NA,NA,NA,NA,NA,NA,NA,NA,NA,NA,NA,NA,NA,NA,NA,NA,NA,NA,NA,NA,NA,NA,NA,NA,NA,NA,NA,NA,NA,NA,NA,NA,NA,NA,NA,NA,NA,NA,NA,NA,NA,NA,NA,NA,NA,NA,NA,NA,NA,NA,{54D53962-EBDC-4F69-BE1C-78E65C1686B5},,LCI,WATER COLUMN,NA,NA,NA
7/15/2020,0906MUS0008_DH,2009MUS0S31,"KRAFT,KELTZ",-75.68580627,44.30424118,8.1,8,NO,YES,NA,NO,CLEAR,LOW WIND,CLEAR,NA,4,4,NA,NA,NA,NA,NA,NA,NA,NA,NA,NA,NA,NA,NA,NA,NA,NA,NA,NA,NA,NA,NA,NA,NA,NA,NA,NA,NA,NA,NA,NA,NA,NA,NA,NA,NA,NA,NA,NA,NA,NA,NA,NA,NA,NA,NA,NA,NA,NA,NA,NA,NA,NA,NA,NA,NA,{B813C823-FDB0-423B-AE30-FE92143C4760},,LCI,WATER COLUMN,NA,NA,NA
7/16/2020,0905SYL0088_DH,2009SYL0S31,"ONION,JLOPE",-75.41113281,44.25216675,32,32,NO,NO,NO,NO,CLEAR,HIGH WIND,CLEAR,NA,2,1,RARE,RARE,RARE,EXCELLENT,OLIGOTROPHIC,NA,HIGH,MEDIUM,NONE,NONE,NONE,MEDIUM,NONE,NONE,NONE,LOW,LOW,LOW,LOW,LOW,NONE,NONE,NONE,NONE,NONE,NONE,NONE,NONE,NONE,NONE,NONE,NONE,NONE,NONE,NONE,NONE,NONE,NONE,NONE,NONE,NONE,LOW,NONE,NONE,HIGH,GOOD,1,SPARSE,SPARSE,SPARSE,RARE,SPARSE,MODERATE,RARE,EXTENSIVE,{B5C0A5EE-7818-4E85-AB6D-C7FC41ACD813},HIGHLY DEVELOPED WITH COTTAGES AND DOCKS/BOATS BUT VERY GOOD WATER CLARITY NOTABLE ABSENCE OF MACROPHYTE AND ALGAE./ROUGH CONDITIONS AT SITE. HIGH WIND  WAVES MADE IT PRUDENT TO NOT DO A DUPE PROFILE./HIGH WINDS. ROUGH CONDITIONS AT DEEP HOLE,LCI,WATER COLUMN,NA,NA,NA
7/16/2020,0903BLA0029A_DH,2009BLA0S31,"KRAFT,KELTZ",-74.75539398,44.48690033,16,14,NO,NO,NO,NO,PARTLY CLOUDY,HIGH WIND,CLEAR,NA,2,2,RARE,RARE,RARE,GOOD,MESOTROPHIC,NA,LOW,LOW,NONE,NONE,NONE,LOW,LOW,NONE,NONE,LOW,LOW,NONE,NONE,NONE,NONE,NONE,NONE,NONE,NONE,NONE,NONE,NONE,NONE,NONE,NONE,NONE,NONE,NONE,NONE,NONE,NONE,NONE,NONE,MEDIUM,NONE,MEDIUM,NONE,ARTIFICAL,HIGH,FAIR,1,EXTENSIVE,RARE,RARE,RARE,RARE,RARE,NA,RARE,{3E32A47C-0E9B-413C-AFDB-C61A8BF9CCFB},,LCI,WATER COLUMN,NA,NA,NA
7/16/2020,0903EAT0248_DH,2009EAT0S31,"KRAFT,GORNEY",-74.46486664,43.97951889,13.5,12.5,NO,NO,NO,NO,OVERCAST,HIGH WIND,CLEAR,NA,1,1,RARE,RARE,RARE,EXCELLENT,OLIGOTROPHIC,NA,LOW,LOW,NONE,NONE,NONE,LOW,NONE,NONE,LOW,LOW,LOW,NONE,NONE,NONE,NONE,NONE,NONE,NONE,NONE,NONE,NONE,NONE,NONE,NONE,NONE,NONE,NONE,NONE,NONE,NONE,NONE,NONE,NONE,LOW,NONE,NONE,LOW,ARTIFICAL,RESTRICTED,GOOD,0,EXTENSIVE,RARE,RARE,RARE,RARE,RARE,NA,NA,{BEF7286E-3CFE-4F5A-8527-2E6937466EDE},,LCI,WATER COLUMN,NA,NA,NA
7/21/2020,0602LUD0099_DH,2006LUD0S31,"KRAFT,MEREDITH STREETER",-75.70880127,42.46549988,8.1,8.1,NO,NO,NO,NO,PARTLY CLOUDY,LOW WIND,CLEAR,NA,2,2,SPARSE,SPARSE,SPARSE,GOOD,OLIGOTROPHIC,NA,LOW,LOW,NONE,NONE,NONE,LOW,NONE,NONE,LOW,LOW,LOW,LOW,NONE,NONE,NONE,NONE,NONE,NONE,NONE,NONE,NONE,NONE,NONE,NONE,NONE,NONE,NONE,NONE,NONE,NONE,NONE,NONE,NONE,LOW,LOW,NONE,NONE,ARTIFICAL,BANNED,GOOD,0,EXTENSIVE,SPARSE,RARE,SPARSE,RARE,NA,NA,SPARSE,{100DEA3D-0059-4235-A729-9ED1556701C3},,LCI,WATER COLUMN,NA,NA,NA
7/21/2020,1202ENG0589_DH,2012ENG0S31,"KRAFT,MEREDITH STREETER",-74.65219879,42.75690079,3.8,3.5,NO,NA,NO,NO,CLEAR,LOW WIND,CLEAR,NA,4,4,RARE,RARE,SPARSE,FAIR,EUTROPHIC,NA,NONE,NONE,NONE,NONE,NONE,MEDIUM,LOW,NONE,NONE,NONE,NONE,NONE,NONE,NONE,NONE,LOW,LOW,NONE,NONE,NONE,NONE,MEDIUM,NONE,NONE,NONE,NONE,NONE,NONE,NONE,NONE,NONE,NONE,NONE,LOW,NONE,NONE,NONE,ARTIFICAL,BANNED,FAIR,0,MODERATE,SPARSE,SPARSE,RARE,SPARSE,SPARSE,SPARSE,RARE,{3386DB71-CC29-4B76-919E-1CE28B172DBE},,LCI,WATER COLUMN,NA,NA,NA
7/22/2020,0603CAY0008_DH,2006CAY0S31,"KRAFT,MEREDITH STREETER",-76.73539734,42.36700058,8.6,8,YES,YES,NO,NO,MOSTLY CLOUDY,LOW WIND,CLEAR,NA,5,NA,RARE,RARE,SPARSE,POOR,HYPEREUTROPHIC,NA,MEDIUM,MEDIUM,LOW,NONE,NONE,MEDIUM,NONE,NONE,LOW,LOW,LOW,NONE,LOW,LOW,MEDIUM,NONE,NONE,NONE,NONE,NONE,NONE,NONE,NONE,NONE,NONE,NONE,NONE,NONE,NONE,NONE,NONE,NONE,NONE,MEDIUM,NONE,NONE,NONE,NATURAL,HIGH,NOT SWIMMABLE,0,MODERATE,SPARSE,SPARSE,SPARSE,SPARSE,NA,NA,NA,{7437D398-9B72-43FF-A475-FBBFB230D7C4},,LCI,WATER COLUMN,NA,NA,NA
7/22/2020,0502MILXXX1_DH,2005MILXS31,"KRAFT,MEREDITH STREETER",-77.09700012,42.37559891,2.8,2.3,NO,NA,NO,NO,PARTLY CLOUDY,LOW WIND,CLEAR,NA,4,4,MODERATE,MODERATE,EXTENSIVE,FAIR,EUTROPHIC,NA,LOW,LOW,LOW,LOW,LOW,MEDIUM,LOW,NONE,NONE,LOW,LOW,NONE,NONE,LOW,NONE,NONE,NONE,NONE,NONE,NONE,NONE,NONE,NONE,NONE,NONE,NONE,NONE,NONE,NONE,NONE,NONE,NONE,NONE,MEDIUM,NONE,NONE,NONE,NATURAL,LOW,NOT SWIMMABLE,0,MODERATE,SPARSE,SPARSE,SPARSE,RARE,NA,NA,SPARSE,{7248D75E-DA4B-4D60-85A5-0C45E99C408F},,LCI,WATER COLUMN,NA,NA,NA
7/22/2020,0603SPE0013_DH,2006SPE0S31,"KRAFT,MEREDITH STREETER",-76.50019836,42.24750137,12.4,12,NO,YES,NO,NO,PARTLY CLOUDY,LOW WIND,CLEAR,NA,3,3,SPARSE,SPARSE,MODERATE,FAIR,EUTROPHIC,NA,MEDIUM,LOW,NONE,NONE,NONE,NONE,NONE,NONE,NONE,NONE,LOW,NONE,NONE,NONE,NONE,NONE,NONE,NONE,NONE,NONE,NONE,NONE,NONE,NONE,NONE,NONE,NONE,NONE,NONE,NONE,NONE,NONE,NONE,LOW,NONE,NONE,NONE,ARTIFICAL,LOW,FAIR,0,MODERATE,RARE,SPARSE,SPARSE,RARE,NA,NA,NA,{F326357F-F474-4952-ADC5-0FF8C1613FBF},,LCI,WATER COLUMN,NA,NA,NA
7/27/2020,1202COB0583_DH,2012COB0S31,"ONION,KELEIGH REYNOLDS",-74.44320679,42.66648865,5.5,5.5,NO,NO,NO,NO,CLEAR,LOW WIND,CLEAR,NA,4,4,RARE,RARE,RARE,POOR,HYPEREUTROPHIC,NA,NONE,HIGH,NONE,NONE,NONE,MEDIUM,NONE,NONE,NONE,LOW,NONE,NONE,NONE,LOW,NONE,MEDIUM,MEDIUM,NONE,NONE,NONE,NONE,MEDIUM,NONE,NONE,NONE,NONE,NONE,NONE,NONE,NONE,NONE,NONE,HIGH,LOW,NONE,LOW,NONE,ARTIFICAL,BANNED,FAIR,5,RARE,EXTENSIVE,EXTENSIVE,RARE,RARE,MODERATE,MODERATE,RARE,{587A83CD-C9C8-4E43-862B-EB620DE1D0DE},,LCI,WATER COLUMN,NA,NA,NA
7/27/2020,1202UWB5180_DH,2012UWB51S31,"ONION,KELEIGH REYNOLDS",-74.04696655,42.62204361,1.3,1.3,NO,NA,NO,NO,PARTLY CLOUDY,LOW WIND,CLEAR,NA,4,3,MODERATE,EXTENSIVE,EXTENSIVE,FAIR,EUTROPHIC,NA,MEDIUM,HIGH,NONE,NONE,NONE,LOW,NONE,NONE,NONE,NONE,NONE,NONE,NONE,NONE,LOW,NONE,LOW,NONE,NONE,NONE,NONE,NONE,NONE,NONE,NONE,NONE,NONE,NONE,NONE,NONE,NONE,NONE,NONE,MEDIUM,NONE,LOW,NONE,ARTIFICAL,BANNED,NOT SWIMMABLE,10,RARE,EXTENSIVE,MODERATE,RARE,RARE,RARE,RARE,EXTENSIVE,{F7E0C0EC-D892-4389-A466-8D5705CE3D08},,LCI,WATER COLUMN,NA,NA,NA
7/27/2020,1201MIRXXX1_DH,2012MIRXS31,"KELTZ,KRAFT",-74.99098206,43.03852463,2.8,2.8,YES,NA,YES,NO,MOSTLY CLOUDY,LOW WIND,CLEAR,NA,5,NA,SPARSE,SPARSE,MODERATE,POOR,HYPEREUTROPHIC,NA,NONE,MEDIUM,LOW,MEDIUM,HIGH,MEDIUM,LOW,NONE,LOW,LOW,LOW,NONE,NONE,NONE,MEDIUM,NONE,NONE,NONE,NONE,NONE,NONE,HIGH,NONE,NONE,NONE,NONE,NONE,NONE,HIGH,NONE,NONE,NONE,NONE,MEDIUM,NONE,HIGH,NONE,ARTIFICAL,BANNED,NOT SWIMMABLE,1.5,SPARSE,SPARSE,SPARSE,SPARSE,SPARSE,SPARSE,SPARSE,SPARSE,{322801AC-887D-49FB-B9F1-9E6086C815D9},,LCI,WATER COLUMN,NA,NA,NA
7/27/2020,0703ROM5276_DH,2012ROM5S31,"KELTZ,KRAFT",-75.59039307,43.43915558,21,18.5,NO,NO,NO,NO,PARTLY CLOUDY,LOW WIND,CLEAR,NA,2,2,RARE,RARE,RARE,GOOD,OLIGOTROPHIC,NA,NONE,NONE,NONE,NONE,NONE,LOW,LOW,NONE,NONE,NONE,LOW,NONE,NONE,NONE,NONE,NONE,NONE,NONE,NONE,NONE,NONE,LOW,NONE,NONE,NONE,NONE,NONE,NONE,NONE,NONE,NONE,NONE,LOW,LOW,NONE,NONE,NONE,ARTIFICAL,RESTRICTED,GOOD,0,EXTENSIVE,RARE,RARE,RARE,RARE,NA,RARE,NA,{C469050C-579C-4C2D-BDE6-4FE9C405FB92},HEADWATERS OF ROME RES SEE COORDS,LCI,WATER COLUMN,NA,NA,NA
7/27/2020,1202ECH0605_DH,2012ECH0S31,"ONION,KELEIGH REYNOLDS",-74.19565582,42.70764923,1.2,1.2,NO,NA,NO,NO,CLEAR,LOW WIND,CLEAR,NA,3,2,EXTENSIVE,EXTENSIVE,EXTENSIVE,FAIR,EUTROPHIC,NA,MEDIUM,MEDIUM,NONE,NONE,NONE,LOW,NONE,NONE,NONE,NONE,NONE,NONE,NONE,NONE,NONE,NONE,NONE,NONE,NONE,NONE,NONE,NONE,NONE,NONE,NONE,NONE,NONE,NONE,NONE,NONE,NONE,NONE,NONE,NONE,NONE,NONE,NONE,NATURAL,BANNED,NOT SWIMMABLE,NA,MODERATE,SPARSE,SPARSE,SPARSE,RARE,RARE,RARE,RARE,{53F1E574-F5F9-4188-B0B7-8BFFFA7A39E6},,LCI,WATER COLUMN,NA,NA,NA
7/28/2020,1201ECA0703A_DH,2012ECA0S31,"ONION,KELEIGH REYNOLDS",-74.74266815,43.027771,7,6.9,NO,NO,NO,NO,CLEAR,LOW WIND,CLEAR,NA,2,2,RARE,RARE,RARE,FAIR,EUTROPHIC,NA,NONE,LOW,NONE,NONE,NONE,NONE,NONE,NONE,NONE,LOW,LOW,NONE,NONE,LOW,NONE,NONE,NONE,NONE,NONE,NONE,NONE,NONE,NONE,NONE,NONE,NONE,NONE,NONE,LOW,NONE,NONE,NONE,NONE,MEDIUM,NONE,MEDIUM,NONE,ARTIFICAL,BANNED,FAIR,NA,MODERATE,SPARSE,SPARSE,SPARSE,RARE,RARE,RARE,SPARSE,{EDB429F6-34CD-4ABC-B451-20DDC4614635},,LCI,WATER COLUMN,NA,NA,NA
7/28/2020,1203GLA0859_DH,2012GLA0S31,"ONION,KELEIGH REYNOLDS",-74.63289642,43.41450119,7.2,7.2,NO,NO,NO,NO,CLEAR,LOW WIND,CLEAR,NA,1,1,RARE,RARE,RARE,EXCELLENT,OLIGOTROPHIC,NA,NONE,NONE,NONE,NONE,NONE,NONE,NONE,NONE,NONE,NONE,NONE,NONE,NONE,NONE,NONE,NONE,NONE,NONE,NONE,NONE,NONE,NONE,NONE,NONE,NONE,NONE,NONE,NONE,NONE,NONE,NONE,NONE,NONE,NONE,NONE,NONE,NONE,NATURAL,BANNED,GOOD,NA,EXTENSIVE,RARE,SPARSE,EXTENSIVE,RARE,RARE,RARE,RARE,{0252C169-9B24-4211-A7DD-2A176C7251D9},G LAKE NOT HONNEDAGA,LCI,WATER COLUMN,NA,NA,NA
7/28/2020,1202COL0649_DH,2012COL0S31,"KELTZ,KRAFT",-74.12112427,42.23783112,3.6,3.4,NO,NA,NO,NO,OVERCAST,LOW WIND,CLEAR,NA,3,3,RARE,RARE,RARE,GOOD,MESOTROPHIC,NA,NONE,LOW,NONE,NONE,NONE,LOW,LOW,NONE,MEDIUM,MEDIUM,MEDIUM,NONE,NONE,LOW,NONE,NONE,NONE,NONE,NONE,NONE,NONE,NONE,NONE,NONE,NONE,NONE,NONE,NONE,NONE,NONE,NONE,NONE,NONE,MEDIUM,NONE,NONE,MEDIUM,ARTIFICAL,BANNED,FAIR,NA,MODERATE,MODERATE,MODERATE,SPARSE,RARE,RARE,RARE,RARE,{D7F430EC-1F36-4C71-8AAA-040ABC53F216},,LCI,WATER COLUMN,NA,NA,NA
7/28/2020,1202RIP0656A_DH,2012RIP0S31,"KELTZ,KRAFT",-74.13246918,42.19159698,1.6,1.6,NO,NA,YES,YES,MOSTLY CLOUDY,MODERATE WIND,CLEAR,NA,4,3,MODERATE,MODERATE,MODERATE,FAIR,EUTROPHIC,NA,MEDIUM,MEDIUM,LOW,NONE,NONE,MEDIUM,NONE,NONE,NONE,MEDIUM,NONE,LOW,NONE,LOW,LOW,NONE,NONE,NONE,NONE,NONE,NONE,NONE,NONE,NONE,NONE,NONE,NONE,NONE,NONE,LOW,NONE,NONE,NONE,MEDIUM,NONE,NONE,NONE,ARTIFICAL,BANNED,NOT SWIMMABLE,NA,RARE,MODERATE,SPARSE,SPARSE,MODERATE,SPARSE,RARE,MODERATE,{56636E49-2E17-479D-B065-6C51A465D0E3},,LCI,WATER COLUMN,NA,NA,NA
7/28/2020,1202TAN0655D_DH,2012TAN0S31,"KELTZ,KRAFT",-74.15938568,42.21092224,4,3.8,NO,NA,NO,NO,MOSTLY CLOUDY,MODERATE WIND,CLEAR,NA,2,2,RARE,RARE,RARE,GOOD,OLIGOTROPHIC,NA,NONE,NONE,NONE,NONE,NONE,NONE,NONE,NONE,NONE,NONE,LOW,NONE,NONE,NONE,NONE,NONE,NONE,NONE,NONE,NONE,NONE,MEDIUM,NONE,NONE,NONE,NONE,NONE,NONE,NONE,NONE,NONE,NONE,NONE,LOW,NONE,MEDIUM,NONE,ARTIFICAL,BANNED,FAIR,NA,MODERATE,RARE,RARE,RARE,RARE,SPARSE,RARE,RARE,{838105BA-6A30-4F2D-9D7B-0B2A1CA9281B},,LCI,WATER COLUMN,NA,NA,NA
7/29/2020,1201FEA0571_DH,2012FEA0S31,"ONION,KELEIGH REYNOLDS",-74.11547852,42.81464005,1.2,1.2,NO,NA,NO,YES,CLEAR,LOW WIND,CLEAR,NA,2,2,MODERATE,EXTENSIVE,EXTENSIVE,GOOD,EUTROPHIC,NA,MEDIUM,LOW,NONE,NONE,NONE,NONE,NONE,NONE,LOW,NONE,NONE,NONE,NONE,NONE,NONE,NONE,NONE,NONE,NONE,NONE,NONE,NONE,NONE,NONE,NONE,NONE,NONE,NONE,NONE,NONE,NONE,NONE,NONE,MEDIUM,NONE,NONE,NONE,NATURAL,BANNED,FAIR,0,MODERATE,RARE,SPARSE,MODERATE,RARE,RARE,RARE,RARE,{B3D80A3B-5324-4332-B4DE-E840FEF6CC2D},,LCI,WATER COLUMN,NA,NA,NA
7/29/2020,1201UWB5549_DH,2012UWB55S31,"ONION,KELEIGH REYNOLDS",-73.69744873,42.75484085,1,1,NO,NA,NO,NO,CLEAR,LOW WIND,CLEAR,NA,5,NA,EXTENSIVE,EXTENSIVE,EXTENSIVE,POOR,HYPEREUTROPHIC,NA,NONE,MEDIUM,NONE,MEDIUM,NONE,MEDIUM,NONE,NONE,NONE,NONE,NONE,NONE,NONE,HIGH,MEDIUM,NONE,NONE,NONE,NONE,NONE,NONE,LOW,NONE,NONE,NONE,NONE,NONE,NONE,MEDIUM,MEDIUM,NONE,NONE,NONE,NONE,NONE,NONE,NONE,ARTIFICAL,BANNED,NOT SWIMMABLE,0,RARE,EXTENSIVE,MODERATE,RARE,RARE,MODERATE,RARE,EXTENSIVE,{635DE3FA-354E-437E-B402-D7A36151638E},,LCI,WATER COLUMN,NA,NA,NA
7/29/2020,1201UWBXXX3_DH,2012UWBX3S31,"KRAFT,KELTZ",-74.03097534,42.8611412,2.8,2.8,NO,NA,YES,NO,PARTLY CLOUDY,LOW WIND,CLEAR,NA,3,3,RARE,RARE,RARE,FAIR,MESOTROPHIC,NA,LOW,LOW,LOW,NONE,LOW,LOW,NONE,NONE,NONE,NONE,MEDIUM,NONE,NONE,MEDIUM,NONE,NONE,NONE,NONE,NONE,NONE,NONE,NONE,NONE,HIGH,NONE,NONE,LOW,NONE,NONE,NONE,NONE,NONE,NONE,MEDIUM,NONE,NONE,NONE,NONE,BANNED,FAIR,NA,MODERATE,SPARSE,MODERATE,RARE,MODERATE,SPARSE,RARE,RARE,{031EF8BE-EC53-41D8-B2A6-59D9D64D02EB},,LCI,WATER COLUMN,NA,NA,NA
7/29/2020,1201VAN0689_DH,2012VAN0S31,"KELTZ,KRAFT",-74.36404419,43.11776352,3.6,3.4,NO,NA,NO,YES,CLEAR,MODERATE WIND,CLEAR,NA,1,1,SPARSE,MODERATE,EXTENSIVE,GOOD,MESOTROPHIC,NA,LOW,LOW,NONE,NONE,NONE,LOW,LOW,NONE,NONE,NONE,NONE,NONE,NONE,NONE,NONE,NONE,NONE,NONE,NONE,NONE,NONE,MEDIUM,NONE,NONE,NONE,NONE,NONE,NONE,NONE,NONE,NONE,NONE,NONE,LOW,NONE,NONE,NONE,ARTIFICAL,RESTRICTED,GOOD,0,MODERATE,SPARSE,RARE,SPARSE,RARE,NA,NA,NA,{5FF1DA0B-A22D-492D-B393-88C522732560},,LCI,WATER COLUMN,NA,NA,NA
7/29/2020,0703ONE0026_3MILE_DH,20ON3MILS31,"STAINBROOK,MCCAFFREY CLINKHAMMER PRESTIGIACOMO",-76.04440308,43.22109985,6.4,6.4,NO,NA,NO,NO,PARTLY CLOUDY,LOW WIND,CLEAR,NA,1,2,RARE,RARE,RARE,GOOD,MESOTROPHIC,NA,LOW,LOW,NONE,NONE,NONE,LOW,LOW,LOW,NONE,LOW,LOW,LOW,LOW,NONE,NONE,MEDIUM,LOW,LOW,LOW,LOW,LOW,LOW,LOW,LOW,LOW,LOW,LOW,LOW,NONE,LOW,NONE,NONE,LOW,LOW,LOW,LOW,LOW,NONE,LOW,GOOD,NA,SPARSE,SPARSE,SPARSE,SPARSE,SPARSE,SPARSE,SPARSE,SPARSE,{3CB66E45-5192-4A63-8A79-04EDEDDDBE6B},CRAZY THIS HAS TO BE FILLED IN EVERY TIME.,LCI,WATER COLUMN,NA,NA,NA
7/29/2020,0703ONE0026_B109_DH,20ONB109S31,"ONION,MCCAFFREY CLINKHAMMER PRESTIGIACOMO",-75.77079773,43.18610001,11,11,NO,YES,NO,NO,CLEAR,LOW WIND,CLEAR,NA,1,2,RARE,RARE,RARE,GOOD,MESOTROPHIC,NA,LOW,LOW,LOW,LOW,LOW,LOW,LOW,LOW,LOW,LOW,LOW,LOW,LOW,LOW,LOW,LOW,LOW,LOW,LOW,LOW,LOW,LOW,LOW,LOW,LOW,LOW,LOW,LOW,LOW,LOW,LOW,LOW,LOW,LOW,LOW,LOW,LOW,NONE,LOW,FAIR,NA,NA,NA,NA,NA,NA,NA,NA,NA,{E47890E4-6561-43D9-ACBB-FB6063E37BBC},,LCI,WATER COLUMN,NA,NA,NA
7/29/2020,0703ONE0026_SHACK_DH,20ONSHACKS31,ONION,-75.92639923,43.18080139,10.8,10.8,NO,YES,NO,NO,MOSTLY CLOUDY,LOW WIND,CLEAR,NA,2,2,RARE,RARE,RARE,FAIR,MESOTROPHIC,NA,NONE,NONE,NONE,NONE,NONE,NONE,NONE,NONE,NONE,NONE,NONE,NONE,NONE,NONE,NONE,NONE,NONE,NONE,NONE,NONE,NONE,NONE,NONE,NONE,NONE,NONE,NONE,NONE,NONE,NONE,NONE,NONE,NONE,NONE,NONE,NONE,NONE,NONE,LOW,FAIR,NA,NA,NA,NA,NA,NA,NA,NA,NA,{DBD62748-059B-47FB-A99D-5D47F24ACB0E},DUPLICATE PROFILE LOGGED ON THE EXO2,LCI,WATER COLUMN,NA,NA,NA
8/3/2020,1310BLA0N80B_DH,2013BLA0S41,"ONION,KELEIGH REYNOLDS",-73.4095993,42.61769867,8,7.5,NO,NO,YES,NO,CLEAR,LOW WIND,CLEAR,NA,1,1,SPARSE,SPARSE,SPARSE,GOOD,OLIGOTROPHIC,NA,NONE,LOW,NONE,LOW,NONE,LOW,LOW,LOW,MEDIUM,MEDIUM,MEDIUM,NONE,NONE,NONE,NONE,NONE,NONE,NONE,NONE,NONE,NONE,NONE,NONE,NONE,NONE,NONE,NONE,NONE,NONE,NONE,NONE,NONE,LOW,MEDIUM,NONE,LOW,NONE,ARTIFICAL,BANNED,GOOD,NA,SPARSE,MODERATE,SPARSE,SPARSE,SPARSE,MODERATE,RARE,SPARSE,{0FD13020-D5EB-4142-9B29-1A206EC56A20},,LCI,WATER COLUMN,NA,NA,NA
8/3/2020,1305SIL0378_DH,2013SIL0S41,"ONION,KELEIGH REYNOLDS",-73.80319977,41.91559982,8.6,8,NO,NO,NO,NO,CLEAR,LOW WIND,CLEAR,NA,2,2,MODERATE,MODERATE,MODERATE,GOOD,MESOTROPHIC,NA,MEDIUM,LOW,LOW,LOW,NONE,MEDIUM,LOW,NONE,NONE,LOW,LOW,NONE,NONE,NONE,LOW,NONE,NONE,NONE,NONE,NONE,NONE,NONE,NONE,NONE,NONE,NONE,NONE,NONE,NONE,NONE,NONE,NONE,NONE,LOW,NONE,NONE,NONE,NONE,BANNED,FAIR,NA,MODERATE,SPARSE,SPARSE,SPARSE,RARE,EXTENSIVE,RARE,MODERATE,{5729B4AA-FFC9-4583-8035-2ABBF351BE0A},,LCI,WATER COLUMN,NA,NA,NA
8/3/2020,1601UWBXXX1_DH,2016UWBXS41,"ONION,KELEIGH REYNOLDS",-73.54440308,41.79470062,4.6,4,NO,NA,NO,NO,PARTLY CLOUDY,LOW WIND,CLEAR,NA,2,1,RARE,RARE,RARE,GOOD,MESOTROPHIC,NA,LOW,MEDIUM,NONE,LOW,NONE,MEDIUM,NONE,NONE,NONE,NONE,NONE,NONE,NONE,NONE,NONE,LOW,MEDIUM,MEDIUM,NONE,NONE,NONE,NONE,NONE,MEDIUM,NONE,NONE,NONE,NONE,NONE,NONE,NONE,NONE,NONE,LOW,NONE,NONE,NONE,NONE,BANNED,FAIR,NA,SPARSE,MODERATE,SPARSE,RARE,RARE,SPARSE,MODERATE,MODERATE,{1FCD0A5C-E151-4DD8-83F4-E27D89585F73},,LCI,WATER COLUMN,NA,NA,NA
8/4/2020,1401SWA0211_DH,2014SWA0S41,ONION,-74.98535919,41.59067917,2.5,2.5,NO,NA,NO,NO,OVERCAST,HIGH WIND,RAIN,NA,1,2,SPARSE,SPARSE,SPARSE,GOOD,MESOTROPHIC,NA,LOW,LOW,NONE,NONE,NONE,LOW,NONE,NONE,LOW,LOW,LOW,NONE,NONE,NONE,NONE,NONE,NONE,NONE,NONE,NONE,NONE,NONE,NONE,NONE,NONE,NONE,NONE,NONE,NONE,NONE,NONE,NONE,NONE,LOW,NONE,NONE,NONE,ARTIFICAL,RESTRICTED,GOOD,NA,EXTENSIVE,RARE,NA,SPARSE,RARE,RARE,RARE,RARE,{F7A19367-71C7-4EE7-B5A9-DFD01F98D97A},,LCI,WATER COLUMN,NA,NA,NA
8/4/2020,1302HEM0103H_DH,2013HEM0S41,ONION,-73.56111908,41.30975342,1.6,1.6,NO,NA,NO,NO,OVERCAST,HIGH WIND,RAIN,NA,1,2,SPARSE,SPARSE,SPARSE,GOOD,MESOTROPHIC,NA,NONE,LOW,NONE,NONE,NONE,NONE,NONE,NONE,LOW,LOW,NONE,NONE,NONE,NONE,NONE,NONE,NONE,NONE,NONE,NONE,NONE,NONE,NONE,NONE,NONE,NONE,NONE,NONE,NONE,NONE,NONE,NONE,NONE,LOW,NONE,NONE,NONE,NONE,RESTRICTED,GOOD,0,EXTENSIVE,RARE,RARE,SPARSE,RARE,RARE,RARE,RARE,{E5FE1DDE-8CA2-4C4B-9706-3F3E45871F63},,LCI,WATER COLUMN,NA,NA,NA
8/10/2020,1101MOR0101_DH,2011MOR0S41,"ONION,LAILA MITCHELL",-73.7118988,43.23165512,14.2,14.2,NO,NO,NO,NO,CLEAR,LOW WIND,CLEAR,NA,1,1,SPARSE,MODERATE,MODERATE,EXCELLENT,MESOTROPHIC,NA,NONE,LOW,NONE,NONE,NONE,LOW,NONE,LOW,LOW,LOW,LOW,NONE,NONE,LOW,NONE,NONE,NONE,NONE,NONE,NONE,NONE,NONE,NONE,NONE,NONE,NONE,NONE,NONE,NONE,NONE,NONE,NONE,NONE,LOW,NONE,NONE,NONE,ARTIFICAL,RESTRICTED,GOOD,0,SPARSE,SPARSE,SPARSE,RARE,SPARSE,RARE,RARE,SPARSE,{B5725F0B-0AA3-4307-A29A-AD47129B102B},,LCI,WATER COLUMN,NA,NA,NA
8/10/2020,0903EAG0306_DH,2009EAG0S41,"ONION,LEILA",-74.47584534,43.8490715,6,6,NO,NO,NO,YES,PARTLY CLOUDY,MODERATE WIND,CLEAR,NA,NA,1,RARE,RARE,RARE,EXCELLENT,OLIGOTROPHIC,NA,LOW,LOW,NONE,NONE,NONE,NONE,NONE,NONE,NONE,NONE,NONE,NONE,NONE,NONE,NONE,NONE,NONE,NONE,NONE,NONE,NONE,NONE,NONE,NONE,NONE,NONE,NONE,NONE,NONE,NONE,NONE,NONE,NONE,LOW,NONE,NONE,NONE,NATURAL,LOW,GOOD,0,MODERATE,RARE,RARE,RARE,RARE,RARE,RARE,RARE,{ED94C4B2-7CFD-4BCE-85F2-FB0DB1D7932A},,LCI,WATER COLUMN,NA,NA,NA
8/10/2020,0903BLU0307_DH,2009BLU0S41,"ONION,LEILA",-74.45930481,43.86602783,24.5,24.5,NO,NO,NO,NO,PARTLY CLOUDY,LOW WIND,CLEAR,NA,1,1,RARE,RARE,RARE,EXCELLENT,OLIGOTROPHIC,NA,MEDIUM,LOW,NONE,NONE,NONE,NONE,NONE,NONE,LOW,LOW,LOW,NONE,NONE,LOW,NONE,NONE,NONE,NONE,NONE,NONE,NONE,NONE,NONE,NONE,NONE,NONE,NONE,NONE,NONE,NONE,NONE,NONE,NONE,MEDIUM,NONE,NONE,NONE,NATURAL,HIGH,GOOD,NA,MODERATE,RARE,RARE,RARE,SPARSE,RARE,RARE,RARE,{FE0BE1FD-D113-4707-B35C-D05FAFA40EF5},,LCI,WATER COLUMN,NA,NA,NA
8/11/2020,0906MUD0003_DH,2009MUD03S41,"ONION,LEILA MITCHELL",-75.45809937,44.50009918,8.5,8.5,NO,YES,NO,NO,PARTLY CLOUDY,LOW WIND,CLEAR,NA,3,3,SPARSE,MODERATE,MODERATE,FAIR,HYPEREUTROPHIC,NA,LOW,NONE,NONE,NONE,NONE,LOW,NONE,NONE,NONE,NONE,NONE,NONE,NONE,HIGH,MEDIUM,NONE,NONE,NONE,NONE,NONE,NONE,NONE,LOW,NONE,NONE,NONE,NONE,NONE,NONE,NONE,NONE,NONE,NONE,NONE,NONE,NONE,NONE,NATURAL,LOW,NOT SWIMMABLE,0,MODERATE,RARE,SPARSE,SPARSE,RARE,RARE,RARE,RARE,{99353ED2-1A59-46DE-A208-043CD9478168},"INDUSTRIAL SITE, POSSIBLY METAL SCRAPPING?",LCI,WATER COLUMN,NA,NA,NA
8/11/2020,0906HIC0004_DH,2009HIC0S41,"ONION,LEILA",-75.52035522,44.46120453,3.5,3.5,NO,NA,NO,NO,CLEAR,MODERATE WIND,CLEAR,NA,2,3,MODERATE,EXTENSIVE,EXTENSIVE,POOR,HYPEREUTROPHIC,NA,LOW,LOW,NONE,NONE,NONE,LOW,NONE,NONE,NONE,NONE,NONE,NONE,NONE,NONE,LOW,NONE,NONE,NONE,NONE,NONE,NONE,NONE,NONE,NONE,NONE,NONE,NONE,NONE,NONE,NONE,NONE,NONE,NONE,LOW,NONE,NONE,NONE,NATURAL,LOW,NOT SWIMMABLE,0,EXTENSIVE,RARE,RARE,MODERATE,RARE,RARE,RARE,RARE,{7EE2AEEE-B15B-4076-9E8C-CD119E697CAA},,LCI,WATER COLUMN,NA,NA,NA
8/11/2020,1201SPE0760_DH,2012SPE0S41,"KRAFT,GORNEY",-74.57240295,43.23885345,13.5,13.1,NO,NO,NO,NO,CLEAR,MODERATE WIND,CLEAR,NA,1,1,RARE,RARE,SPARSE,EXCELLENT,OLIGOTROPHIC,NA,NONE,NONE,NONE,NONE,NONE,NONE,NONE,NONE,NONE,NONE,LOW,NONE,NONE,NONE,NONE,NONE,NONE,NONE,NONE,NONE,NONE,NONE,NONE,NONE,NONE,NONE,NONE,NONE,NONE,NONE,NONE,NONE,NONE,NONE,NONE,NONE,NONE,NATURAL,BANNED,GOOD,0,EXTENSIVE,NA,RARE,RARE,RARE,NA,NA,NA,{984AEA69-596A-4F1D-B325-B21BF593F855},,LCI,WATER COLUMN,NA,NA,NA
8/11/2020,0906MUS0008_DH,2009MUS0S41,"ONION,LEILA",-75.68666077,44.30525208,7,7,NO,NA,NO,NO,CLEAR,HIGH WIND,CLEAR,NA,3,3,RARE,RARE,RARE,FAIR,EUTROPHIC,NA,LOW,NONE,NONE,NONE,NONE,NONE,NONE,NONE,NONE,NONE,NONE,NONE,NONE,NONE,NONE,NONE,NONE,NONE,NONE,NONE,NONE,NONE,NONE,NONE,NONE,NONE,NONE,NONE,NONE,NONE,NONE,NONE,NONE,LOW,NONE,NONE,NONE,NATURAL,LOW,NOT SWIMMABLE,NA,EXTENSIVE,RARE,RARE,RARE,RARE,RARE,RARE,RARE,{D2A77B63-E922-4D78-BBAC-FDB8E3F256B9},,LCI,WATER COLUMN,NA,NA,NA
8/17/2020,0302SIL0065_DH,2003SIL0S41,"KRAFT,KELTZ",-76.54728699,43.37694931,1.1,1.1,NO,NA,NO,YES,CLEAR,LOW WIND,CLEAR,NA,2,2,MODERATE,MODERATE,EXTENSIVE,FAIR,MESOTROPHIC,NA,LOW,LOW,LOW,NONE,NONE,LOW,NONE,NONE,LOW,LOW,LOW,LOW,NONE,NONE,NONE,NONE,NONE,NONE,NONE,NONE,NONE,NONE,NONE,NONE,NONE,NONE,NONE,NONE,NONE,NONE,NONE,NONE,NONE,LOW,NONE,NONE,NONE,NATURAL,LOW,GOOD,0,EXTENSIVE,SPARSE,SPARSE,SPARSE,RARE,NA,NA,SPARSE,{CE06938A-BBA4-46E1-8BE3-7CF67FFF611F},,LCI,WATER COLUMN,NA,NA,NA
8/17/2020,0301UWB0190A_DH,2003UWB019S41,"ONION,KACIE",-78.92612457,43.18331146,1.3,1.3,NO,NA,NO,NO,CLEAR,LOW WIND,CLEAR,NA,5,3,RARE,RARE,RARE,POOR,HYPEREUTROPHIC,NA,NONE,NONE,NONE,NONE,NONE,LOW,NONE,NONE,MEDIUM,NONE,MEDIUM,NONE,NONE,NONE,HIGH,NONE,NONE,NONE,NONE,NONE,NONE,NONE,NONE,NONE,NONE,NONE,NONE,NONE,LOW,NONE,NONE,NONE,NONE,LOW,NONE,NONE,NONE,NATURAL,BANNED,NOT SWIMMABLE,NA,SPARSE,SPARSE,SPARSE,SPARSE,RARE,RARE,RARE,SPARSE,{BBD7431F-93F7-422B-908A-9BF5D827E621},,LCI,WATER COLUMN,NA,NA,NA
8/17/2020,0303NOR1041_DH,2003NOR1S41,"KRAFT,KELTZ",-76.18226624,43.64890289,5.2,5,NO,NA,NO,NO,CLEAR,MODERATE WIND,CLEAR,NA,4,4,SPARSE,SPARSE,SPARSE,FAIR,EUTROPHIC,NA,MEDIUM,MEDIUM,LOW,MEDIUM,NONE,MEDIUM,LOW,NONE,NONE,MEDIUM,NONE,MEDIUM,NONE,LOW,NONE,NONE,NONE,NONE,NONE,NONE,NONE,NONE,NONE,NONE,NONE,NONE,NONE,NONE,NONE,MEDIUM,NONE,NONE,MEDIUM,MEDIUM,NONE,NONE,NONE,NATURAL,HIGH,FAIR,0,SPARSE,SPARSE,SPARSE,SPARSE,SPARSE,SPARSE,SPARSE,SPARSE,{57D01539-9078-4CF3-9226-A11841B2A432},,LCI,WATER COLUMN,NA,NA,NA
8/17/2020,0301MID0177A_DH,2003MID0S41,"ONION,KACIE",-78.47505951,43.19034576,3.8,3.8,NO,NA,NO,NO,MOSTLY CLOUDY,MODERATE WIND,CLEAR,NA,3,3,RARE,RARE,RARE,POOR,HYPEREUTROPHIC,NA,HIGH,HIGH,NONE,NONE,NONE,MEDIUM,NONE,NONE,NONE,NONE,NONE,NONE,NONE,NONE,LOW,NONE,NONE,NONE,NONE,NONE,NONE,LOW,NONE,NONE,NONE,NONE,NONE,NONE,LOW,NONE,NONE,NONE,NONE,LOW,NONE,NONE,NONE,ARTIFICAL,BANNED,NOT SWIMMABLE,0,SPARSE,EXTENSIVE,SPARSE,SPARSE,RARE,RARE,RARE,EXTENSIVE,{B96FB63F-E579-4256-A1FB-F20023A8CDA0},,LCI,WATER COLUMN,NA,NA,NA
8/17/2020,0303SOU0001_DH,2003SOU0S41,"KRAFT,KELTZ",-76.18751526,43.62266159,5.4,5,NO,NA,NO,NO,CLEAR,MODERATE WIND,CLEAR,NA,3,3,SPARSE,SPARSE,SPARSE,FAIR,EUTROPHIC,NA,MEDIUM,MEDIUM,LOW,MEDIUM,LOW,MEDIUM,NONE,NONE,MEDIUM,MEDIUM,LOW,LOW,MEDIUM,LOW,LOW,NONE,NONE,NONE,NONE,NONE,NONE,NONE,NONE,NONE,NONE,NONE,NONE,NONE,NONE,LOW,NONE,NONE,NONE,MEDIUM,NONE,NONE,NONE,NATURAL,HIGH,FAIR,0,SPARSE,SPARSE,SPARSE,SPARSE,SPARSE,SPARSE,NA,SPARSE,{541A812A-E450-4D09-963C-6EA568682C4D},,LCI,WATER COLUMN,NA,NA,NA
8/18/2020,0303LOR0052_DH,2003LOR0S41,"KRAFT,KELTZ",-75.96063232,43.45778275,5.8,5.4,NO,YES,NO,NO,PARTLY CLOUDY,LOW WIND,CLEAR,NA,2,2,SPARSE,SPARSE,MODERATE,GOOD,MESOTROPHIC,NA,NONE,NONE,NONE,NONE,NONE,NONE,NONE,NONE,LOW,LOW,LOW,NONE,NONE,NONE,NONE,NONE,NONE,NONE,NONE,NONE,NONE,NONE,NONE,NONE,NONE,NONE,NONE,NONE,NONE,NONE,NONE,NONE,NONE,NONE,NONE,NONE,NONE,NATURAL,BANNED,GOOD,0,EXTENSIVE,NA,RARE,SPARSE,NA,NA,NA,RARE,{4E0EC08D-CE35-4C45-9730-645F5AE4975D},,LCI,WATER COLUMN,NA,NA,NA
8/18/2020,0301GOO0167O_DH,2003GOO0S41,"ONION,KACIE",-78.27480316,43.12009811,0.5,0.5,NO,NA,NO,YES,CLEAR,LOW WIND,CLEAR,NA,1,2,EXTENSIVE,EXTENSIVE,SPARSE,EXCELLENT,MESOTROPHIC,NA,NONE,NONE,NONE,NONE,NONE,NONE,NONE,NONE,NONE,NONE,NONE,NONE,NONE,NONE,NONE,NONE,NONE,NONE,NONE,NONE,NONE,NONE,NONE,NONE,NONE,NONE,NONE,NONE,NONE,NONE,NONE,NONE,NONE,NONE,NONE,NONE,NONE,NATURAL,BANNED,NOT SWIMMABLE,NA,MODERATE,RARE,RARE,EXTENSIVE,RARE,RARE,RARE,RARE,{E63BE189-3747-4B3F-8188-8542B4FEA477},,LCI,WATER COLUMN,NA,NA,NA
8/18/2020,0301WAT0166_DH,2003WAT0S41,"ONION,KACIE",-78.23669434,43.32649994,17.5,17.5,NO,NO,NO,NO,CLEAR,LOW WIND,CLEAR,NA,3,3,RARE,RARE,RARE,FAIR,EUTROPHIC,NA,MEDIUM,MEDIUM,NONE,NONE,NONE,LOW,NONE,NONE,NONE,LOW,LOW,NONE,NONE,MEDIUM,LOW,NONE,NONE,NONE,NONE,NONE,NONE,MEDIUM,NONE,NONE,NONE,NONE,NONE,NONE,MEDIUM,NONE,NONE,NONE,NONE,MEDIUM,NONE,LOW,NONE,ARTIFICAL,LOW,FAIR,NA,SPARSE,MODERATE,MODERATE,RARE,RARE,RARE,RARE,MODERATE,{FD175A80-EA3F-4B25-9FD1-5F0D3CBA57C0},,LCI,WATER COLUMN,NA,NA,NA
8/18/2020,0303STM0042_DH,2003STM0S41,"KRAFT,KELTZ",-76.03237152,43.42353821,5.3,5.2,NO,NO,NO,NO,PARTLY CLOUDY,MODERATE WIND,CLEAR,NA,2,2,SPARSE,SPARSE,MODERATE,GOOD,MESOTROPHIC,NA,NONE,NONE,NONE,NONE,NONE,LOW,NONE,NONE,NONE,NONE,LOW,NONE,NONE,NONE,NONE,NONE,NONE,NONE,NONE,NONE,NONE,NONE,NONE,NONE,NONE,NONE,NONE,NONE,NONE,NONE,NONE,NONE,NONE,NONE,NONE,NONE,NONE,NATURAL,BANNED,GOOD,0,EXTENSIVE,NA,NA,MODERATE,NA,NA,NA,NA,{93183BD7-F800-4235-9B6E-261E2EAEB937},,LCI,WATER COLUMN,NA,NA,NA
8/18/2020,0303COA0048_DH,2003COA0S41,"KRAFT,KELTZ",-75.97496796,43.40661621,7,6.6,NO,NO,NO,NO,MOSTLY CLOUDY,MODERATE WIND,CLEAR,NA,2,2,SPARSE,SPARSE,SPARSE,GOOD,MESOTROPHIC,NA,LOW,LOW,NONE,NONE,NONE,LOW,NONE,NONE,LOW,MEDIUM,LOW,NONE,NONE,NONE,NONE,NONE,NONE,NONE,NONE,NONE,NONE,NONE,NONE,NONE,NONE,NONE,NONE,NONE,NONE,NONE,NONE,NONE,NONE,LOW,NONE,NONE,NONE,NATURAL,LOW,GOOD,0,EXTENSIVE,SPARSE,SPARSE,SPARSE,RARE,NA,NA,SPARSE,{9B181479-FE11-4EAC-8D73-297F0188EBC2},,LCI,WATER COLUMN,NA,NA,NA
8/18/2020,0301UWB0153D_DH,2003UWB015S41,"ONION,KACIE",-77.66661072,43.28104019,1.35,1.35,NO,NA,NO,NO,CLEAR,MODERATE WIND,CLEAR,NA,2,3,EXTENSIVE,EXTENSIVE,EXTENSIVE,FAIR,EUTROPHIC,NA,LOW,LOW,NONE,NONE,NONE,HIGH,LOW,NONE,NONE,LOW,NONE,NONE,NONE,LOW,NONE,NONE,NONE,NONE,NONE,NONE,NONE,NONE,NONE,NONE,NONE,NONE,NONE,NONE,MEDIUM,NONE,NONE,NONE,NONE,MEDIUM,NONE,NONE,NONE,ARTIFICAL,RESTRICTED,FAIR,0,RARE,RARE,SPARSE,EXTENSIVE,MODERATE,MODERATE,RARE,MODERATE,{83FEDE81-DE54-4C37-950C-1EB7EC1CC5C3},MISTAKENLY GAVE THE PROFILE FILE THE WRONG SAMPLE NAME. WE SHOULD HAVE NAMED IT 2003UWB... BUT INSTEAD WE NAMED IT 2003BUC0S41,LCI,WATER COLUMN,NA,NA,NA
8/18/2020,0703ONE0026_SHACK_DH,20ONSHACKS41,"ONION,PRESTIGIACOMO CLINKHAMMER",-75.92639923,43.18080139,11,11,NO,NO,NA,NO,PARTLY CLOUDY,MODERATE WIND,CLEAR,NA,NA,NA,NA,NA,NA,NA,NA,NA,NA,NA,NA,NA,NA,NA,NA,NA,NA,NA,NA,NA,NA,NA,NA,NA,NA,NA,NA,NA,NA,NA,NA,NA,NA,NA,NA,NA,NA,NA,NA,NA,NA,NA,NA,NA,NA,NA,NA,NA,NA,NA,NA,NA,NA,NA,NA,NA,NA,{7FAF42F6-E1E5-4147-ACDB-E0CE4267F84B},,LCI,WATER COLUMN,NA,NA,NA
8/18/2020,0703ONE0026_3MILE_DH,20ON3MILS41,"ONION,PRESTIGIACOMO CLINKHAMMER",-76.04440308,43.22109985,6,6,NO,NA,NA,NO,PARTLY CLOUDY,MODERATE WIND,CLEAR,NA,NA,NA,NA,NA,NA,NA,NA,NA,NA,NA,NA,NA,NA,NA,NA,NA,NA,NA,NA,NA,NA,NA,NA,NA,NA,NA,NA,NA,NA,NA,NA,NA,NA,NA,NA,NA,NA,NA,NA,NA,NA,NA,NA,NA,NA,NA,NA,NA,NA,NA,NA,NA,NA,NA,NA,NA,NA,{1C6BFCA7-6140-457E-9749-7C0F8B97391A},,LCI,WATER COLUMN,NA,NA,NA
8/18/2020,0703ONE0026_B109_DH,20ONB109S41,"ONION,PRESTIGIACOMO CLINKHAMMER",-75.77079773,43.18610001,11,11,NO,NO,NA,NO,PARTLY CLOUDY,MODERATE WIND,CLEAR,NA,NA,NA,NA,NA,NA,NA,NA,NA,NA,NA,NA,NA,NA,NA,NA,NA,NA,NA,NA,NA,NA,NA,NA,NA,NA,NA,NA,NA,NA,NA,NA,NA,NA,NA,NA,NA,NA,NA,NA,NA,NA,NA,NA,NA,NA,NA,NA,NA,NA,NA,NA,NA,NA,NA,NA,NA,NA,{33DC5397-504C-40CB-A098-7A722B271C35},,LCI,WATER COLUMN,NA,NA,NA
8/19/2020,0302DEE0142_DH,2003DEE0S41,"ONION,KACIE",-77.57019806,43.02280045,8.3,8.3,NO,NO,NO,NO,CLEAR,LOW WIND,CLEAR,NA,1,2,SPARSE,SPARSE,SPARSE,GOOD,MESOTROPHIC,NA,NONE,NONE,NONE,NONE,NONE,NONE,NONE,NONE,NONE,LOW,NONE,NONE,NONE,NONE,NONE,NONE,NONE,NONE,NONE,NONE,NONE,NONE,NONE,NONE,NONE,NONE,NONE,NONE,NONE,NONE,NONE,NONE,NONE,LOW,NONE,NONE,NONE,ARTIFICAL,RESTRICTED,FAIR,0,EXTENSIVE,RARE,RARE,EXTENSIVE,RARE,RARE,RARE,RARE,{4D6A3500-3655-4380-A6EC-58F80FFC725E},,LCI,WATER COLUMN,NA,NA,NA
8/19/2020,0302MIL0092_DH,2003MIL0S41,"ONION,KACIE",-76.76641846,43.16973877,0.5,0.5,YES,NA,NO,NO,OVERCAST,LOW WIND,RAIN,NA,5,NA,SPARSE,SPARSE,SPARSE,POOR,HYPEREUTROPHIC,NA,LOW,MEDIUM,NONE,NONE,NONE,MEDIUM,NONE,NONE,NONE,NONE,NONE,NONE,NONE,NONE,HIGH,NONE,NONE,NONE,NONE,NONE,NONE,NONE,NONE,NONE,NONE,NONE,NONE,NONE,HIGH,NONE,NONE,NONE,NONE,NONE,NONE,NONE,NONE,NATURAL,RESTRICTED,NOT SWIMMABLE,0,SPARSE,MODERATE,MODERATE,MODERATE,RARE,SPARSE,RARE,MODERATE,{7607ECDB-886D-4B9D-ADE4-C02C16A7503E},,LCI,WATER COLUMN,NA,NA,NA
8/19/2020,0303HYD0391_DH,2003HYD0S41,"KELTZ,KRAFT",-75.83221436,44.24492264,6.1,6,YES,NA,NO,NO,PARTLY CLOUDY,LOW WIND,CLEAR,NA,3,3,SPARSE,MODERATE,MODERATE,EXCELLENT,EUTROPHIC,NA,MEDIUM,LOW,LOW,NONE,NONE,MEDIUM,NONE,NONE,LOW,LOW,LOW,NONE,NONE,NONE,MEDIUM,NONE,NONE,NONE,NONE,NONE,NONE,NONE,NONE,NONE,NONE,NONE,NONE,NONE,NONE,NONE,NONE,NONE,NONE,NONE,NONE,NONE,NONE,NONE,HIGH,FAIR,NA,MODERATE,RARE,RARE,RARE,RARE,RARE,RARE,NA,{988A3B0E-F6BC-425A-823A-8D8674ACEBCE},,LCI,WATER COLUMN,NA,NA,NA
8/24/2020,1501MOM1010_DH,2015MOM1S41,"KRAFT,HALEY GALLO",-74.20114899,41.28359985,9.1,8.1,NO,NO,YES,NO,CLEAR,LOW WIND,CLEAR,NA,3,3,SPARSE,SPARSE,SPARSE,FAIR,MESOTROPHIC,NA,MEDIUM,MEDIUM,NONE,NONE,NONE,MEDIUM,NONE,NONE,NONE,LOW,LOW,NONE,NONE,NONE,NONE,NONE,NONE,NONE,NONE,NONE,NONE,MEDIUM,NONE,NONE,NONE,NONE,NONE,NONE,NONE,NONE,NONE,NONE,MEDIUM,LOW,NONE,LOW,NONE,NATURAL,BANNED,FAIR,0,MODERATE,SPARSE,SPARSE,RARE,RARE,RARE,NA,SPARSE,{DC6377AC-3571-4927-BE5C-A8ECC1EBCA90},NO PROFILE DONE DUE TO MISSING LOGGER FOR SONDE.,LCI,WATER COLUMN,NA,NA,NA
8/24/2020,1301MEL0331_DH,2013MEL0S41,"KRAFT,HALEY GALLO",-73.96854401,41.47183228,9,8.7,NO,YES,NO,NO,CLEAR,LOW WIND,CLEAR,NA,3,3,RARE,RARE,RARE,FAIR,MESOTROPHIC,NA,NONE,NONE,NONE,NONE,NONE,NONE,NONE,NONE,NONE,NONE,NONE,NONE,NONE,NONE,NONE,NONE,NONE,NONE,NONE,NONE,NONE,HIGH,NONE,NONE,NONE,NONE,NONE,NONE,NONE,NONE,NONE,NONE,MEDIUM,NONE,NONE,HIGH,NONE,ARTIFICAL,BANNED,FAIR,5,EXTENSIVE,NA,NA,NA,NA,NA,NA,NA,{4CA48A70-E824-4BE4-B605-F4AFC30E24EC},NO PROFILE DONE DUE TO MISSING LOGGER FOR SONDE.,LCI,WATER COLUMN,NA,NA,NA
8/24/2020,1402LOU0040_DH,2014LOU0S41,"KELTZ,PAUL BUIST",-74.58465576,41.61587143,5.3,5.2,NO,NO,YES,NO,CLEAR,LOW WIND,CLEAR,NA,2,2,SPARSE,SPARSE,SPARSE,GOOD,MESOTROPHIC,NA,HIGH,HIGH,NONE,NONE,NONE,MEDIUM,MEDIUM,NONE,NONE,MEDIUM,MEDIUM,MEDIUM,LOW,LOW,NONE,NONE,NONE,NONE,NONE,NONE,NONE,NONE,NONE,NONE,NONE,NONE,NONE,NONE,NONE,NONE,NONE,NONE,NONE,MEDIUM,NONE,NONE,NONE,ARTIFICAL,HIGH,GOOD,NA,SPARSE,SPARSE,SPARSE,RARE,SPARSE,EXTENSIVE,RARE,RARE,{135E7FD1-24E0-44E4-B011-CD93D4DED8D0},,LCI,WATER COLUMN,NA,NA,NA
8/24/2020,1402EAS0055_DH,2014EAS0S41,"KELTZ,PAUL BUIST",-74.57309723,41.72869873,2.6,2.6,NO,NA,NO,NO,CLEAR,LOW WIND,CLEAR,NA,3,2,SPARSE,SPARSE,SPARSE,GOOD,MESOTROPHIC,NA,NONE,NONE,NONE,NONE,NONE,LOW,NONE,NONE,LOW,NONE,NONE,NONE,NONE,LOW,NONE,NONE,NONE,NONE,NONE,NONE,NONE,LOW,NONE,NONE,NONE,NONE,NONE,NONE,NONE,NONE,NONE,NONE,NONE,NONE,NONE,NONE,NONE,ARTIFICAL,BANNED,FAIR,1,MODERATE,RARE,SPARSE,RARE,RARE,RARE,RARE,RARE,{C8E86866-5123-4D4C-9451-7C1CF134B51C},,LCI,WATER COLUMN,NA,NA,NA
8/24/2020,1402EVE0050A_DH,2014EVE0S41,"KELTZ,PAUL BUIST",-74.65239716,41.76509857,1.8,1.8,NO,NA,NO,NO,CLEAR,LOW WIND,CLEAR,NA,4,4,RARE,RARE,RARE,POOR,EUTROPHIC,NA,MEDIUM,MEDIUM,NONE,NONE,NONE,MEDIUM,MEDIUM,NONE,NONE,NONE,LOW,NONE,NONE,LOW,LOW,NONE,NONE,NONE,NONE,NONE,NONE,NONE,NONE,NONE,NONE,NONE,NONE,NONE,NONE,NONE,NONE,NONE,NONE,LOW,NONE,NONE,NONE,ARTIFICAL,BANNED,NOT SWIMMABLE,0,SPARSE,MODERATE,SPARSE,RARE,RARE,RARE,RARE,MODERATE,{D5CA4A5E-42EF-479B-8F2B-DF6767D3FF9E},,LCI,WATER COLUMN,NA,NA,NA
8/25/2020,1301WIC0183A_DH,2013WIC0S41,"KRAFT,DAN REARICK",-73.82243347,41.42268753,6.1,5.5,NO,NO,NO,NO,CLEAR,LOW WIND,CLEAR,NA,1,1,RARE,RARE,RARE,GOOD,OLIGOTROPHIC,NA,NONE,NONE,NONE,NONE,NONE,LOW,LOW,NONE,NONE,NONE,NONE,NONE,NONE,NONE,NONE,NONE,NONE,NONE,NONE,NONE,NONE,MEDIUM,NONE,NONE,NONE,NONE,NONE,NONE,NONE,NONE,NONE,NONE,NONE,NONE,NONE,MEDIUM,NONE,ARTIFICAL,BANNED,GOOD,3,EXTENSIVE,NA,NA,NA,NA,RARE,NA,NA,{23D7E68A-B803-4C34-8764-6A2976A1314A},,LCI,WATER COLUMN,NA,NA,NA
8/25/2020,1305COL0404_DH,2013COL0S41,"KRAFT,DAN REARICK",-73.93904877,41.46601486,4.4,4.3,NO,NA,YES,NO,CLEAR,MODERATE WIND,CLEAR,NA,3,3,RARE,RARE,RARE,FAIR,EUTROPHIC,NA,MEDIUM,LOW,NONE,NONE,NONE,LOW,NONE,NONE,NONE,NONE,NONE,NONE,NONE,NONE,NONE,NONE,NONE,NONE,NONE,NONE,NONE,MEDIUM,NONE,NONE,NONE,NONE,NONE,NONE,NONE,NONE,NONE,NONE,NONE,NONE,NONE,MEDIUM,NONE,ARTIFICAL,BANNED,FAIR,1,EXTENSIVE,RARE,RARE,NA,RARE,RARE,NA,RARE,{7D203ED3-E79A-44FA-BDA5-DEC83EF603EB},,LCI,WATER COLUMN,NA,NA,NA
8/25/2020,1401HUN0216_DH,2014HUN0S41,"KELTZ,PAUL BUIST",-74.99019623,41.68310165,13.5,13.5,NO,NO,NO,NO,MOSTLY CLOUDY,MODERATE WIND,CLEAR,NA,3,3,RARE,MODERATE,MODERATE,FAIR,EUTROPHIC,NA,HIGH,HIGH,LOW,NONE,NONE,HIGH,NONE,NONE,NONE,LOW,NONE,NONE,NONE,NONE,NONE,NONE,NONE,NONE,NONE,NONE,NONE,NONE,NONE,NONE,NONE,NONE,NONE,NONE,NONE,LOW,NONE,NONE,NONE,LOW,NONE,NONE,NONE,NONE,LOW,GOOD,0,SPARSE,MODERATE,SPARSE,RARE,RARE,MODERATE,RARE,MODERATE,{8D4C9596-F7B6-43F8-8740-4BDE01C89161},,LCI,WATER COLUMN,NA,NA,NA
8/25/2020,1401CHE0106_DH,2014CHE0S41,"KELTZ,PAUL BUIST",-74.88780212,41.67760086,5.7,5.7,NO,NO,NO,NO,OVERCAST,MODERATE WIND,CLEAR,NA,3,2,SPARSE,SPARSE,SPARSE,GOOD,MESOTROPHIC,NA,NONE,LOW,NONE,NONE,NONE,NONE,NONE,NONE,LOW,NONE,LOW,NONE,NONE,NONE,NONE,NONE,NONE,NONE,NONE,NONE,NONE,NONE,NONE,NONE,NONE,NONE,NONE,NONE,NONE,NONE,NONE,NONE,NONE,LOW,NONE,NONE,NONE,NONE,RESTRICTED,FAIR,NA,MODERATE,SPARSE,MODERATE,SPARSE,RARE,RARE,RARE,RARE,{BAC2D82F-60EB-45F8-8D3D-F4821929A771},,LCI,WATER COLUMN,NA,NA,NA
8/25/2020,1401SUP0104_DH,2014SUP0S41,"KELTZ,PAUL BUIST",-74.87480164,41.66429901,6.6,6.6,NO,NO,NO,NO,MOSTLY CLOUDY,MODERATE WIND,CLEAR,NA,2,2,SPARSE,SPARSE,SPARSE,GOOD,MESOTROPHIC,NA,NONE,LOW,NONE,NONE,NONE,LOW,NONE,NONE,MEDIUM,MEDIUM,LOW,NONE,NONE,LOW,NONE,NONE,NONE,NONE,NONE,NONE,NONE,NONE,NONE,NONE,NONE,NONE,NONE,NONE,NONE,NONE,NONE,NONE,NONE,LOW,NONE,NONE,NONE,NONE,RESTRICTED,FAIR,NA,MODERATE,RARE,SPARSE,SPARSE,RARE,SPARSE,RARE,SPARSE,{A7BCE59B-6D78-43D6-A31A-732460B1F747},,LCI,WATER COLUMN,NA,NA,NA
8/26/2020,1203HIN0799_DH,2012HIN0S41,"KRAFT,GORNEY",-75.10603333,43.31214905,16.2,13.7,NO,NO,NO,NO,CLEAR,HIGH WIND,CLEAR,NA,2,2,RARE,RARE,RARE,FAIR,MESOTROPHIC,NA,LOW,LOW,NONE,LOW,NONE,MEDIUM,LOW,NONE,LOW,LOW,LOW,LOW,NONE,LOW,NONE,NONE,NONE,NONE,NONE,NONE,NONE,HIGH,NONE,NONE,NONE,NONE,NONE,NONE,NONE,NONE,NONE,NONE,NONE,MEDIUM,NONE,HIGH,NONE,ARTIFICAL,HIGH,GOOD,5,MODERATE,RARE,RARE,RARE,RARE,RARE,NA,SPARSE,{D03852BF-5E74-4973-97C4-C9AD6DD8139B},,LCI,WATER COLUMN,NA,NA,NA
8/26/2020,1203HIN0799_DH,2012HIN0S41,"KRAFT,GORNEY",-75.10603333,43.31214905,16.2,13.7,NO,NO,NO,NO,CLEAR,HIGH WIND,CLEAR,NA,2,2,RARE,RARE,RARE,FAIR,MESOTROPHIC,NA,LOW,LOW,NONE,LOW,NONE,MEDIUM,LOW,NONE,LOW,LOW,LOW,LOW,NONE,LOW,NONE,NONE,NONE,NONE,NONE,NONE,NONE,HIGH,NONE,NONE,NONE,NONE,NONE,NONE,NONE,NONE,NONE,NONE,NONE,MEDIUM,NONE,HIGH,NONE,ARTIFICAL,HIGH,GOOD,5,MODERATE,RARE,RARE,RARE,RARE,RARE,NA,SPARSE,{D03852BF-5E74-4973-97C4-C9AD6DD8139B},,LCI,WATER COLUMN,NA,NA,NA
8/26/2020,1311WAT0270_DH,2013WAT0S41,"KRAFT,GORNEY",-73.96102905,42.7110405,9.6,9,NO,YES,YES,NO,CLEAR,MODERATE WIND,CLEAR,NA,3,3,SPARSE,SPARSE,MODERATE,FAIR,EUTROPHIC,NA,LOW,LOW,NONE,LOW,NONE,LOW,LOW,NONE,NONE,NONE,NONE,NONE,NONE,NONE,LOW,NONE,NONE,NONE,NONE,NONE,NONE,MEDIUM,NONE,NONE,NONE,NONE,NONE,NONE,NONE,NONE,NONE,NONE,NONE,NONE,NONE,LOW,NONE,ARTIFICAL,BANNED,FAIR,NA,NA,NA,NA,NA,NA,NA,NA,NA,{A1C959B4-D13E-4228-A332-1041EEE3EEB1},,LCI,WATER COLUMN,NA,NA,NA
8/26/2020,1402HAW0005A_DH,2014HAW0S41,"KELTZ,PAUL BUIST",-74.62030029,41.37879944,2,2,NO,NA,YES,NO,CLEAR,LOW WIND,CLEAR,NA,4,3,SPARSE,SPARSE,SPARSE,FAIR,MESOTROPHIC,NA,MEDIUM,MEDIUM,LOW,NONE,NONE,MEDIUM,NONE,NONE,MEDIUM,MEDIUM,MEDIUM,NONE,NONE,MEDIUM,NONE,NONE,NONE,NONE,NONE,NONE,NONE,NONE,NONE,NONE,NONE,NONE,NONE,NONE,NONE,NONE,NONE,NONE,NONE,NONE,NONE,NONE,NONE,ARTIFICAL,LOW,FAIR,NA,SPARSE,SPARSE,SPARSE,RARE,RARE,RARE,RARE,EXTENSIVE,{2818784D-EEBF-40AA-B7E6-241AA8B24C90},,LCI,WATER COLUMN,NA,NA,NA
8/26/2020,1402RE10003_DH,2014RE10S41,"KELTZ,PAUL BUIST",-74.69080353,41.3885994,5.3,5.3,NO,NO,NO,NO,PARTLY CLOUDY,LOW WIND,CLEAR,NA,2,2,RARE,RARE,RARE,GOOD,MESOTROPHIC,NA,NONE,NONE,NONE,LOW,NONE,LOW,NONE,NONE,MEDIUM,NONE,LOW,NONE,NONE,LOW,NONE,NONE,NONE,NONE,NONE,NONE,NONE,LOW,NONE,NONE,NONE,NONE,NONE,NONE,NONE,NONE,NONE,NONE,LOW,LOW,NONE,LOW,NONE,ARTIFICAL,BANNED,GOOD,1,EXTENSIVE,SPARSE,SPARSE,SPARSE,RARE,SPARSE,RARE,RARE,{DEF32EAA-1723-48EA-BC4B-4E6712580F61},,LCI,WATER COLUMN,NA,NA,NA
8/26/2020,1401MOU0114_DH,2014MOU0S41,"KELTZ,PAUL BUIST",-74.81410217,41.6576004,2.6,2.5,NO,NA,NO,NO,PARTLY CLOUDY,MODERATE WIND,CLEAR,NA,3,3,SPARSE,MODERATE,SPARSE,FAIR,MESOTROPHIC,NA,LOW,LOW,NONE,NONE,NONE,HIGH,MEDIUM,NONE,LOW,LOW,NONE,NONE,NONE,NONE,NONE,NONE,NONE,NONE,NONE,NONE,NONE,NONE,NONE,NONE,NONE,NONE,NONE,NONE,NONE,NONE,NONE,NONE,NONE,LOW,NONE,NONE,NONE,NATURAL,RESTRICTED,FAIR,NA,MODERATE,RARE,MODERATE,SPARSE,RARE,SPARSE,RARE,SPARSE,{E3BC42A1-9926-4CCC-AEAD-D2E92DD332BF},,LCI,WATER COLUMN,NA,NA,NA
8/31/2020,1104GRE0127_DH,2011GRE0S41,"KRAFT,KELTZ",-74.04201508,43.27828598,12.2,11.6,NO,NO,YES,NO,CLEAR,LOW WIND,CLEAR,NA,1,1,RARE,RARE,RARE,FAIR,MESOTROPHIC,NA,LOW,LOW,LOW,LOW,NONE,MEDIUM,LOW,NONE,LOW,LOW,LOW,LOW,LOW,LOW,NONE,NONE,NONE,NONE,NONE,NONE,NONE,LOW,NONE,NONE,NONE,NONE,NONE,NONE,NONE,NONE,NONE,NONE,NONE,MEDIUM,NONE,MEDIUM,LOW,ARTIFICAL,HIGH,GOOD,4,EXTENSIVE,RARE,RARE,RARE,RARE,RARE,NA,SPARSE,{B5915B96-322D-4D4D-B000-68DC9E062D89},,LCI,WATER COLUMN,NA,NA,NA
8/31/2020,1104BRA0347_DH,2011BRA0S41,"KRAFT,KELTZ",-73.69801331,43.71988297,20.4,20.2,NO,YES,NO,NO,CLEAR,LOW WIND,CLEAR,NA,1,1,RARE,RARE,SPARSE,GOOD,OLIGOTROPHIC,NA,MEDIUM,LOW,LOW,LOW,NONE,MEDIUM,NONE,NONE,NONE,MEDIUM,MEDIUM,MEDIUM,LOW,NONE,NONE,NONE,NONE,NONE,NONE,NONE,NONE,NONE,NONE,NONE,NONE,NONE,NONE,NONE,NONE,NONE,NONE,NONE,NONE,MEDIUM,LOW,NONE,LOW,NATURAL,HIGH,GOOD,0,EXTENSIVE,SPARSE,RARE,RARE,SPARSE,RARE,NA,MODERATE,{5B93F53F-0BB8-428D-B78E-482AF96099DC},,LCI,WATER COLUMN,NA,NA,NA
8/31/2020,0905CRY0289_DH,2009CRY0S41,"ONION,CHARLIE STOLL",-75.06829834,44.10179901,7.5,6.5,NO,NO,NO,NO,CLEAR,LOW WIND,CLEAR,NA,2,2,RARE,RARE,RARE,GOOD,MESOTROPHIC,NA,NONE,NONE,NONE,NONE,NONE,NONE,NONE,NONE,NONE,NONE,NONE,NONE,NONE,NONE,NONE,NONE,NONE,NONE,NONE,NONE,NONE,NONE,NONE,NONE,NONE,NONE,NONE,NONE,NONE,NONE,NONE,NONE,NONE,NONE,NONE,NONE,NONE,NATURAL,RESTRICTED,FAIR,0,EXTENSIVE,RARE,RARE,SPARSE,RARE,RARE,RARE,RARE,{BB804CBD-EE8A-43C7-8B8C-7CEFC11D1751},2009CRY0S41,LCI,WATER COLUMN,NA,NA,NA
9/1/2020,0903BRI0178_DH,2009BRI0S41,"KRAFT,KELTZ",-74.57959747,44.16096115,6.6,6.4,NO,NO,NO,NO,OVERCAST,LOW WIND,CLEAR,NA,1,1,RARE,RARE,RARE,EXCELLENT,OLIGOTROPHIC,NA,NONE,NONE,NONE,NONE,NONE,NONE,NONE,NONE,NONE,NONE,NONE,NONE,NONE,NONE,NONE,NONE,NONE,NONE,NONE,NONE,NONE,NONE,NONE,NONE,NONE,NONE,NONE,NONE,NONE,NONE,NONE,NONE,NONE,NONE,NONE,NONE,NONE,ARTIFICAL,BANNED,GOOD,0,RARE,RARE,RARE,RARE,RARE,RARE,RARE,RARE,{F09B1BB6-6177-48A8-9716-C20AA20D9732},,LCI,WATER COLUMN,NA,NA,NA
9/1/2020,0903SOU0017A_DH,2009SOU0S41,"KRAFT,KELTZ",-74.87689972,44.51971436,10,9.3,NO,NO,NO,NO,OVERCAST,MODERATE WIND,CLEAR,NA,2,2,MODERATE,RARE,RARE,GOOD,OLIGOTROPHIC,NA,MEDIUM,LOW,NONE,NONE,NONE,HIGH,NONE,NONE,NONE,NONE,NONE,NONE,NONE,NONE,NONE,NONE,NONE,NONE,NONE,NONE,NONE,NONE,NONE,NONE,NONE,NONE,NONE,NONE,NONE,NONE,NONE,NONE,NONE,LOW,NONE,NONE,NONE,ARTIFICAL,LOW,FAIR,NA,MODERATE,SPARSE,RARE,RARE,RARE,RARE,RARE,RARE,{01EB8D37-F189-465B-9B5B-AE8BF8C6E6D2},,LCI,WATER COLUMN,NA,NA,NA
9/1/2020,1104DUR0641A_DH,2011DUR0S41,"ONION,CHARLIE",-74.41030121,43.84280014,2.2,2.1,NO,NA,NO,YES,OVERCAST,LOW WIND,CLEAR,NA,1,2,RARE,SPARSE,RARE,GOOD,OLIGOTROPHIC,NA,LOW,NONE,NONE,NONE,NONE,MEDIUM,LOW,NONE,MEDIUM,MEDIUM,NONE,NONE,NONE,LOW,NONE,NONE,NONE,NONE,NONE,NONE,NONE,NONE,NONE,NONE,NONE,NONE,NONE,NONE,NONE,NONE,NONE,NONE,NONE,MEDIUM,NONE,NONE,NONE,ARTIFICAL,LOW,GOOD,NA,EXTENSIVE,RARE,SPARSE,RARE,SPARSE,SPARSE,RARE,SPARSE,{BF73A5B3-EB08-47D0-81FA-8527502D6620},,LCI,WATER COLUMN,NA,NA,NA
9/1/2020,1104HAR0680_DH,2011HAR0S41,"ONION,STOLL",-74.13938141,43.97558212,11,10,NO,NO,NA,NO,OVERCAST,LOW WIND,RAIN,NA,1,1,NA,NA,NA,NA,NA,NA,NA,NA,NA,NA,NA,NA,NA,NA,NA,NA,NA,NA,NA,NA,NA,NA,NA,NA,NA,NA,NA,NA,NA,NA,NA,NA,NA,NA,NA,NA,NA,NA,NA,NA,NA,NA,NA,NA,NA,NA,NA,NA,NA,NA,NA,NA,NA,NA,NA,{0CA5FC99-8144-4089-8AA4-B2AA9A72E5BC},,LCI,WATER COLUMN,NA,NA,NA
9/1/2020,1306STU0453A_DH,2013STU0S41,"ONION,CONINE AND REARICK",-74.04270172,41.84519577,19,19,NO,YES,NA,NO,MOSTLY CLOUDY,LOW WIND,CLEAR,NA,3,3,NA,NA,NA,NA,NA,NA,NA,NA,NA,NA,NA,NA,NA,NA,NA,NA,NA,NA,NA,NA,NA,NA,NA,NA,NA,NA,NA,NA,NA,NA,NA,NA,NA,NA,NA,NA,NA,NA,NA,NA,NA,NA,NA,NA,NA,NA,NA,NA,NA,NA,NA,NA,NA,NA,NA,{C132EC65-4398-461A-A68E-2F02C5FE733D},NO DEPTH SOUNDER. GREATER THAN THE LENGTH OF THE SECCI DISK LINE. 19 M,LCI,WATER COLUMN,NA,NA,NA
9/2/2020,1004FER0222_DH,2010FER0S41,"KRAFT,KELTZ",-73.71888733,44.48862839,7,6,NO,NO,NO,NO,OVERCAST,MODERATE WIND,RAIN,NA,1,1,RARE,RARE,SPARSE,GOOD,OLIGOTROPHIC,NA,MEDIUM,MEDIUM,MEDIUM,LOW,NONE,MEDIUM,NONE,NONE,NONE,NONE,NONE,NONE,NONE,NONE,NONE,NONE,NONE,NONE,NONE,NONE,NONE,NONE,NONE,NONE,NONE,NONE,NONE,NONE,NONE,NONE,NONE,NONE,NONE,MEDIUM,NONE,NONE,NONE,ARTIFICAL,HIGH,GOOD,0,MODERATE,SPARSE,NA,NA,NA,RARE,NA,MODERATE,{01497D08-74BF-43FE-AEF1-34B13101998B},,LCI,WATER COLUMN,NA,NA,NA
9/2/2020,1501SWA0984_DH,2015SWA0S41,"ONION,CONINE AND REARICK",-73.93083954,41.1513176,1.5,1,NO,NA,NA,NO,OVERCAST,LOW WIND,RAIN,NA,3,3,NA,NA,NA,NA,NA,NA,NA,NA,NA,NA,NA,NA,NA,NA,NA,NA,NA,NA,NA,NA,NA,NA,NA,NA,NA,NA,NA,NA,NA,NA,NA,NA,NA,NA,NA,NA,NA,NA,NA,NA,NA,NA,NA,NA,NA,NA,NA,NA,NA,NA,NA,NA,NA,NA,NA,{2E7A0A46-3D28-4D7A-AB31-9B2A3A7B7C71},,LCI,WATER COLUMN,NA,NA,NA
9/2/2020,1501CON0984_DH,2015CON0S41,"ONION,CONINE AND REARICK",-73.93894196,41.14187622,1.5,0.7,NO,NA,NA,YES,OVERCAST,LOW WIND,RAIN,NA,3,2,NA,NA,NA,NA,NA,NA,NA,NA,NA,NA,NA,NA,NA,NA,NA,NA,NA,NA,NA,NA,NA,NA,NA,NA,NA,NA,NA,NA,NA,NA,NA,NA,NA,NA,NA,NA,NA,NA,NA,NA,NA,NA,NA,NA,NA,NA,NA,NA,NA,NA,NA,NA,NA,NA,NA,{08657EF0-57CB-4937-A514-A3352AC6A1BF},,LCI,WATER COLUMN,NA,NA,NA
9/2/2020,1501DEF0977A_DH,2015DEF0S41,"ONION,CONINE AND REARICK",-73.96615601,41.11314392,6.5,6.5,NO,YES,NA,NO,OVERCAST,LOW WIND,RAIN,NA,2,2,NA,NA,NA,NA,NA,NA,NA,NA,NA,NA,NA,NA,NA,NA,NA,NA,NA,NA,NA,NA,NA,NA,NA,NA,NA,NA,NA,NA,NA,NA,NA,NA,NA,NA,NA,NA,NA,NA,NA,NA,NA,NA,NA,NA,NA,NA,NA,NA,NA,NA,NA,NA,NA,NA,NA,{9F5DBED5-F9F6-4521-973A-5A67FBD4CC7D},,LCI,WATER COLUMN,NA,NA,NA
9/2/2020,1005SUN0440_DH,2010SUN0S41,"KRAFT,KELTZ",-73.64014435,43.37562943,8,8,NO,NO,NO,NO,OVERCAST,LOW WIND,RAIN,NA,1,1,RARE,SPARSE,MODERATE,GOOD,OLIGOTROPHIC,NA,HIGH,HIGH,NONE,NONE,NONE,MEDIUM,NONE,NONE,NONE,NONE,NONE,NONE,NONE,NONE,NONE,NONE,NONE,NONE,NONE,NONE,NONE,NONE,NONE,NONE,NONE,NONE,NONE,NONE,NONE,NONE,NONE,NONE,NONE,HIGH,NONE,NONE,NONE,NATURAL,BANNED,GOOD,0,SPARSE,SPARSE,SPARSE,NA,SPARSE,SPARSE,RARE,MODERATE,{711E62F6-2D58-4D33-8552-8EF4516A8178},SAMPLE ID IN SURVEY WAS WRONG. SAMPLE ID WAS EDITED IN AGOL AFTERWARDS. PROFILE SAMPLE ID IN SONDE IS CORRECT,LCI,WATER COLUMN,NA,NA,NA
9/2/2020,1006UWBXXX1_DH,2010UWBXS41,"ONION,CHARLIE",-73.5682373,43.66427231,1.5,1.5,NO,NA,NO,NO,OVERCAST,LOW WIND,RAIN,NA,2,1,EXTENSIVE,SPARSE,EXTENSIVE,EXCELLENT,EUTROPHIC,NA,NONE,NONE,NONE,NONE,NONE,NONE,NONE,NONE,NONE,NONE,NONE,NONE,NONE,NONE,NONE,NONE,NONE,NONE,NONE,NONE,NONE,NONE,NONE,NONE,NONE,NONE,NONE,NONE,NONE,NONE,NONE,NONE,NONE,NONE,NONE,NONE,NONE,NATURAL,RESTRICTED,FAIR,0,EXTENSIVE,RARE,RARE,EXTENSIVE,RARE,RARE,RARE,RARE,{5B8C5114-F709-4FC4-B342-59E6F35026F8},,LCI,WATER COLUMN,NA,NA,NA
9/8/2020,1005BUT0452_DH,2010BUT0S41,"KRAFT,JEFF LOJPERSBERGER",-73.73750305,43.37505341,2.7,2.5,NO,NA,NO,YES,CLEAR,LOW WIND,CLEAR,NA,1,1,SPARSE,SPARSE,MODERATE,GOOD,MESOTROPHIC,NA,NONE,NONE,NONE,NONE,NONE,LOW,NONE,NONE,NONE,NONE,NONE,NONE,NONE,NONE,NONE,NONE,NONE,NONE,NONE,NONE,NONE,MEDIUM,NONE,NONE,NONE,NONE,NONE,NONE,NONE,NONE,NONE,NONE,NONE,NONE,NONE,MEDIUM,NONE,ARTIFICAL,BANNED,GOOD,2,EXTENSIVE,RARE,NA,NA,NA,NA,NA,NA,{4DF02B68-DF32-4CF7-B807-CAAAF4D0E73A},,LCI,WATER COLUMN,NA,NA,NA
9/8/2020,1005BUT5350_DH,2010BUT5S41,"KRAFT,JEFF LOJPERSBERGER",-73.72734833,43.34920502,10,10,NO,YES,YES,NO,CLEAR,LOW WIND,CLEAR,NA,1,1,RARE,RARE,RARE,FAIR,OLIGOTROPHIC,NA,NONE,LOW,NONE,NONE,NONE,LOW,LOW,NONE,NONE,NONE,NONE,NONE,NONE,NONE,NONE,NONE,NONE,NONE,NONE,NONE,NONE,MEDIUM,NONE,NONE,NONE,NONE,NONE,NONE,NONE,NONE,NONE,NONE,NONE,NONE,NONE,HIGH,NONE,ARTIFICAL,BANNED,GOOD,4.5,EXTENSIVE,SPARSE,NA,NA,NA,SPARSE,NA,RARE,{AEFAF94D-5A03-465B-A814-257240BDDEC9},,LCI,WATER COLUMN,NA,NA,NA
9/9/2020,1005UWB0454_DH,2010UWB0S41,"KRAFT,JEFF LOJPERSBERGER",-73.68027496,43.31655502,5.6,5.5,NO,NA,NO,NO,CLEAR,LOW WIND,CLEAR,NA,2,2,SPARSE,SPARSE,SPARSE,FAIR,MESOTROPHIC,NA,MEDIUM,MEDIUM,LOW,LOW,NONE,MEDIUM,NONE,NONE,NONE,NONE,LOW,NONE,NONE,NONE,NONE,NONE,NONE,NONE,NONE,NONE,NONE,MEDIUM,NONE,NONE,NONE,NONE,NONE,NONE,NONE,NONE,NONE,NONE,NONE,NONE,NONE,NONE,NONE,ARTIFICAL,BANNED,FAIR,1,MODERATE,SPARSE,SPARSE,NA,NA,NA,NA,SPARSE,{5C1FD41A-10F7-47D5-A65C-1684642D34F9},,LCI,WATER COLUMN,NA,NA,NA
9/9/2020,1005WIL0455A_DH,2010WIL0S51,"KRAFT,JEFF LOJPERSBERGER",-73.7557373,43.35289001,1.7,1.6,NO,NA,NO,YES,CLEAR,LOW WIND,CLEAR,NA,2,2,RARE,RARE,RARE,FAIR,MESOTROPHIC,NA,NONE,NONE,NONE,NONE,NONE,LOW,LOW,NONE,NONE,NONE,NONE,NONE,NONE,NONE,NONE,NONE,NONE,NONE,NONE,NONE,NONE,HIGH,NONE,NONE,NONE,NONE,NONE,NONE,NONE,NONE,NONE,NONE,NONE,NONE,NONE,HIGH,NONE,ARTIFICAL,BANNED,FAIR,5,EXTENSIVE,NA,NA,NA,SPARSE,RARE,NA,NA,{CEED953B-860A-4586-8D46-D2F21B93E4CA},,LCI,WATER COLUMN,NA,NA,NA
9/14/2020,1402EAS0055_DH,2014EAS0S51,"KRAFT,GORNEY",-74.5786972,41.73077011,2.4,2.4,NO,NA,NA,NO,PARTLY CLOUDY,LOW WIND,CLEAR,NA,2,2,NA,NA,NA,NA,NA,NA,NA,NA,NA,NA,NA,NA,NA,NA,NA,NA,NA,NA,NA,NA,NA,NA,NA,NA,NA,NA,NA,NA,NA,NA,NA,NA,NA,NA,NA,NA,NA,NA,NA,NA,NA,NA,NA,NA,NA,NA,NA,NA,NA,NA,NA,NA,NA,NA,NA,{EE149EC2-DA6A-44EF-8D44-C97FB75242B2},WATER DIFFICULT TO FILTER FOR DP AND CHL-A,LCI,WATER COLUMN,NA,NA,NA
9/14/2020,1402MOR0050_DH,2014MOR0S51,"KRAFT,GORNEY",-74.65270233,41.75088501,2,2,NO,NA,NA,NO,MOSTLY CLOUDY,HIGH WIND,CLEAR,NA,5,NA,NA,NA,NA,NA,NA,NA,NA,NA,NA,NA,NA,NA,NA,NA,NA,NA,NA,NA,NA,NA,NA,NA,NA,NA,NA,NA,NA,NA,NA,NA,NA,NA,NA,NA,NA,NA,NA,NA,NA,NA,NA,NA,NA,NA,NA,NA,NA,NA,NA,NA,NA,NA,NA,NA,NA,{2FCCEF48-E483-49FD-814D-23DE499C69D3},,LCI,WATER COLUMN,NA,NA,NA
9/14/2020,1402LOU0040_DH,2014LOU0S51,"KRAFT,GORNEY",-74.58233643,41.61052322,4.3,4,NO,NA,NA,NO,MOSTLY CLOUDY,HIGH WIND,CLEAR,NA,2,2,NA,NA,NA,NA,NA,NA,NA,NA,NA,NA,NA,NA,NA,NA,NA,NA,NA,NA,NA,NA,NA,NA,NA,NA,NA,NA,NA,NA,NA,NA,NA,NA,NA,NA,NA,NA,NA,NA,NA,NA,NA,NA,NA,NA,NA,NA,NA,NA,NA,NA,NA,NA,NA,NA,NA,{6ADBF5AA-B895-4A96-A2F2-991F6CF73F33},,LCI,WATER COLUMN,NA,NA,NA
9/15/2020,1401CHE0106_DH,2014CHE0S51,"GORNEY,KRAFT",-74.88513184,41.67703247,4.6,4.6,NO,NA,NA,NO,CLEAR,LOW WIND,CLEAR,NA,2,3,NA,NA,NA,NA,NA,NA,NA,NA,NA,NA,NA,NA,NA,NA,NA,NA,NA,NA,NA,NA,NA,NA,NA,NA,NA,NA,NA,NA,NA,NA,NA,NA,NA,NA,NA,NA,NA,NA,NA,NA,NA,NA,NA,NA,NA,NA,NA,NA,NA,NA,NA,NA,NA,NA,NA,{BE33CE4F-1175-405C-965F-A59E7836F52E},,LCI,WATER COLUMN,NA,NA,NA
9/15/2020,1401SUP0104_DH,2014SUP0S51,"GORNEY,KRAFT,WOODFIELD",-74.87480164,41.66429901,7,6,NO,YES,NA,NO,PARTLY CLOUDY,LOW WIND,CLEAR,NA,1,2,NA,NA,NA,NA,NA,NA,NA,NA,NA,NA,NA,NA,NA,NA,NA,NA,NA,NA,NA,NA,NA,NA,NA,NA,NA,NA,NA,NA,NA,NA,NA,NA,NA,NA,NA,NA,NA,NA,NA,NA,NA,NA,NA,NA,NA,NA,NA,NA,NA,NA,NA,NA,NA,NA,NA,{A5597740-4FA2-4396-890B-870C88F8DCD7},,LCI,WATER COLUMN,NA,NA,NA
9/15/2020,1401MOU0114_DH,2014MOU0S51,"KRAFT,GORNEY",-74.81401825,41.65761566,2.6,2.6,NO,NA,NA,NO,CLEAR,LOW WIND,CLEAR,NA,5,NA,NA,NA,NA,NA,NA,NA,NA,NA,NA,NA,NA,NA,NA,NA,NA,NA,NA,NA,NA,NA,NA,NA,NA,NA,NA,NA,NA,NA,NA,NA,NA,NA,NA,NA,NA,NA,NA,NA,NA,NA,NA,NA,NA,NA,NA,NA,NA,NA,NA,NA,NA,NA,NA,NA,NA,{506B7704-B07C-4CA6-AA1A-0234A87784EC},,LCI,WATER COLUMN,NA,NA,NA
9/15/2020,1401HUN0216_DH,2014HUN0S51,"GORNEY,KRAFT",-74.99037933,41.68274689,13.1,13,NO,YES,NA,NO,CLEAR,LOW WIND,CLEAR,NA,4,3,NA,NA,NA,NA,NA,NA,NA,NA,NA,NA,NA,NA,NA,NA,NA,NA,NA,NA,NA,NA,NA,NA,NA,NA,NA,NA,NA,NA,NA,NA,NA,NA,NA,NA,NA,NA,NA,NA,NA,NA,NA,NA,NA,NA,NA,NA,NA,NA,NA,NA,NA,NA,NA,NA,NA,{F06C1219-41C3-41FB-A95F-F42D4B9A5B1C},,LCI,WATER COLUMN,NA,NA,NA
9/16/2020,1402GUY0014_DH,2014GUY0S51,ONION,-74.59609222,41.43192291,3.8,3.7,NO,NA,NA,NO,OVERCAST,LOW WIND,CLEAR,NA,2,2,NA,NA,NA,NA,NA,NA,NA,NA,NA,NA,NA,NA,NA,NA,NA,NA,NA,NA,NA,NA,NA,NA,NA,NA,NA,NA,NA,NA,NA,NA,NA,NA,NA,NA,NA,NA,NA,NA,NA,NA,NA,NA,NA,NA,NA,NA,NA,NA,NA,NA,NA,NA,NA,NA,NA,{D105D313-D115-4D44-BE6F-EC16FDCED32D},LAKE AND SAMPLE ID NOT IN SURVEY SO SELECTED ONE IN MOHAWK THAT IS INACCURATE.TRUE LAKE IS GUYMARD LAJE. SAMPLE ID IS 2011MOR0S51 **** MISTAKE - ACTUAL SAMPLE ID 2014GUY0S51,LCI,WATER COLUMN,NA,NA,NA
9/16/2020,1402HAW0005A_DH,2014HAW0S51,"KRAFT,GORNEY",-74.62548828,41.37646484,1.9,1.9,NO,NA,NA,NO,CLEAR,LOW WIND,RAIN,NA,3,3,NA,NA,NA,NA,NA,NA,NA,NA,NA,NA,NA,NA,NA,NA,NA,NA,NA,NA,NA,NA,NA,NA,NA,NA,NA,NA,NA,NA,NA,NA,NA,NA,NA,NA,NA,NA,NA,NA,NA,NA,NA,NA,NA,NA,NA,NA,NA,NA,NA,NA,NA,NA,NA,NA,NA,{E0991AB7-23AE-4141-857B-55C08B9FEF20},NO,LCI,WATER COLUMN,NA,NA,NA
9/16/2020,1402RE10003_DH,2014RE10S51,"GORNEY,KRAFT",-74.69050598,41.38991928,5.3,5,NO,YES,NA,NO,OVERCAST,LOW WIND,CLEAR,NA,2,2,NA,NA,NA,NA,NA,NA,NA,NA,NA,NA,NA,NA,NA,NA,NA,NA,NA,NA,NA,NA,NA,NA,NA,NA,NA,NA,NA,NA,NA,NA,NA,NA,NA,NA,NA,NA,NA,NA,NA,NA,NA,NA,NA,NA,NA,NA,NA,NA,NA,NA,NA,NA,NA,NA,NA,{C2C5DC88-9936-4091-B660-8DEF8AEDB872},HI,LCI,WATER COLUMN,NA,NA,NA
9/21/2020,1101MOR0101_DH,2011MOR0S51,"JUNE,KRAFT",-73.71154785,43.23086929,14.5,14.5,NO,NO,NA,NO,CLEAR,LOW WIND,CLEAR,NA,1,1,NA,NA,NA,NA,NA,NA,NA,NA,NA,NA,NA,NA,NA,NA,NA,NA,NA,NA,NA,NA,NA,NA,NA,NA,NA,NA,NA,NA,NA,NA,NA,NA,NA,NA,NA,NA,NA,NA,NA,NA,NA,NA,NA,NA,NA,NA,NA,NA,NA,NA,NA,NA,NA,NA,NA,{02EE2F3E-875E-4540-9F5D-BF7D4255F97F},,LCI,WATER COLUMN,NA,NA,NA
9/21/2020,0903EAG0306_DH,2009EAG0S51,"JUNE,KRAFT",-74.48556519,43.84335327,8.4,8.2,NO,NO,NA,NO,CLEAR,LOW WIND,CLEAR,NA,1,1,NA,NA,NA,NA,NA,NA,NA,NA,NA,NA,NA,NA,NA,NA,NA,NA,NA,NA,NA,NA,NA,NA,NA,NA,NA,NA,NA,NA,NA,NA,NA,NA,NA,NA,NA,NA,NA,NA,NA,NA,NA,NA,NA,NA,NA,NA,NA,NA,NA,NA,NA,NA,NA,NA,NA,{932E3CA0-0C19-4F19-8414-860ABE81991C},,LCI,WATER COLUMN,NA,NA,NA
9/21/2020,0902BAR0262_DH,2009BAR0S51,"ONION,KACIE",-74.25593567,44.46064377,3.3,3.3,YES,NA,NA,NO,CLEAR,LOW WIND,CLEAR,NA,2,3,NA,NA,NA,NA,NA,NA,NA,NA,NA,NA,NA,NA,NA,NA,NA,NA,NA,NA,NA,NA,NA,NA,NA,NA,NA,NA,NA,NA,NA,NA,NA,NA,NA,NA,NA,NA,NA,NA,NA,NA,NA,NA,NA,NA,NA,NA,NA,NA,NA,NA,NA,NA,NA,NA,NA,{8C6A3D5B-CA24-4EB4-BB38-7BDD5ACCFF16},,LCI,WATER COLUMN,NA,NA,NA
9/21/2020,0903BLU0307_DH,2009BLU0S51,"JUNE,KRAFT",-74.46199799,43.86452484,22.5,21.7,NO,NO,NA,NO,CLEAR,LOW WIND,CLEAR,NA,1,1,NA,NA,NA,NA,NA,NA,NA,NA,NA,NA,NA,NA,NA,NA,NA,NA,NA,NA,NA,NA,NA,NA,NA,NA,NA,NA,NA,NA,NA,NA,NA,NA,NA,NA,NA,NA,NA,NA,NA,NA,NA,NA,NA,NA,NA,NA,NA,NA,NA,NA,NA,NA,NA,NA,NA,{4C47F8CC-E6D5-4025-BA40-62EAD2790D70},,LCI,WATER COLUMN,NA,NA,NA
9/21/2020,0903LSI0182_DH,2009LSI0S51,"ONION,KACIE",-74.44189453,44.15660858,33,33,NO,NO,NA,NO,CLEAR,LOW WIND,CLEAR,NA,1,1,NA,NA,NA,NA,NA,NA,NA,NA,NA,NA,NA,NA,NA,NA,NA,NA,NA,NA,NA,NA,NA,NA,NA,NA,NA,NA,NA,NA,NA,NA,NA,NA,NA,NA,NA,NA,NA,NA,NA,NA,NA,NA,NA,NA,NA,NA,NA,NA,NA,NA,NA,NA,NA,NA,NA,{F54F4680-3AE3-4871-AFF2-CFFD10A6CCA5},,LCI,WATER COLUMN,NA,NA,NA
9/21/2020,0903FOL0186_DH,2009FOL0S51,"ONION,KACIE",-74.3727417,44.17629623,31,31,NO,NO,NA,NO,CLEAR,LOW WIND,CLEAR,NA,1,1,NA,NA,NA,NA,NA,NA,NA,NA,NA,NA,NA,NA,NA,NA,NA,NA,NA,NA,NA,NA,NA,NA,NA,NA,NA,NA,NA,NA,NA,NA,NA,NA,NA,NA,NA,NA,NA,NA,NA,NA,NA,NA,NA,NA,NA,NA,NA,NA,NA,NA,NA,NA,NA,NA,NA,{525E43A3-8146-4C4E-AA67-9DA5E6F8ACF8},,LCI,WATER COLUMN,NA,NA,NA
9/22/2020,0906RED0010_DH,2009RED0S51,"ONION,KACIE",-75.73143768,44.27048492,13.5,13.5,NO,NO,NA,NO,CLEAR,LOW WIND,CLEAR,NA,1,2,NA,NA,NA,NA,NA,NA,NA,NA,NA,NA,NA,NA,NA,NA,NA,NA,NA,NA,NA,NA,NA,NA,NA,NA,NA,NA,NA,NA,NA,NA,NA,NA,NA,NA,NA,NA,NA,NA,NA,NA,NA,NA,NA,NA,NA,NA,NA,NA,NA,NA,NA,NA,NA,NA,NA,{3459ED31-2B8F-449C-9AD6-3D9BFF5B032C},,LCI,WATER COLUMN,NA,NA,NA
9/22/2020,0703ONE0026_SHACK_DH,20ONSHACKS51,"ONION,MCCAFFREY PRESTIGIACOMO CLINKHAMMER",-75.92639923,43.18080139,10.5,10.5,NO,NO,NA,NO,CLEAR,LOW WIND,CLEAR,NA,3,2,NA,NA,NA,NA,NA,NA,NA,NA,NA,NA,NA,NA,NA,NA,NA,NA,NA,NA,NA,NA,NA,NA,NA,NA,NA,NA,NA,NA,NA,NA,NA,NA,NA,NA,NA,NA,NA,NA,NA,NA,NA,NA,NA,NA,NA,NA,NA,NA,NA,NA,NA,NA,NA,NA,NA,{C0DB465E-0950-4EB2-90DF-2D7F6659D59B},,LCI,WATER COLUMN,NA,NA,NA
9/22/2020,0703ONE0026_3MILE_DH,20ON3MILS51,"ONION,MCCAFFREY PRESTIGIACOMO CLINKHAMMER",-76.04440308,43.22109985,6.5,6.5,NO,NA,NA,NO,CLEAR,LOW WIND,CLEAR,NA,2,2,NA,NA,NA,NA,NA,NA,NA,NA,NA,NA,NA,NA,NA,NA,NA,NA,NA,NA,NA,NA,NA,NA,NA,NA,NA,NA,NA,NA,NA,NA,NA,NA,NA,NA,NA,NA,NA,NA,NA,NA,NA,NA,NA,NA,NA,NA,NA,NA,NA,NA,NA,NA,NA,NA,NA,{E816A6CD-9AA3-4E5B-9D04-71B634088A80},,LCI,WATER COLUMN,NA,NA,NA
9/22/2020,0906MUD0003_DH,2009MUD03S51,"JUNE,KRAFT",-75.45830536,44.49993896,7.3,7.2,NO,NO,NA,NO,CLEAR,LOW WIND,CLEAR,NA,3,3,NA,NA,NA,NA,NA,NA,NA,NA,NA,NA,NA,NA,NA,NA,NA,NA,NA,NA,NA,NA,NA,NA,NA,NA,NA,NA,NA,NA,NA,NA,NA,NA,NA,NA,NA,NA,NA,NA,NA,NA,NA,NA,NA,NA,NA,NA,NA,NA,NA,NA,NA,NA,NA,NA,NA,{F61874D1-6D9F-487C-B2B4-0E135590CB56},,LCI,WATER COLUMN,NA,NA,NA
9/22/2020,0703ONE0026_B109_DH,20ONB109S51,"ONION,MCCAFFREY PRESTIGIACOMO CLINKHAMMER",-75.77079773,43.18610001,11.9,11.9,NO,NO,NA,NO,CLEAR,LOW WIND,CLEAR,NA,3,3,NA,NA,NA,NA,NA,NA,NA,NA,NA,NA,NA,NA,NA,NA,NA,NA,NA,NA,NA,NA,NA,NA,NA,NA,NA,NA,NA,NA,NA,NA,NA,NA,NA,NA,NA,NA,NA,NA,NA,NA,NA,NA,NA,NA,NA,NA,NA,NA,NA,NA,NA,NA,NA,NA,NA,{CC3C6EF6-E6C9-44E0-B5F1-15293D9755F9},DOTS AND CLUMPS OF ALGAE COLONIES ARE APPARENT.,LCI,WATER COLUMN,NA,NA,NA
9/22/2020,0906MUD0005_DH,2009MUD05S51,"ONION,KACIE",-75.59947205,44.37057495,5,4.5,NO,NO,NA,NO,CLEAR,LOW WIND,CLEAR,NA,3,3,NA,NA,NA,NA,NA,NA,NA,NA,NA,NA,NA,NA,NA,NA,NA,NA,NA,NA,NA,NA,NA,NA,NA,NA,NA,NA,NA,NA,NA,NA,NA,NA,NA,NA,NA,NA,NA,NA,NA,NA,NA,NA,NA,NA,NA,NA,NA,NA,NA,NA,NA,NA,NA,NA,NA,{8EE952FB-D773-403C-A48C-35A180E20941},,LCI,WATER COLUMN,NA,NA,NA
9/22/2020,0906HIC0004_DH,2009HIC0S51,"JUNE,KRAFT",-75.5111618,44.47109985,2,2,NO,NA,NA,NO,CLEAR,LOW WIND,CLEAR,NA,4,4,NA,NA,NA,NA,NA,NA,NA,NA,NA,NA,NA,NA,NA,NA,NA,NA,NA,NA,NA,NA,NA,NA,NA,NA,NA,NA,NA,NA,NA,NA,NA,NA,NA,NA,NA,NA,NA,NA,NA,NA,NA,NA,NA,NA,NA,NA,NA,NA,NA,NA,NA,NA,NA,NA,NA,{9D0B2491-F741-4EDA-BE25-AA03F57B6BBD},,LCI,WATER COLUMN,NA,NA,NA
9/22/2020,0905LOW0061_DH,2009LOW0S51,"ONION,KACIE",-75.30809021,44.58195114,1.5,1.5,NO,NA,NA,YES,CLEAR,LOW WIND,CLEAR,NA,2,2,NA,NA,NA,NA,NA,NA,NA,NA,NA,NA,NA,NA,NA,NA,NA,NA,NA,NA,NA,NA,NA,NA,NA,NA,NA,NA,NA,NA,NA,NA,NA,NA,NA,NA,NA,NA,NA,NA,NA,NA,NA,NA,NA,NA,NA,NA,NA,NA,NA,NA,NA,NA,NA,NA,NA,{15F89728-8C82-41C7-8B41-373C2761A3B9},,LCI,WATER COLUMN,NA,NA,NA
9/22/2020,0906MUS0008_DH,2009MUS0S51,"JUNE,KRAFT",-75.68570709,44.30470276,7.4,7.1,NO,YES,NA,NO,CLEAR,LOW WIND,CLEAR,NA,5,NA,NA,NA,NA,NA,NA,NA,NA,NA,NA,NA,NA,NA,NA,NA,NA,NA,NA,NA,NA,NA,NA,NA,NA,NA,NA,NA,NA,NA,NA,NA,NA,NA,NA,NA,NA,NA,NA,NA,NA,NA,NA,NA,NA,NA,NA,NA,NA,NA,NA,NA,NA,NA,NA,NA,NA,{AC380BD5-B972-412C-B646-01CDDF6F7976},,LCI,WATER COLUMN,NA,NA,NA
9/22/2020,1306STU0453A_DH,2013STU0S51,"ONION,REARICK, CONINE",-74.03959656,41.84769821,18,18,NO,YES,NA,NO,CLEAR,LOW WIND,CLEAR,NA,3,3,NA,NA,NA,NA,NA,NA,NA,NA,NA,NA,NA,NA,NA,NA,NA,NA,NA,NA,NA,NA,NA,NA,NA,NA,NA,NA,NA,NA,NA,NA,NA,NA,NA,NA,NA,NA,NA,NA,NA,NA,NA,NA,NA,NA,NA,NA,NA,NA,NA,NA,NA,NA,NA,NA,NA,{53EEBA77-F81A-4EF5-94B1-325AB327B31C},REARICK/CONINE SAMPLED,LCI,WATER COLUMN,NA,NA,NA
9/23/2020,0905SYL0088_DH,2009SYL0S51,"ONION,KACIE",-75.41110992,44.25182724,33,33,NO,NO,NA,NO,PARTLY CLOUDY,LOW WIND,CLEAR,NA,1,1,NA,NA,NA,NA,NA,NA,NA,NA,NA,NA,NA,NA,NA,NA,NA,NA,NA,NA,NA,NA,NA,NA,NA,NA,NA,NA,NA,NA,NA,NA,NA,NA,NA,NA,NA,NA,NA,NA,NA,NA,NA,NA,NA,NA,NA,NA,NA,NA,NA,NA,NA,NA,NA,NA,NA,{B7107248-EF09-40DB-A9FD-C4E443DC07D4},,LCI,WATER COLUMN,NA,NA,NA
9/23/2020,0903BLA0029A_DH,2009BLA0S51,"KRAFT,JUNE",-74.75540924,44.48678207,15.2,15.2,NO,NO,NA,NO,PARTLY CLOUDY,LOW WIND,CLEAR,NA,1,1,NA,NA,NA,NA,NA,NA,NA,NA,NA,NA,NA,NA,NA,NA,NA,NA,NA,NA,NA,NA,NA,NA,NA,NA,NA,NA,NA,NA,NA,NA,NA,NA,NA,NA,NA,NA,NA,NA,NA,NA,NA,NA,NA,NA,NA,NA,NA,NA,NA,NA,NA,NA,NA,NA,NA,{330CD8C7-0F2B-4BA5-AB7E-E6E352E9983A},,LCI,WATER COLUMN,NA,NA,NA
9/23/2020,1501SWA0984_DH,2015SWA0S51,"ONION,CONINE REARICK",-73.93080139,41.15140152,1.2,1,NO,NA,NA,NO,CLEAR,MODERATE WIND,CLEAR,NA,3,3,NA,NA,NA,NA,NA,NA,NA,NA,NA,NA,NA,NA,NA,NA,NA,NA,NA,NA,NA,NA,NA,NA,NA,NA,NA,NA,NA,NA,NA,NA,NA,NA,NA,NA,NA,NA,NA,NA,NA,NA,NA,NA,NA,NA,NA,NA,NA,NA,NA,NA,NA,NA,NA,NA,NA,{DEE9CEF7-8FF4-4607-BF7F-FE0D2911C2F9},,LCI,WATER COLUMN,NA,NA,NA
9/23/2020,1501CON0984_DH,2015CON0S51,"ONION,CONINE REARICK",-73.9394989,41.14360046,0.5,0.4,NO,NA,NA,YES,CLEAR,MODERATE WIND,CLEAR,NA,3,3,NA,NA,NA,NA,NA,NA,NA,NA,NA,NA,NA,NA,NA,NA,NA,NA,NA,NA,NA,NA,NA,NA,NA,NA,NA,NA,NA,NA,NA,NA,NA,NA,NA,NA,NA,NA,NA,NA,NA,NA,NA,NA,NA,NA,NA,NA,NA,NA,NA,NA,NA,NA,NA,NA,NA,{A937F8B7-1A76-469F-BC2A-D655B558A4CB},,LCI,WATER COLUMN,NA,NA,NA
9/23/2020,1501DEF0977A_DH,2015DEF0S51,"ONION,CONINE REARICK",-73.96633911,41.11363983,7,6.2,NO,YES,NA,NO,CLEAR,MODERATE WIND,CLEAR,NA,2,3,NA,NA,NA,NA,NA,NA,NA,NA,NA,NA,NA,NA,NA,NA,NA,NA,NA,NA,NA,NA,NA,NA,NA,NA,NA,NA,NA,NA,NA,NA,NA,NA,NA,NA,NA,NA,NA,NA,NA,NA,NA,NA,NA,NA,NA,NA,NA,NA,NA,NA,NA,NA,NA,NA,NA,{986586E8-18FD-49B5-95D7-F4902BC628FC},,LCI,WATER COLUMN,NA,NA,NA
9/23/2020,0903EAT0248_DH,2009EAT0S51,"JUNE,KRAFT",-74.46304321,43.97704315,16,15.2,NO,NO,NA,NO,MOSTLY CLOUDY,MODERATE WIND,CLEAR,NA,1,1,NA,NA,NA,NA,NA,NA,NA,NA,NA,NA,NA,NA,NA,NA,NA,NA,NA,NA,NA,NA,NA,NA,NA,NA,NA,NA,NA,NA,NA,NA,NA,NA,NA,NA,NA,NA,NA,NA,NA,NA,NA,NA,NA,NA,NA,NA,NA,NA,NA,NA,NA,NA,NA,NA,NA,{710074E7-EE55-4635-ABA7-53BF5AFAFA4B},WATER SAMPLE IDS ARE ACTUALLY 2009EAT0S51 & 2009EAT0S52,LCI,WATER COLUMN,NA,NA,NA
9/23/2020,0905ROC0231_DH,2009ROC0S51,"ONION,KACIE",-75.19655609,43.99595261,10,10,NO,NO,NA,NO,PARTLY CLOUDY,LOW WIND,CLEAR,NA,1,1,NA,NA,NA,NA,NA,NA,NA,NA,NA,NA,NA,NA,NA,NA,NA,NA,NA,NA,NA,NA,NA,NA,NA,NA,NA,NA,NA,NA,NA,NA,NA,NA,NA,NA,NA,NA,NA,NA,NA,NA,NA,NA,NA,NA,NA,NA,NA,NA,NA,NA,NA,NA,NA,NA,NA,{3CBB8B05-81FC-4C27-917F-8DE83FA5D193},,LCI,WATER COLUMN,NA,NA,NA
9/28/2020,0102FAU0021A_DH,2001FAU0S51,"ONION,STAINBROOK",-78.28778076,42.64741516,2.1,2,NO,NA,NA,NO,MOSTLY CLOUDY,LOW WIND,CLEAR,NA,3,3,NA,NA,NA,NA,NA,NA,NA,NA,NA,NA,NA,NA,NA,NA,NA,NA,NA,NA,NA,NA,NA,NA,NA,NA,NA,NA,NA,NA,NA,NA,NA,NA,NA,NA,NA,NA,NA,NA,NA,NA,NA,NA,NA,NA,NA,NA,NA,NA,NA,NA,NA,NA,NA,NA,NA,{6EDCA4C2-2D1E-4C00-858D-1E3C4FA069B9},,LCI,WATER COLUMN,NA,NA,NA
9/28/2020,0103UWB5479_DH,2001UWB5S51,"STAINBROOK,ONION",-78.38257599,42.66788864,1,1,NO,NA,NA,YES,PARTLY CLOUDY,LOW WIND,CLEAR,NA,1,1,NA,NA,NA,NA,NA,NA,NA,NA,NA,NA,NA,NA,NA,NA,NA,NA,NA,NA,NA,NA,NA,NA,NA,NA,NA,NA,NA,NA,NA,NA,NA,NA,NA,NA,NA,NA,NA,NA,NA,NA,NA,NA,NA,NA,NA,NA,NA,NA,NA,NA,NA,NA,NA,NA,NA,{4C78A271-327E-4E18-A42B-F7362185A92E},SOUNDING DEPTH AND SECCHI 1.3,LCI,WATER COLUMN,NA,NA,NA
9/29/2020,0105FRE0160_DH,2001FRE0S51,"ONION,STAINBROOK",-79.31000519,42.39556885,13.5,13.4,NO,NO,NA,NO,PARTLY CLOUDY,LOW WIND,CLEAR,NA,2,3,NA,NA,NA,NA,NA,NA,NA,NA,NA,NA,NA,NA,NA,NA,NA,NA,NA,NA,NA,NA,NA,NA,NA,NA,NA,NA,NA,NA,NA,NA,NA,NA,NA,NA,NA,NA,NA,NA,NA,NA,NA,NA,NA,NA,NA,NA,NA,NA,NA,NA,NA,NA,NA,NA,NA,{6C97A75C-3F90-4E57-9DDF-8A3DD9C3B72D},,LCI,WATER COLUMN,NA,NA,NA
9/29/2020,0104CLE0100_DH,2001CLE0S51,"ONION,STAINBROOK",-78.8529892,42.5528183,10.3,10.3,YES,NO,NA,NO,MOSTLY CLOUDY,LOW WIND,CLEAR,NA,4,3,NA,NA,NA,NA,NA,NA,NA,NA,NA,NA,NA,NA,NA,NA,NA,NA,NA,NA,NA,NA,NA,NA,NA,NA,NA,NA,NA,NA,NA,NA,NA,NA,NA,NA,NA,NA,NA,NA,NA,NA,NA,NA,NA,NA,NA,NA,NA,NA,NA,NA,NA,NA,NA,NA,NA,{377ED8E9-9832-4759-AE0D-93D6C743B5BE},"THIS IS ACTUALLY CLEAR LAKE:
0104CLE0100_CLEAR LAKE
A BACKUP BECAUSE WE COULDNT DO CRYSTAL LAKE
SAMPLE LABEL: 
2001CLE0S51",LCI,WATER COLUMN,NA,NA,NA
9/29/2020,0104SUC0132_DH,2001SUC0S51,"STAINBROOK,ONION",-78.50223541,42.43598938,1.6,1.6,NO,NA,NA,NO,OVERCAST,LOW WIND,CLEAR,NA,3,3,NA,NA,NA,NA,NA,NA,NA,NA,NA,NA,NA,NA,NA,NA,NA,NA,NA,NA,NA,NA,NA,NA,NA,NA,NA,NA,NA,NA,NA,NA,NA,NA,NA,NA,NA,NA,NA,NA,NA,NA,NA,NA,NA,NA,NA,NA,NA,NA,NA,NA,NA,NA,NA,NA,NA,{25DCCB32-6B4D-4EC3-BBB1-F46CB8C9E080},,LCI,WATER COLUMN,NA,NA,NA
9/30/2020,0104GRE5309_DH,2001GRE5S51,"ONION,STAINBROOK",-78.75416565,42.7578125,6.8,6.8,YES,NO,NA,NO,OVERCAST,MODERATE WIND,RAIN,NA,4,4,NA,NA,NA,NA,NA,NA,NA,NA,NA,NA,NA,NA,NA,NA,NA,NA,NA,NA,NA,NA,NA,NA,NA,NA,NA,NA,NA,NA,NA,NA,NA,NA,NA,NA,NA,NA,NA,NA,NA,NA,NA,NA,NA,NA,NA,NA,NA,NA,NA,NA,NA,NA,NA,NA,NA,{CDFF9EB8-22BF-4AC7-8699-BE35578ADB79},,LCI,WATER COLUMN,NA,NA,NA
9/30/2020,0102HAR5128_DH,2001HAR5S51,"ONION,STAINBROOK",-78.42958069,42.90589905,2.6,2.6,NO,NA,NA,YES,OVERCAST,MODERATE WIND,RAIN,NA,4,3,NA,NA,NA,NA,NA,NA,NA,NA,NA,NA,NA,NA,NA,NA,NA,NA,NA,NA,NA,NA,NA,NA,NA,NA,NA,NA,NA,NA,NA,NA,NA,NA,NA,NA,NA,NA,NA,NA,NA,NA,NA,NA,NA,NA,NA,NA,NA,NA,NA,NA,NA,NA,NA,NA,NA,{19A2B6AD-89BD-4E89-8E96-9B782BC415D9},,LCI,WATER COLUMN,NA,NA,NA
8/11/2020,0906MUD0005_DH,2009MUD05S41,"ONION,REYNOLDS, LEMLEY",-75.59980011,44.37070084,4.5,3.9,NO,NO,NA,NO,CLEAR,MODERATE WIND,CLEAR,NA,4,4,NA,NA,NA,NA,NA,NA,NA,NA,NA,NA,NA,NA,NA,NA,NA,NA,NA,NA,NA,NA,NA,NA,NA,NA,NA,NA,NA,NA,NA,NA,NA,NA,NA,NA,NA,NA,NA,NA,NA,NA,NA,NA,NA,NA,NA,NA,NA,NA,NA,NA,NA,NA,NA,NA,NA,{862BCC12-BF15-48F4-89F5-F15AD1723897},,LCI,WATER COLUMN,NA,NA,NA
8/12/2020,0905SYL0088_DH,2009SYL0S41,"ONION,REYNOLDS, LEMLEY",-75.4105072,44.25309372,34,34,NO,NO,NA,NO,CLEAR,LOW WIND,CLEAR,NA,1,2,NA,NA,NA,NA,NA,NA,NA,NA,NA,NA,NA,NA,NA,NA,NA,NA,NA,NA,NA,NA,NA,NA,NA,NA,NA,NA,NA,NA,NA,NA,NA,NA,NA,NA,NA,NA,NA,NA,NA,NA,NA,NA,NA,NA,NA,NA,NA,NA,NA,NA,NA,NA,NA,NA,NA,{E64F51FE-3CC2-4BFD-B70D-B1752EC304C9},DEPTH PROFILE FROM BOTTOM TO TOP,LCI,WATER COLUMN,NA,NA,NA
8/11/2020,0905LOW0061_DH,2009LOW0S41,"ONION,REYNOLDS, LEMLEY",-75.30660248,44.582901,1.5,1.5,NO,NA,NA,YES,PARTLY CLOUDY,MODERATE WIND,CLEAR,NA,3,2,NA,NA,NA,NA,NA,NA,NA,NA,NA,NA,NA,NA,NA,NA,NA,NA,NA,NA,NA,NA,NA,NA,NA,NA,NA,NA,NA,NA,NA,NA,NA,NA,NA,NA,NA,NA,NA,NA,NA,NA,NA,NA,NA,NA,NA,NA,NA,NA,NA,NA,NA,NA,NA,NA,NA,{BD27FCFA-D424-41F3-98E6-AD2172125098},NO ALGAE BUT MANY MACROPHYTES AFFECTING RECREATION ABILITY/SECCHI WOULD BE VISIBLE IF NOT FOR PLANTS./JUST,LCI,WATER COLUMN,NA,NA,NA
8/11/2020,0906RED0010_DH,2009RED0S41,"ONION,KELEIGH REYNOLDS, GAVIN LEMLEY",-75.73139954,44.27019882,11,10.9,NO,NO,NA,NO,PARTLY CLOUDY,LOW WIND,CLEAR,NA,2,3,NA,NA,NA,NA,NA,NA,NA,NA,NA,NA,NA,NA,NA,NA,NA,NA,NA,NA,NA,NA,NA,NA,NA,NA,NA,NA,NA,NA,NA,NA,NA,NA,NA,NA,NA,NA,NA,NA,NA,NA,NA,NA,NA,NA,NA,NA,NA,NA,NA,NA,NA,NA,NA,NA,NA,{A53EEA96-7039-4F48-BC3E-328BD28AF1F4},,LCI,WATER COLUMN,NA,NA,NA
8/10/2020,0903FOL0186_DH,2009FOL0S41,"ONION,REYNOLDS, LEMLEY",-74.37310028,44.17630005,27,27,NO,NO,NA,NO,MOSTLY CLOUDY,LOW WIND,RAIN,NA,1,2,NA,NA,NA,NA,NA,NA,NA,NA,NA,NA,NA,NA,NA,NA,NA,NA,NA,NA,NA,NA,NA,NA,NA,NA,NA,NA,NA,NA,NA,NA,NA,NA,NA,NA,NA,NA,NA,NA,NA,NA,NA,NA,NA,NA,NA,NA,NA,NA,NA,NA,NA,NA,NA,NA,NA,{7D2F1330-F208-4711-92FF-719175B10280},YSI DEPTH METER STOPPED (STUCK) AT 24.  CONTINUED LOWERING TO ~27M.,LCI,WATER COLUMN,NA,NA,NA
8/10/2020,0903LSI0182_DH,2009LSI0S41,"ONION,REYNOLDS, LEMLEY",-74.4415741,44.15700912,34,34,NO,NO,NA,NO,PARTLY CLOUDY,LOW WIND,CLEAR,NA,1,1,NA,NA,NA,NA,NA,NA,NA,NA,NA,NA,NA,NA,NA,NA,NA,NA,NA,NA,NA,NA,NA,NA,NA,NA,NA,NA,NA,NA,NA,NA,NA,NA,NA,NA,NA,NA,NA,NA,NA,NA,NA,NA,NA,NA,NA,NA,NA,NA,NA,NA,NA,NA,NA,NA,NA,{B6093690-6AF8-429A-A79D-EBDA7B68216D},,LCI,WATER COLUMN,NA,NA,NA
7/16/2020,0905ROC0231_DH,2009ROC0S31,"ONION,JLOPE",-75.19667053,43.9961853,10,10,NO,NO,NO,NO,CLEAR,MODERATE WIND,CLEAR,NA,2,2,SPARSE,MODERATE,MODERATE,GOOD,MESOTROPHIC,NA,LOW,NONE,NONE,NONE,NONE,LOW,LOW,NONE,LOW,LOW,LOW,NONE,NONE,NONE,NONE,NONE,NONE,NONE,NONE,NONE,NONE,NONE,NONE,NONE,NONE,NONE,NONE,NONE,NONE,NONE,NONE,NONE,NONE,NONE,NONE,NONE,NONE,NATURAL,BANNED,FAIR,0,EXTENSIVE,SPARSE,SPARSE,RARE,RARE,RARE,RARE,RARE,{84AF749F-4C0A-4551-A014-F5DE3DBEA7DE},,LCI,WATER COLUMN,NA,NA,NA
6/24/2020,0906RED0010_DH,2009RED0S21,"ONION,KELEIGH REYNOLDS",-75.73041534,44.27077866,13.6,13.2,NO,NO,NA,NO,MOSTLY CLOUDY,HIGH WIND,CLEAR,NA,2,2,NA,NA,NA,NA,NA,NA,NA,NA,NA,NA,NA,NA,NA,NA,NA,NA,NA,NA,NA,NA,NA,NA,NA,NA,NA,NA,NA,NA,NA,NA,NA,NA,NA,NA,NA,NA,NA,NA,NA,NA,NA,NA,NA,NA,NA,NA,NA,NA,NA,NA,NA,NA,NA,NA,NA,{B83305E4-519F-4D89-84EB-A92951DA0F64},,LCI,WATER COLUMN,NA,NA,NA
6/24/2020,0905MOO0071_DH,2009MOO0S21,"ONION,KELEIGH REYNOLDS",-75.73448944,44.25428009,5.2,5.2,NO,NO,NA,NO,MOSTLY CLOUDY,MODERATE WIND,CLEAR,NA,2,2,NA,NA,NA,NA,NA,NA,NA,NA,NA,NA,NA,NA,NA,NA,NA,NA,NA,NA,NA,NA,NA,NA,NA,NA,NA,NA,NA,NA,NA,NA,NA,NA,NA,NA,NA,NA,NA,NA,NA,NA,NA,NA,NA,NA,NA,NA,NA,NA,NA,NA,NA,NA,NA,NA,NA,{4AC14B01-6FC3-46C8-A2D8-FBD279D7762E},,LCI,WATER COLUMN,NA,NA,NA
8/12/2020,0704CAN0286_DH,NA,PRESTIGIACOMO ,-77.285607,42.82157,,,,,,,,,,,,,RARE,RARE,RARE,GOOD,OLIGOTROPHIC,NA,MEDIUM,MEDIUM,NONE,NONE,NONE,MEDIUM,LOW,NONE,LOW,MEDIUM,NONE,MEDIUM,LOW,LOW,NONE,LOW,LOW,LOW,NONE,NONE,NONE,LOW,NONE,NONE,NONE,NONE,NONE,NONE,NONE,LOW,NONE,NONE,MEDIUM,LOW,NONE,NONE,NONE,NATURAL,LOW,GOOD,NA,RARE,RARE,RARE,RARE,MODERATE,MODERATE,MODERATE,MODERATE,{87B146DB-5B62-4A13-B1C2-5D96B10D78C8},,LCI,WATER COLUMN,NA,NA,NA
