WCFD_EVENT_LMAS_SAMPLE_DATE,WCFD_LOCATION_HISTORY_ID,WCFD_SAMPLE_NAME,WCFD_END_DEPTH,WCFD_GLOBAL_ID,WCFD_START_DEPTH,WCFD_EQUIPMENT_TYPE,WCFD_SAMPLE_TYPE,WCFD_EQUIPMENT_DESC,WCFD_INFORMATION_TYPE,WCFD_WCFD_DEPTH_UNIT,WCFD_EVENT_LMAS_DATA_PROVIDER,WCFD_SAMPLE_METHOD
5/13/2020,0402UWB5160_DH,2004UWB5S11,1,{00E13EF4-3205-4130-8E75-9CCA1E6B30C3},0,VAN DORN,WATER COLUMN,NA,OW,M,LCI,SOP 203
5/13/2020,0402DEW5227_DH,2004DEW5S11,2,{2883BB33-190E-4822-B856-315C43CFEC73},0,VINYL TUBE,WATER COLUMN,NA,OW,M,LCI,SOP 203
5/19/2020,0903FOL0186_DH,2009FOL0S11,2,{5168E011-190D-4F5B-A249-B1A1A3C8D9CA},0,VINYL TUBE,WATER COLUMN,NA,OW,M,LCI,SOP 203
5/19/2020,0903LSI0182_DH,2009LSI0S11,2,{D410109B-6C00-4A3D-BC37-0579139C5742},0,VINYL TUBE,WATER COLUMN,NA,OW,M,LCI,SOP 203
5/19/2020,0903EAG0306_DH,2009EAG0S11,2,{8330043A-4E81-4207-9E1D-A68FD6A0EB7B},0,VINYL TUBE,WATER COLUMN,NA,OW,M,LCI,SOP 203
5/19/2020,0903BLA0029A_DH,2009BLA0S11,2,{4444CE9F-DA68-461A-9838-A48FDF31C4DF},0,VINYL TUBE,WATER COLUMN,NA,OW,M,LCI,SOP 203
5/19/2020,0903BLU0307_DH,2009BLU0S11,2,{9D19EBA9-97FB-4080-8F97-1383864E7F48},0,VINYL TUBE,WATER COLUMN,NA,OW,M,LCI,SOP 203
5/20/2020,0906MUD0003_DH,2009MUD05S11,2,{55541EEC-3A10-42E1-9FDA-C53B1AF9E626},0,VINYL TUBE,WATER COLUMN,NA,OW,M,LCI,SOP 203
5/20/2020,0905LOW0061_DH,2009LOW0S11,1,{E434CA68-8F6D-4EC5-A52D-2C27DCC053AB},0,VINYL TUBE,WATER COLUMN,NA,OW,M,LCI,SOP 203
5/20/2020,0906RED0010_DH,2009RED0S11,2,{A1F63360-D1D2-43B5-9FF0-C70F41BEA1AD},0,VINYL TUBE,WATER COLUMN,NA,OW,M,LCI,SOP 203
5/20/2020,0906MUD0003_DH,2009MUD03S11,2,{EDA05D20-B91C-4068-9895-CF89ADE53DE1},0,VINYL TUBE,WATER COLUMN,NA,OW,M,LCI,SOP 203
5/20/2020,0906MUS0008_DH,2009MUS0S11,2,{0B97FCC4-62E6-4719-B827-C10603756F0E},0,VINYL TUBE,WATER COLUMN,NA,OW,M,LCI,SOP 203
5/20/2020,0906HIC0004_DH,2009HIC0S11,2,{3C1C8CE2-0C53-4BE8-93B1-61707C5C7341},0,VINYL TUBE,WATER COLUMN,NA,OW,M,LCI,SOP 203
5/21/2020,0905ROC0231_DH,2009ROC0S11,2,{D3791DB2-D71F-4781-B163-D4019A63075A},0,VINYL TUBE,WATER COLUMN,NA,OW,M,LCI,SOP 203
5/21/2020,0905SYL0088_DH,2009SYL0S11,2,{97D4CC56-BA8E-4A78-8E60-31E74CEA3758},0,VINYL TUBE,WATER COLUMN,NA,OW,M,LCI,SOP 203
5/26/2020,1401CHE0106_DH,2014CHE0S11,2,{AFD0AEB5-9EDB-4393-949E-D3533A8B30DC},0,VINYL TUBE,WATER COLUMN,NA,OW,M,LCI,SOP 203
5/26/2020,1401MOU0114_DH,2014MOU0S11,2,{D41F56BA-0C0E-4E22-8804-DF3D854B72B9},0,VINYL TUBE,WATER COLUMN,NA,OW,M,LCI,SOP 203
5/26/2020,1402LOU0040_DH,2014LOU0S11,2,{55F06FC5-22DB-4226-B123-072AF2D7E802},0,VINYL TUBE,WATER COLUMN,NA,OW,M,LCI,SOP 203
5/27/2020,1402HAW0005A_DH,2014HAW0S11,1.5,{F82FDAB6-B4A4-4558-97A5-2A829B814786},0,VINYL TUBE,WATER COLUMN,NA,OW,M,LCI,SOP 203
5/27/2020,1402RE10003_DH,2014RE10S11,2,{AD6E8D0D-5A21-4096-82DC-A38D0D0A3200},0,VINYL TUBE,WATER COLUMN,NA,OW,M,LCI,SOP 203
5/27/2020,1402EAS0055_DH,2014EAS0S11,2,{D5213C1C-9569-4F01-867E-14D4599C63E5},0,VINYL TUBE,WATER COLUMN,NA,OW,M,LCI,SOP 203
6/3/2020,0402DEW5227_DH,2004DEW5S21,2,{F02290D2-6B51-40BD-ADBF-2B41CB0F8538},0,VINYL TUBE,WATER COLUMN,NA,OW,M,LCI,SOP 203
6/3/2020,0404NUN0084A_DH,2004NUN0S21,2,{220454E4-A9B5-462F-BA0A-C27AC3D29436},0,VINYL TUBE,WATER COLUMN,NA,OW,M,LCI,SOP 203
6/9/2020,1306STU0453A_DH,2013STU0S21,2,{E30B3793-AEF5-474D-9C3F-2AB53BF874F8},0,VINYL TUBE,WATER COLUMN,NA,OW,M,LCI,SOP 203
6/10/2020,1501DEF0977A_DH,2015DEF0S21,2,{E192A22C-7F73-490A-A7C6-CE584BCF5BA3},0,VINYL TUBE,WATER COLUMN,NA,OW,M,LCI,SOP 203
6/10/2020,1501CON0984_DH,2015CON0S21,0.5,{E59D1343-81A5-480E-8C56-D13B4A6245C2},0,VAN DORN,WATER COLUMN,NA,OW,M,LCI,SOP 203
6/10/2020,1501SWA0984_DH,2015SWA0S21,1,{F446A663-56B0-4C19-9363-1240C25F0C8F},0,VINYL TUBE,WATER COLUMN,NA,OW,M,LCI,SOP 203
6/16/2020,1404RUS0410_DH,2014RUS0S21,1,{24D8FC86-72C1-4AB3-8F8B-B8E8E7192016},0,VINYL TUBE,WATER COLUMN,NA,OW,M,LCI,SOP 203
6/16/2020,1404BEA0401_DH,2014BEA0S21,1,{EBFFB9D4-6EA4-41FE-9B65-4CD5523A6F2B},0,VINYL TUBE,WATER COLUMN,NA,OW,M,LCI,SOP 203
6/16/2020,1402KIA0044_DH,2014KIA0S21,2,{8A7D0733-32EF-425A-A9EB-10BCAFDB469C},0,VINYL TUBE,WATER COLUMN,NA,OW,M,LCI,SOP 203
6/17/2020,1401MOU0114_DH,2014MOU0S21,2,{127FBC95-BDF1-4AC0-80D4-E5C02C294E01},0,VINYL TUBE,WATER COLUMN,NA,OW,M,LCI,SOP 203
6/17/2020,1401CHE0106_DH,2014CHE0S21,2,{0146632B-AAFC-4944-AEC5-31E455030D8D},0,VINYL TUBE,WATER COLUMN,NA,OW,M,LCI,SOP 203
6/17/2020,1402EAS0055_DH,2014EAS0S21,2,{334CB81E-E5BD-410E-984B-818412B62C49},0,VINYL TUBE,WATER COLUMN,NA,OW,M,LCI,SOP 203
6/17/2020,1402LOU0040_DH,2014LOU0S21,2,{2F24E7CA-7613-40CE-8B03-DF754C0261E6},0,VINYL TUBE,WATER COLUMN,NA,OW,M,LCI,SOP 203
6/18/2020,1402RE10003_DH,2014RE10S21,2,{26B98F4D-E818-4771-B718-E380F4758C23},0,VINYL TUBE,WATER COLUMN,NA,OW,M,LCI,SOP 203
6/18/2020,1402HAW0005A_DH,2014HAW0S21,2,{34539503-0F55-4E61-AC8A-EBEC9812E1C7},0,VINYL TUBE,WATER COLUMN,NA,OW,M,LCI,SOP 203
6/23/2020,1101MOR0101_DH,2011MOR0S21,2,{F829BF81-F817-4BCD-B358-7E280B574010},0,VINYL TUBE,WATER COLUMN,NA,OW,M,LCI,SOP 203
6/23/2020,0903FOL0186_DH,2009FOL0S21,2,{6B413B47-D79C-461C-8245-12499B278AAD},0,VINYL TUBE,WATER COLUMN,NA,OW,M,LCI,SOP 203
6/23/2020,0903LSI0182_DH,2009LSI0S21,2,{736E3AB3-D1B3-4C5B-BA4E-801FFFA137BF},0,VINYL TUBE,WATER COLUMN,NA,OW,M,LCI,SOP 203
6/24/2020,0906MUD0003_DH,2009MUD03S21,2,{709D8DB4-88B2-471E-9037-EB788979F578},0,VINYL TUBE,WATER COLUMN,NA,OW,M,LCI,SOP 203
6/24/2020,0906HIC0004_DH,2009HIC0S21,1,{CE29CD6A-2697-42DB-8233-E360CE93A209},0,VINYL TUBE,WATER COLUMN,NA,OW,M,LCI,SOP 203
6/24/2020,0905LOW0061_DH,2009LOW0S21,0.5,{97BCB5DA-0524-4D16-AA07-B8FCAC81FC72},0,VAN DORN,WATER COLUMN,NA,OW,M,LCI,SOP 203
6/24/2020,0906MUD0005_DH,2009MUD05S21,2,{A9D3894C-A04C-4567-A0C8-44B50639342F},0,VINYL TUBE,WATER COLUMN,NA,OW,M,LCI,SOP 203
6/25/2020,0703ONE0026_SHACK_DH,20ONSHACKS21,2,{403C2B27-971F-4F07-BAE9-96A4D1AE0DBB},0,VINYL TUBE,WATER COLUMN,NA,OW,M,LCI,SOP 203
6/25/2020,0703ONE0026_3MILE_DH,20ON3MILS21,2,{39E8BBA1-3B6A-4133-A5D2-3FA3C3AB73F6},0,VINYL TUBE,WATER COLUMN,NA,OW,M,LCI,SOP 203
6/25/2020,0703ONE0026_B109_DH,20ONB109S21,2,{EC6952C5-E11B-4A84-938D-EC10E0A75972},0,VINYL TUBE,WATER COLUMN,NA,OW,M,LCI,SOP 203
6/25/2020,0905ROC0231_DH,2009ROC0S21,2,{C2A5494A-7472-4AA0-9344-F2BF6513009A},0,VINYL TUBE,WATER COLUMN,NA,OW,M,LCI,SOP 203
6/25/2020,0905SYL0088_DH,2009SYL0S21,2,{A67CAD56-9A18-4564-9196-2C8BCC574938},0,VINYL TUBE,WATER COLUMN,NA,OW,M,LCI,SOP 203
6/30/2020,1306STU0453A_DH,2013STU0S21,2,{1E57AEBB-16D9-44E1-86C9-0B427CD05CE8},0,VINYL TUBE,WATER COLUMN,NA,OW,M,LCI,SOP 203
7/1/2020,1104GRE0127_DH,2011GRE0S31,2,{67E033B9-9AC4-447D-8420-2B21475D97B5},0,VINYL TUBE,WATER COLUMN,NA,OW,M,LCI,SOP 203
7/1/2020,0903BLU0307_DH,2009BLU0S21,2,{5FC5E200-B9D4-486E-9C4C-EB01F796112A},0,VINYL TUBE,WATER COLUMN,NA,OW,M,LCI,SOP 203
7/1/2020,0903EAG0306_DH,2009EAG0S21,2,{603F8730-FEAF-4A68-8FBB-8CF2F4B6C229},0,VINYL TUBE,WATER COLUMN,NA,OW,M,LCI,SOP 203
7/2/2020,0903EAT0248_DH,2009EAT0S21,2,{AE1A339E-DC1A-4B09-9894-80665DD833B5},0,VINYL TUBE,WATER COLUMN,NA,OW,M,LCI,SOP 203
7/2/2020,0906MUS0008_DH,2009MUS0S21,2,{F075CD6F-96E7-4D55-8F5A-C43CDB8DC119},0,VINYL TUBE,WATER COLUMN,NA,OW,M,LCI,SOP 203
7/2/2020,0903BLA0029A_DH,2009BLA0S21,2,{0492F693-CFC7-4F0B-87EF-0F79F6F044CB},0,VINYL TUBE,WATER COLUMN,NA,OW,M,LCI,SOP 203
7/7/2020,1402EAS0055_DH,2014EAS0S31,1.3,{DC5DC7A0-696E-4C70-B900-87335403CA50},0,VINYL TUBE,WATER COLUMN,NA,OW,M,LCI,SOP 203
7/7/2020,1402EVE0050A_DH,2014EVE0S31,0.9,{86F9E2A4-0EE6-4B44-8D7A-AAAC4BCC6DAA},0,VINYL TUBE,WATER COLUMN,NA,OW,M,LCI,SOP 203
7/7/2020,1402EVE0050A_DH,2014EVE0S31,0.9,{BF423F9F-128F-4557-82D5-658293676B44},0,VINYL TUBE,WATER COLUMN,NA,OW,M,LCI,SOP 203
7/7/2020,1402KIA0044_DH,2014KIA0S31,2,{0D0305E2-C794-4717-B364-4D0CAF2F8BF9},0,VINYL TUBE,WATER COLUMN,NA,OW,M,LCI,SOP 203
7/7/2020,1306STU0453A_DH,2013STU0S31,2,{A7EAE22A-EE67-49B8-8245-0E0BA5B51F55},0,VINYL TUBE,WATER COLUMN,NA,OW,M,LCI,SOP 203
7/7/2020,1203MET0821_DH,2012MET0S31,2,{527CCE31-3E6D-4BAC-8D6C-4251933C5A86},0,VINYL TUBE,WATER COLUMN,NA,OW,M,LCI,SOP 203
7/7/2020,0703UWBXXX1_DH,2007UWBXS31,0.2,{3C9CFBA7-C10E-49C4-B9BB-7C167F9486D3},0,GRAB,WATER COLUMN,NA,OW,M,LCI,SOP 203
7/8/2020,1402LOU0040_DH,2014LOU0S31,2,{03875CCF-8772-4CCB-8DBF-982836F5D8EF},0,VINYL TUBE,WATER COLUMN,NA,OW,M,LCI,SOP 203
7/8/2020,1401MOU0114_DH,2014MOU0S31,1.4,{D001E5EE-0D43-4949-AF22-9952DCF93FAA},0,VINYL TUBE,WATER COLUMN,NA,OW,M,LCI,SOP 203
7/8/2020,1401CHE0106_DH,2014CHE0S31,2,{9E7AA5EA-C01F-4B84-9BB5-A2F193CE7519},0,VINYL TUBE,WATER COLUMN,NA,OW,M,LCI,SOP 203
7/8/2020,0801KAY0984A_DH,2008KAY0S31,2,{DD1777B4-71C4-40C3-97A4-70DDBF3B83DA},0,VINYL TUBE,WATER COLUMN,NA,OW,M,LCI,SOP 203
7/8/2020,1501SWA0984_DH,2015SWA0S31,1.5,{725E41D5-A4C0-479F-AFF1-82329CAEF505},0,VINYL TUBE,WATER COLUMN,NA,OW,M,LCI,SOP 203
7/8/2020,1501CON0984_DH,2015CON0S31,0.5,{F4FDB033-4EA2-4E08-BB25-90318A009FDF},0,VINYL TUBE,WATER COLUMN,NA,OW,M,LCI,SOP 203
7/8/2020,1501DEF0977A_DH,2015DEF0S31,2,{D8C29ADA-45A7-44F4-8EB4-E7F54AC491BD},0,VINYL TUBE,WATER COLUMN,NA,OW,M,LCI,SOP 203
7/8/2020,0801GUL0969_DH,2008GUL0S31,2,{DDC77C37-63F2-4D61-9BDF-231889A10299},0,VINYL TUBE,WATER COLUMN,NA,OW,M,LCI,SOP 203
7/8/2020,0801OTT0926_DH,2008OTT0S31,2,{78E0D57D-37F6-4FE0-A0A7-587A6C5B1910},0,VINYL TUBE,WATER COLUMN,NA,OW,M,LCI,SOP 203
7/9/2020,1402RE10003_DH,2014RE10S31,2,{EB8999D0-D736-4AE3-8A5C-4E615DF09A7E},0,VINYL TUBE,WATER COLUMN,NA,OW,M,LCI,SOP 203
7/9/2020,1402HAW0005A_DH,2014HAW0S31,1,{D5BB9497-0999-4075-9688-12D0D7622F8D},0,VINYL TUBE,WATER COLUMN,NA,OW,M,LCI,SOP 203
7/9/2020,1104FOU0325_DH,2011FOU0S31,2,{85C4F160-2186-4C8F-A03E-58A63FB33E33},0,VINYL TUBE,WATER COLUMN,NA,OW,M,LCI,SOP 203
7/9/2020,1104ALG0276A_DH,2011ALG0S31,2,{CBBC422F-B8A7-4BFD-823F-9B5980040CF3},0,VINYL TUBE,WATER COLUMN,NA,OW,M,LCI,SOP 203
7/14/2020,0903LSI0182_DH,2009LSI0S31,2,{41580894-704C-497C-B7AF-19609C337402},0,VINYL TUBE,WATER COLUMN,NA,OW,M,LCI,SOP 203
7/14/2020,1101MOR0101_DH,2011MOR0S31,2,{1B60CFDE-75DF-4474-BE00-3FCD98120F15},0,VINYL TUBE,WATER COLUMN,NA,OW,M,LCI,SOP 203
7/14/2020,0903BLU0307_DH,2009BLU0S31,2,{44ABD2CF-2608-46D4-AE20-63D1BDAD1568},0,VINYL TUBE,WATER COLUMN,NA,OW,M,LCI,SOP 203
7/14/2020,0903FOL0186_DH,2009FOL0S31,2,{9CC1C743-0561-48FA-96C4-B820EC5B31A9},0,VINYL TUBE,WATER COLUMN,NA,OW,M,LCI,SOP 203
7/14/2020,0903EAG0306_DH,2009EAG0S31,2,{23B9A450-74FA-40E1-AE62-4FE3573A48EE},0,VINYL TUBE,WATER COLUMN,NA,OW,M,LCI,SOP 203
7/15/2020,0905LOW0061_DH,2009LOW0S31,1,{21B3D169-C0BA-4D70-AA1C-5ECC212BBBAE},0,VINYL TUBE,WATER COLUMN,NA,OW,M,LCI,SOP 203
7/15/2020,0906MUD0005_DH,2009MUD05S31,2,{95773DCB-0C34-4B78-9015-306F6E3EC599},0,VINYL TUBE,WATER COLUMN,NA,OW,M,LCI,SOP 203
7/15/2020,0906RED0010_DH,2009RED0S31,2,{42163ECA-5009-4AD2-8BD5-09BF2B7E5557},0,VINYL TUBE,WATER COLUMN,NA,OW,M,LCI,SOP 203
7/15/2020,0905MOO0071_DH,2009MOO0S31,2,{4E72AF0D-3564-4A9F-8150-6139F96D422F},0,VINYL TUBE,WATER COLUMN,NA,OW,M,LCI,SOP 203
7/15/2020,0906MUD0003_DH,2009MUD03S31,2,{309709A0-DB86-44E0-96E4-5D430A50D920},0,VINYL TUBE,WATER COLUMN,NA,OW,M,LCI,SOP 203
7/15/2020,0906HIC0004_DH,2009HIC0S31,2,{54D53962-EBDC-4F69-BE1C-78E65C1686B5},0,VINYL TUBE,WATER COLUMN,NA,OW,M,LCI,SOP 203
7/15/2020,0906MUS0008_DH,2009MUS0S31,2,{B813C823-FDB0-423B-AE30-FE92143C4760},0,VINYL TUBE,WATER COLUMN,NA,OW,M,LCI,SOP 203
7/16/2020,0905SYL0088_DH,2009SYL0S31,2,{B5C0A5EE-7818-4E85-AB6D-C7FC41ACD813},0,VINYL TUBE,WATER COLUMN,NA,OW,M,LCI,SOP 203
7/16/2020,0903BLA0029A_DH,2009BLA0S31,2,{3E32A47C-0E9B-413C-AFDB-C61A8BF9CCFB},0,VINYL TUBE,WATER COLUMN,NA,OW,M,LCI,SOP 203
7/16/2020,0903EAT0248_DH,2009EAT0S31,2,{BEF7286E-3CFE-4F5A-8527-2E6937466EDE},0,VINYL TUBE,WATER COLUMN,NA,OW,M,LCI,SOP 203
7/21/2020,0602LUD0099_DH,2006LUD0S31,2,{100DEA3D-0059-4235-A729-9ED1556701C3},0,VINYL TUBE,WATER COLUMN,NA,OW,M,LCI,SOP 203
7/21/2020,1202ENG0589_DH,2012ENG0S31,2,{3386DB71-CC29-4B76-919E-1CE28B172DBE},0,VINYL TUBE,WATER COLUMN,NA,OW,M,LCI,SOP 203
7/22/2020,0603CAY0008_DH,2006CAY0S31,2,{7437D398-9B72-43FF-A475-FBBFB230D7C4},0,VINYL TUBE,WATER COLUMN,NA,OW,M,LCI,SOP 203
7/22/2020,0502MILXXX1_DH,2005MILXS31,1,{7248D75E-DA4B-4D60-85A5-0C45E99C408F},0,VINYL TUBE,WATER COLUMN,NA,OW,M,LCI,SOP 203
7/22/2020,0603SPE0013_DH,2006SPE0S31,2,{F326357F-F474-4952-ADC5-0FF8C1613FBF},0,VINYL TUBE,WATER COLUMN,NA,OW,M,LCI,SOP 203
7/27/2020,1202COB0583_DH,2012COB0S31,2,{587A83CD-C9C8-4E43-862B-EB620DE1D0DE},0,VINYL TUBE,WATER COLUMN,NA,OW,M,LCI,SOP 203
7/27/2020,1202UWB5180_DH,2012UWB51S31,0.7,{F7E0C0EC-D892-4389-A466-8D5705CE3D08},0,VINYL TUBE,WATER COLUMN,NA,OW,M,LCI,SOP 203
7/27/2020,1201MIRXXX1_DH,2012MIRXS31,1,{322801AC-887D-49FB-B9F1-9E6086C815D9},0,VINYL TUBE,WATER COLUMN,NA,OW,M,LCI,SOP 203
7/27/2020,0703ROM5276_DH,2012ROM5S31,2,{C469050C-579C-4C2D-BDE6-4FE9C405FB92},0,VINYL TUBE,WATER COLUMN,NA,OW,M,LCI,SOP 203
7/27/2020,1202ECH0605_DH,2012ECH0S31,0.7,{53F1E574-F5F9-4188-B0B7-8BFFFA7A39E6},0,VINYL TUBE,WATER COLUMN,NA,OW,M,LCI,SOP 203
7/28/2020,1201ECA0703A_DH,2012ECA0S31,2,{EDB429F6-34CD-4ABC-B451-20DDC4614635},0,VINYL TUBE,WATER COLUMN,NA,OW,M,LCI,SOP 203
7/28/2020,1203GLA0859_DH,2012GLA0S31,2,{0252C169-9B24-4211-A7DD-2A176C7251D9},0,VINYL TUBE,WATER COLUMN,NA,OW,M,LCI,SOP 203
7/28/2020,1202COL0649_DH,2012COL0S31,2,{D7F430EC-1F36-4C71-8AAA-040ABC53F216},0,VINYL TUBE,WATER COLUMN,NA,OW,M,LCI,SOP 203
7/28/2020,1202RIP0656A_DH,2012RIP0S31,0.8,{56636E49-2E17-479D-B065-6C51A465D0E3},0,VINYL TUBE,WATER COLUMN,NA,OW,M,LCI,SOP 203
7/28/2020,1202TAN0655D_DH,2012TAN0S31,2,{838105BA-6A30-4F2D-9D7B-0B2A1CA9281B},0,VINYL TUBE,WATER COLUMN,NA,OW,M,LCI,SOP 203
7/29/2020,1201FEA0571_DH,2012FEA0S31,1,{B3D80A3B-5324-4332-B4DE-E840FEF6CC2D},0,VINYL TUBE,WATER COLUMN,NA,OW,M,LCI,SOP 203
7/29/2020,1201UWB5549_DH,2012UWB55S31,0.5,{635DE3FA-354E-437E-B402-D7A36151638E},0,VINYL TUBE,WATER COLUMN,NA,OW,M,LCI,SOP 203
7/29/2020,1201UWBXXX3_DH,2012UWBX3S31,1.4,{031EF8BE-EC53-41D8-B2A6-59D9D64D02EB},0,VINYL TUBE,WATER COLUMN,NA,OW,M,LCI,SOP 203
7/29/2020,1201VAN0689_DH,2012VAN0S31,2,{5FF1DA0B-A22D-492D-B393-88C522732560},0,VINYL TUBE,WATER COLUMN,NA,OW,M,LCI,SOP 203
7/29/2020,0703ONE0026_3MILE_DH,20ON3MILS31,2,{3CB66E45-5192-4A63-8A79-04EDEDDDBE6B},0,NA,WATER COLUMN,NA,OW,M,LCI,SOP 203
7/29/2020,0703ONE0026_B109_DH,20ONB109S31,2,{E47890E4-6561-43D9-ACBB-FB6063E37BBC},0,VINYL TUBE,WATER COLUMN,NA,OW,M,LCI,SOP 203
7/29/2020,0703ONE0026_SHACK_DH,20ONSHACKS31,2,{DBD62748-059B-47FB-A99D-5D47F24ACB0E},0,VINYL TUBE,WATER COLUMN,NA,OW,M,LCI,SOP 203
8/3/2020,1310BLA0N80B_DH,2013BLA0S41,2,{0FD13020-D5EB-4142-9B29-1A206EC56A20},0,VINYL TUBE,WATER COLUMN,NA,OW,M,LCI,SOP 203
8/3/2020,1305SIL0378_DH,2013SIL0S41,2,{5729B4AA-FFC9-4583-8035-2ABBF351BE0A},0,VINYL TUBE,WATER COLUMN,NA,OW,M,LCI,SOP 203
8/3/2020,1601UWBXXX1_DH,2016UWBXS41,2,{1FCD0A5C-E151-4DD8-83F4-E27D89585F73},0,VINYL TUBE,WATER COLUMN,NA,OW,M,LCI,SOP 203
8/4/2020,1401SWA0211_DH,2014SWA0S41,2,{F7A19367-71C7-4EE7-B5A9-DFD01F98D97A},0,VINYL TUBE,WATER COLUMN,NA,OW,M,LCI,SOP 203
8/4/2020,1302HEM0103H_DH,2013HEM0S41,1,{E5FE1DDE-8CA2-4C4B-9706-3F3E45871F63},0,VINYL TUBE,WATER COLUMN,NA,OW,M,LCI,SOP 203
8/10/2020,1101MOR0101_DH,2011MOR0S41,2,{B5725F0B-0AA3-4307-A29A-AD47129B102B},0,VINYL TUBE,WATER COLUMN,NA,OW,M,LCI,SOP 203
8/10/2020,0903EAG0306_DH,2009EAG0S41,2,{ED94C4B2-7CFD-4BCE-85F2-FB0DB1D7932A},0,VINYL TUBE,WATER COLUMN,NA,OW,M,LCI,SOP 203
8/10/2020,0903BLU0307_DH,2009BLU0S41,2,{FE0BE1FD-D113-4707-B35C-D05FAFA40EF5},0,VINYL TUBE,WATER COLUMN,NA,OW,M,LCI,SOP 203
8/11/2020,0906MUD0003_DH,2009MUD03S41,2,{99353ED2-1A59-46DE-A208-043CD9478168},0,VINYL TUBE,WATER COLUMN,NA,OW,M,LCI,SOP 203
8/11/2020,0906HIC0004_DH,2009HIC0S41,2,{7EE2AEEE-B15B-4076-9E8C-CD119E697CAA},0,VINYL TUBE,WATER COLUMN,NA,OW,M,LCI,SOP 203
8/11/2020,1201SPE0760_DH,2012SPE0S41,2,{984AEA69-596A-4F1D-B325-B21BF593F855},0,VINYL TUBE,WATER COLUMN,NA,OW,M,LCI,SOP 203
8/11/2020,0906MUS0008_DH,2009MUS0S41,2,{D2A77B63-E922-4D78-BBAC-FDB8E3F256B9},0,VINYL TUBE,WATER COLUMN,NA,OW,M,LCI,SOP 203
8/17/2020,0302SIL0065_DH,2003SIL0S41,0.5,{CE06938A-BBA4-46E1-8BE3-7CF67FFF611F},0,VINYL TUBE,WATER COLUMN,NA,OW,M,LCI,SOP 203
8/17/2020,0301UWB0190A_DH,2003UWB019S41,1,{BBD7431F-93F7-422B-908A-9BF5D827E621},0,VINYL TUBE,WATER COLUMN,NA,OW,M,LCI,SOP 203
8/17/2020,0303NOR1041_DH,2003NOR1S41,2,{57D01539-9078-4CF3-9226-A11841B2A432},0,VINYL TUBE,WATER COLUMN,NA,OW,M,LCI,SOP 203
8/17/2020,0301MID0177A_DH,2003MID0S41,2,{B96FB63F-E579-4256-A1FB-F20023A8CDA0},0,VINYL TUBE,WATER COLUMN,NA,OW,M,LCI,SOP 203
8/17/2020,0303SOU0001_DH,2003SOU0S41,2,{541A812A-E450-4D09-963C-6EA568682C4D},0,VINYL TUBE,WATER COLUMN,NA,OW,M,LCI,SOP 203
8/18/2020,0303LOR0052_DH,2003LOR0S41,2,{4E0EC08D-CE35-4C45-9730-645F5AE4975D},0,VINYL TUBE,WATER COLUMN,NA,OW,M,LCI,SOP 203
8/18/2020,0301GOO0167O_DH,2003GOO0S41,0.2,{E63BE189-3747-4B3F-8188-8542B4FEA477},0,GRAB,WATER COLUMN,NA,OW,M,LCI,SOP 203
8/18/2020,0301WAT0166_DH,2003WAT0S41,2,{FD175A80-EA3F-4B25-9FD1-5F0D3CBA57C0},0,VINYL TUBE,WATER COLUMN,NA,OW,M,LCI,SOP 203
8/18/2020,0303STM0042_DH,2003STM0S41,2,{93183BD7-F800-4235-9B6E-261E2EAEB937},0,VINYL TUBE,WATER COLUMN,NA,OW,M,LCI,SOP 203
8/18/2020,0303COA0048_DH,2003COA0S41,2,{9B181479-FE11-4EAC-8D73-297F0188EBC2},0,VINYL TUBE,WATER COLUMN,NA,OW,M,LCI,SOP 203
8/18/2020,0301UWB0153D_DH,2003UWB015S41,1,{83FEDE81-DE54-4C37-950C-1EB7EC1CC5C3},0,VINYL TUBE,WATER COLUMN,NA,OW,M,LCI,SOP 203
8/18/2020,0703ONE0026_SHACK_DH,20ONSHACKS41,1.5,{7FAF42F6-E1E5-4147-ACDB-E0CE4267F84B},0,VINYL TUBE,WATER COLUMN,NA,OW,M,LCI,SOP 203
8/18/2020,0703ONE0026_3MILE_DH,20ON3MILS41,1.5,{1C6BFCA7-6140-457E-9749-7C0F8B97391A},0,VINYL TUBE,WATER COLUMN,NA,OW,M,LCI,SOP 203
8/18/2020,0703ONE0026_B109_DH,20ONB109S41,1.5,{33DC5397-504C-40CB-A098-7A722B271C35},0,VINYL TUBE,WATER COLUMN,NA,OW,M,LCI,SOP 203
8/19/2020,0302DEE0142_DH,2003DEE0S41,2,{4D6A3500-3655-4380-A6EC-58F80FFC725E},0,VINYL TUBE,WATER COLUMN,NA,OW,M,LCI,SOP 203
8/19/2020,0302MIL0092_DH,2003MIL0S41,0.25,{7607ECDB-886D-4B9D-ADE4-C02C16A7503E},0,VAN DORN,WATER COLUMN,NA,OW,M,LCI,SOP 203
8/19/2020,0303HYD0391_DH,2003HYD0S41,2,{988A3B0E-F6BC-425A-823A-8D8674ACEBCE},0,VINYL TUBE,WATER COLUMN,NA,OW,M,LCI,SOP 203
8/24/2020,1501MOM1010_DH,2015MOM1S41,2,{DC6377AC-3571-4927-BE5C-A8ECC1EBCA90},0,VINYL TUBE,WATER COLUMN,NA,OW,M,LCI,SOP 203
8/24/2020,1301MEL0331_DH,2013MEL0S41,2,{4CA48A70-E824-4BE4-B605-F4AFC30E24EC},0,VINYL TUBE,WATER COLUMN,NA,OW,M,LCI,SOP 203
8/24/2020,1402LOU0040_DH,2014LOU0S41,2,{135E7FD1-24E0-44E4-B011-CD93D4DED8D0},0,VINYL TUBE,WATER COLUMN,NA,OW,M,LCI,SOP 203
8/24/2020,1402EAS0055_DH,2014EAS0S41,1.3,{C8E86866-5123-4D4C-9451-7C1CF134B51C},0,VINYL TUBE,WATER COLUMN,NA,OW,M,LCI,SOP 203
8/24/2020,1402EVE0050A_DH,2014EVE0S41,0.9,{D5CA4A5E-42EF-479B-8F2B-DF6767D3FF9E},0,VINYL TUBE,WATER COLUMN,NA,OW,M,LCI,SOP 203
8/25/2020,1301WIC0183A_DH,2013WIC0S41,2,{23D7E68A-B803-4C34-8764-6A2976A1314A},0,VINYL TUBE,WATER COLUMN,NA,OW,M,LCI,SOP 203
8/25/2020,1305COL0404_DH,2013COL0S41,2,{7D203ED3-E79A-44FA-BDA5-DEC83EF603EB},0,VINYL TUBE,WATER COLUMN,NA,OW,M,LCI,SOP 203
8/25/2020,1401HUN0216_DH,2014HUN0S41,2,{8D4C9596-F7B6-43F8-8740-4BDE01C89161},0,VINYL TUBE,WATER COLUMN,NA,OW,M,LCI,SOP 203
8/25/2020,1401CHE0106_DH,2014CHE0S41,2,{BAC2D82F-60EB-45F8-8D3D-F4821929A771},0,VINYL TUBE,WATER COLUMN,NA,OW,M,LCI,SOP 203
8/25/2020,1401SUP0104_DH,2014SUP0S41,2,{A7BCE59B-6D78-43D6-A31A-732460B1F747},0,VINYL TUBE,WATER COLUMN,NA,OW,M,LCI,SOP 203
8/26/2020,1203HIN0799_DH,2012HIN0S41,2,{D03852BF-5E74-4973-97C4-C9AD6DD8139B},0,VINYL TUBE,WATER COLUMN,NA,OW,M,LCI,SOP 203
8/26/2020,1203HIN0799_DH,2012HIN0S41,2,{D03852BF-5E74-4973-97C4-C9AD6DD8139B},0,VINYL TUBE,WATER COLUMN,NA,OW,M,LCI,SOP 203
8/26/2020,1311WAT0270_DH,2013WAT0S41,2,{A1C959B4-D13E-4228-A332-1041EEE3EEB1},0,VINYL TUBE,WATER COLUMN,NA,OW,M,LCI,SOP 203
8/26/2020,1402HAW0005A_DH,2014HAW0S41,1,{2818784D-EEBF-40AA-B7E6-241AA8B24C90},0,VINYL TUBE,WATER COLUMN,NA,OW,M,LCI,SOP 203
8/26/2020,1402RE10003_DH,2014RE10S41,2,{DEF32EAA-1723-48EA-BC4B-4E6712580F61},0,VINYL TUBE,WATER COLUMN,NA,OW,M,LCI,SOP 203
8/26/2020,1401MOU0114_DH,2014MOU0S41,1.2,{E3BC42A1-9926-4CCC-AEAD-D2E92DD332BF},0,VINYL TUBE,WATER COLUMN,NA,OW,M,LCI,SOP 203
8/31/2020,1104GRE0127_DH,2011GRE0S41,2,{B5915B96-322D-4D4D-B000-68DC9E062D89},0,VINYL TUBE,WATER COLUMN,NA,OW,M,LCI,SOP 203
8/31/2020,1104BRA0347_DH,2011BRA0S41,2,{5B93F53F-0BB8-428D-B78E-482AF96099DC},0,VINYL TUBE,WATER COLUMN,NA,OW,M,LCI,SOP 203
8/31/2020,0905CRY0289_DH,2009CRY0S41,1,{BB804CBD-EE8A-43C7-8B8C-7CEFC11D1751},0,VAN DORN,WATER COLUMN,NA,OW,M,LCI,SOP 203
9/1/2020,0903BRI0178_DH,2009BRI0S41,2,{F09B1BB6-6177-48A8-9716-C20AA20D9732},0,VINYL TUBE,WATER COLUMN,NA,OW,M,LCI,SOP 203
9/1/2020,0903SOU0017A_DH,2009SOU0S41,2,{01EB8D37-F189-465B-9B5B-AE8BF8C6E6D2},0,VINYL TUBE,WATER COLUMN,NA,OW,M,LCI,SOP 203
9/1/2020,1104DUR0641A_DH,2011DUR0S41,1.5,{BF73A5B3-EB08-47D0-81FA-8527502D6620},0,VINYL TUBE,WATER COLUMN,NA,OW,M,LCI,SOP 203
9/1/2020,1104HAR0680_DH,2011HAR0S41,2,{0CA5FC99-8144-4089-8AA4-B2AA9A72E5BC},0,VINYL TUBE,WATER COLUMN,NA,OW,M,LCI,SOP 203
9/1/2020,1306STU0453A_DH,2013STU0S41,2,{C132EC65-4398-461A-A68E-2F02C5FE733D},0,VINYL TUBE,WATER COLUMN,NA,OW,M,LCI,SOP 203
9/2/2020,1004FER0222_DH,2010FER0S41,2,{01497D08-74BF-43FE-AEF1-34B13101998B},0,VINYL TUBE,WATER COLUMN,NA,OW,M,LCI,SOP 203
9/2/2020,1501SWA0984_DH,2015SWA0S41,1,{2E7A0A46-3D28-4D7A-AB31-9B2A3A7B7C71},0,VINYL TUBE,WATER COLUMN,NA,OW,M,LCI,SOP 203
9/2/2020,1501CON0984_DH,2015CON0S41,0.5,{08657EF0-57CB-4937-A514-A3352AC6A1BF},0,VINYL TUBE,WATER COLUMN,NA,OW,M,LCI,SOP 203
9/2/2020,1501DEF0977A_DH,2015DEF0S41,2,{9F5DBED5-F9F6-4521-973A-5A67FBD4CC7D},0,VINYL TUBE,WATER COLUMN,NA,OW,M,LCI,SOP 203
9/2/2020,1005SUN0440_DH,2010SUN0S41,2,{711E62F6-2D58-4D33-8552-8EF4516A8178},0,VINYL TUBE,WATER COLUMN,NA,OW,M,LCI,SOP 203
9/2/2020,1006UWBXXX1_DH,2010UWBXS41,0.5,{5B8C5114-F709-4FC4-B342-59E6F35026F8},0,VAN DORN,WATER COLUMN,NA,OW,M,LCI,SOP 203
9/8/2020,1005BUT0452_DH,2010BUT0S41,2,{4DF02B68-DF32-4CF7-B807-CAAAF4D0E73A},0,VINYL TUBE,WATER COLUMN,NA,OW,M,LCI,SOP 203
9/8/2020,1005BUT5350_DH,2010BUT5S41,2,{AEFAF94D-5A03-465B-A814-257240BDDEC9},0,VINYL TUBE,WATER COLUMN,NA,OW,M,LCI,SOP 203
9/9/2020,1005UWB0454_DH,2010UWB0S41,2,{5C1FD41A-10F7-47D5-A65C-1684642D34F9},0,VINYL TUBE,WATER COLUMN,NA,OW,M,LCI,SOP 203
9/9/2020,1005WIL0455A_DH,2010WIL0S51,2,{CEED953B-860A-4586-8D46-D2F21B93E4CA},0,VINYL TUBE,WATER COLUMN,NA,OW,M,LCI,SOP 203
9/14/2020,1402EAS0055_DH,2014EAS0S51,2,{EE149EC2-DA6A-44EF-8D44-C97FB75242B2},0,VINYL TUBE,WATER COLUMN,NA,OW,M,LCI,SOP 203
9/14/2020,1402MOR0050_DH,2014MOR0S51,1,{2FCCEF48-E483-49FD-814D-23DE499C69D3},0,VINYL TUBE,WATER COLUMN,NA,OW,M,LCI,SOP 203
9/14/2020,1402LOU0040_DH,2014LOU0S51,2,{6ADBF5AA-B895-4A96-A2F2-991F6CF73F33},0,VINYL TUBE,WATER COLUMN,NA,OW,M,LCI,SOP 203
9/15/2020,1401CHE0106_DH,2014CHE0S51,2,{BE33CE4F-1175-405C-965F-A59E7836F52E},0,VINYL TUBE,WATER COLUMN,NA,OW,M,LCI,SOP 203
9/15/2020,1401SUP0104_DH,2014SUP0S51,2,{A5597740-4FA2-4396-890B-870C88F8DCD7},0,VINYL TUBE,WATER COLUMN,NA,OW,M,LCI,SOP 203
9/15/2020,1401MOU0114_DH,2014MOU0S51,2,{506B7704-B07C-4CA6-AA1A-0234A87784EC},0,VINYL TUBE,WATER COLUMN,NA,OW,M,LCI,SOP 203
9/15/2020,1401HUN0216_DH,2014HUN0S51,2,{F06C1219-41C3-41FB-A95F-F42D4B9A5B1C},0,VINYL TUBE,WATER COLUMN,NA,OW,M,LCI,SOP 203
9/16/2020,1402GUY0014_DH,2014GUY0S51,2,{D105D313-D115-4D44-BE6F-EC16FDCED32D},0,VINYL TUBE,WATER COLUMN,NA,OW,M,LCI,SOP 203
9/16/2020,1402HAW0005A_DH,2014HAW0S51,1,{E0991AB7-23AE-4141-857B-55C08B9FEF20},0,VINYL TUBE,WATER COLUMN,NA,OW,M,LCI,SOP 203
9/16/2020,1402RE10003_DH,2014RE10S51,2,{C2C5DC88-9936-4091-B660-8DEF8AEDB872},0,VINYL TUBE,WATER COLUMN,NA,OW,M,LCI,SOP 203
9/21/2020,1101MOR0101_DH,2011MOR0S51,2,{02EE2F3E-875E-4540-9F5D-BF7D4255F97F},0,VINYL TUBE,WATER COLUMN,NA,OW,M,LCI,SOP 203
9/21/2020,0903EAG0306_DH,2009EAG0S51,2,{932E3CA0-0C19-4F19-8414-860ABE81991C},0,VINYL TUBE,WATER COLUMN,NA,OW,M,LCI,SOP 203
9/21/2020,0902BAR0262_DH,2009BAR0S51,2,{8C6A3D5B-CA24-4EB4-BB38-7BDD5ACCFF16},0,VINYL TUBE,WATER COLUMN,NA,OW,M,LCI,SOP 203
9/21/2020,0903BLU0307_DH,2009BLU0S51,2,{4C47F8CC-E6D5-4025-BA40-62EAD2790D70},0,VINYL TUBE,WATER COLUMN,NA,OW,M,LCI,SOP 203
9/21/2020,0903LSI0182_DH,2009LSI0S51,2,{F54F4680-3AE3-4871-AFF2-CFFD10A6CCA5},0,VINYL TUBE,WATER COLUMN,NA,OW,M,LCI,SOP 203
9/21/2020,0903FOL0186_DH,2009FOL0S51,2,{525E43A3-8146-4C4E-AA67-9DA5E6F8ACF8},0,VINYL TUBE,WATER COLUMN,NA,OW,M,LCI,SOP 203
9/22/2020,0906RED0010_DH,2009RED0S51,2,{3459ED31-2B8F-449C-9AD6-3D9BFF5B032C},0,VINYL TUBE,WATER COLUMN,NA,OW,M,LCI,SOP 203
9/22/2020,0703ONE0026_SHACK_DH,20ONSHACKS51,1.5,{C0DB465E-0950-4EB2-90DF-2D7F6659D59B},0,NA,WATER COLUMN,NA,OW,M,LCI,SOP 203
9/22/2020,0703ONE0026_3MILE_DH,20ON3MILS51,1.5,{E816A6CD-9AA3-4E5B-9D04-71B634088A80},0,NA,WATER COLUMN,NA,OW,M,LCI,SOP 203
9/22/2020,0906MUD0003_DH,2009MUD03S51,2,{F61874D1-6D9F-487C-B2B4-0E135590CB56},0,VINYL TUBE,WATER COLUMN,NA,OW,M,LCI,SOP 203
9/22/2020,0703ONE0026_B109_DH,20ONB109S51,1.5,{CC3C6EF6-E6C9-44E0-B5F1-15293D9755F9},0,NA,WATER COLUMN,NA,OW,M,LCI,SOP 203
9/22/2020,0906MUD0005_DH,2009MUD05S51,2,{8EE952FB-D773-403C-A48C-35A180E20941},0,VINYL TUBE,WATER COLUMN,NA,OW,M,LCI,SOP 203
9/22/2020,0906HIC0004_DH,2009HIC0S51,1,{9D0B2491-F741-4EDA-BE25-AA03F57B6BBD},0,VINYL TUBE,WATER COLUMN,NA,OW,M,LCI,SOP 203
9/22/2020,0905LOW0061_DH,2009LOW0S51,1,{15F89728-8C82-41C7-8B41-373C2761A3B9},0,VINYL TUBE,WATER COLUMN,NA,OW,M,LCI,SOP 203
9/22/2020,0906MUS0008_DH,2009MUS0S51,2,{AC380BD5-B972-412C-B646-01CDDF6F7976},0,VINYL TUBE,WATER COLUMN,NA,OW,M,LCI,SOP 203
9/22/2020,1306STU0453A_DH,2013STU0S51,1,{53EEBA77-F81A-4EF5-94B1-325AB327B31C},0,NA,WATER COLUMN,NA,OW,M,LCI,SOP 203
9/23/2020,0905SYL0088_DH,2009SYL0S51,2,{B7107248-EF09-40DB-A9FD-C4E443DC07D4},0,VINYL TUBE,WATER COLUMN,NA,OW,M,LCI,SOP 203
9/23/2020,0903BLA0029A_DH,2009BLA0S51,2,{330CD8C7-0F2B-4BA5-AB7E-E6E352E9983A},0,VINYL TUBE,WATER COLUMN,NA,OW,M,LCI,SOP 203
9/23/2020,1501SWA0984_DH,2015SWA0S51,1,{DEE9CEF7-8FF4-4607-BF7F-FE0D2911C2F9},0,NA,WATER COLUMN,NA,OW,M,LCI,SOP 203
9/23/2020,1501CON0984_DH,2015CON0S51,0.3,{A937F8B7-1A76-469F-BC2A-D655B558A4CB},0,NA,WATER COLUMN,NA,OW,M,LCI,SOP 203
9/23/2020,1501DEF0977A_DH,2015DEF0S51,1,{986586E8-18FD-49B5-95D7-F4902BC628FC},0,NA,WATER COLUMN,NA,OW,M,LCI,SOP 203
9/23/2020,0903EAT0248_DH,2009EAT0S51,2,{710074E7-EE55-4635-ABA7-53BF5AFAFA4B},0,VINYL TUBE,WATER COLUMN,NA,OW,M,LCI,SOP 203
9/23/2020,0905ROC0231_DH,2009ROC0S51,2,{3CBB8B05-81FC-4C27-917F-8DE83FA5D193},0,VINYL TUBE,WATER COLUMN,NA,OW,M,LCI,SOP 203
9/28/2020,0102FAU0021A_DH,2001FAU0S51,1.5,{6EDCA4C2-2D1E-4C00-858D-1E3C4FA069B9},0,VINYL TUBE,WATER COLUMN,NA,OW,M,LCI,SOP 203
9/28/2020,0103UWB5479_DH,2001UWB5S51,1,{4C78A271-327E-4E18-A42B-F7362185A92E},0,VINYL TUBE,WATER COLUMN,NA,OW,M,LCI,SOP 203
9/29/2020,0105FRE0160_DH,2001FRE0S51,2,{6C97A75C-3F90-4E57-9DDF-8A3DD9C3B72D},0,VINYL TUBE,WATER COLUMN,NA,OW,M,LCI,SOP 203
9/29/2020,0104CLE0100_DH,2001CLE0S51,2,{377ED8E9-9832-4759-AE0D-93D6C743B5BE},0,VINYL TUBE,WATER COLUMN,NA,OW,M,LCI,SOP 203
9/29/2020,0104SUC0132_DH,2001SUC0S51,1,{25DCCB32-6B4D-4EC3-BBB1-F46CB8C9E080},0,VINYL TUBE,WATER COLUMN,NA,OW,M,LCI,SOP 203
9/30/2020,0104GRE5309_DH,2001GRE5S51,2,{CDFF9EB8-22BF-4AC7-8699-BE35578ADB79},0,VINYL TUBE,WATER COLUMN,NA,OW,M,LCI,SOP 203
9/30/2020,0102HAR5128_DH,2001HAR5S51,2,{19A2B6AD-89BD-4E89-8E96-9B782BC415D9},0,VINYL TUBE,WATER COLUMN,NA,OW,M,LCI,SOP 203
8/11/2020,0906MUD0005_DH,2009MUD05S41,2,{862BCC12-BF15-48F4-89F5-F15AD1723897},0,VINYL TUBE,WATER COLUMN,NA,OW,M,LCI,SOP 203
8/12/2020,0905SYL0088_DH,2009SYL0S41,2,{E64F51FE-3CC2-4BFD-B70D-B1752EC304C9},0,VINYL TUBE,WATER COLUMN,NA,OW,M,LCI,SOP 203
8/11/2020,0905LOW0061_DH,2009LOW0S41,1,{BD27FCFA-D424-41F3-98E6-AD2172125098},0,VINYL TUBE,WATER COLUMN,NA,OW,M,LCI,SOP 203
8/11/2020,0906RED0010_DH,2009RED0S41,2,{A53EEA96-7039-4F48-BC3E-328BD28AF1F4},0,VINYL TUBE,WATER COLUMN,NA,OW,M,LCI,SOP 203
8/10/2020,0903FOL0186_DH,2009FOL0S41,2,{7D2F1330-F208-4711-92FF-719175B10280},0,VINYL TUBE,WATER COLUMN,NA,OW,M,LCI,SOP 203
8/10/2020,0903LSI0182_DH,2009LSI0S41,2,{B6093690-6AF8-429A-A79D-EBDA7B68216D},0,VINYL TUBE,WATER COLUMN,NA,OW,M,LCI,SOP 203
7/16/2020,0905ROC0231_DH,2009ROC0S31,2,{84AF749F-4C0A-4551-A014-F5DE3DBEA7DE},0,VINYL TUBE,WATER COLUMN,NA,OW,M,LCI,SOP 203
6/24/2020,0906RED0010_DH,2009RED0S21,2,{B83305E4-519F-4D89-84EB-A92951DA0F64},0,VINYL TUBE,WATER COLUMN,NA,OW,M,LCI,SOP 203
6/24/2020,0905MOO0071_DH,2009MOO0S21,2,{4AC14B01-6FC3-46C8-A2D8-FBD279D7762E},0,VINYL TUBE,WATER COLUMN,NA,OW,M,LCI,SOP 203
5/13/2020,0402DEW5227_DH,2004DEW5S12,9,{2883BB33-190E-4822-B856-315C43CFEC73},9,VAN DORN,WATER COLUMN,NA,BS,M,LCI,SOP 203
5/19/2020,0903FOL0186_DH,2009FOL0S12,19,{5168E011-190D-4F5B-A249-B1A1A3C8D9CA},19,VAN DORN,WATER COLUMN,NA,BS,M,LCI,SOP 203
5/19/2020,0903LSI0182_DH,2009LSI0S12,30,{D410109B-6C00-4A3D-BC37-0579139C5742},30,VAN DORN,WATER COLUMN,NA,BS,M,LCI,SOP 203
5/19/2020,0903EAG0306_DH,2009EAG0S12,7.2,{8330043A-4E81-4207-9E1D-A68FD6A0EB7B},7.2,VAN DORN,WATER COLUMN,NA,BS,M,LCI,SOP 203
5/19/2020,0903BLA0029A_DH,2009BLA0S12,12.4,{4444CE9F-DA68-461A-9838-A48FDF31C4DF},12.4,VAN DORN,WATER COLUMN,NA,BS,M,LCI,SOP 203
5/19/2020,0903BLU0307_DH,2009BLU0S12,22.5,{9D19EBA9-97FB-4080-8F97-1383864E7F48},22.5,VAN DORN,WATER COLUMN,NA,BS,M,LCI,SOP 203
5/20/2020,0906MUD0003_DH,2009MUD05S12,4,{55541EEC-3A10-42E1-9FDA-C53B1AF9E626},4,VAN DORN,WATER COLUMN,NA,BS,M,LCI,SOP 203
5/20/2020,0906RED0010_DH,2009RED0S12,13,{A1F63360-D1D2-43B5-9FF0-C70F41BEA1AD},13,VAN DORN,WATER COLUMN,NA,BS,M,LCI,SOP 203
5/20/2020,0906MUD0003_DH,2009MUD03S12,7.5,{EDA05D20-B91C-4068-9895-CF89ADE53DE1},7.5,VAN DORN,WATER COLUMN,NA,BS,M,LCI,SOP 203
5/20/2020,0906MUS0008_DH,2009MUS0S12,6.2,{0B97FCC4-62E6-4719-B827-C10603756F0E},6.2,VAN DORN,WATER COLUMN,NA,BS,M,LCI,SOP 203
5/21/2020,0905ROC0231_DH,2009ROC0S12,9,{D3791DB2-D71F-4781-B163-D4019A63075A},9,VAN DORN,WATER COLUMN,NA,BS,M,LCI,SOP 203
5/21/2020,0905SYL0088_DH,2009SYL0S12,30,{97D4CC56-BA8E-4A78-8E60-31E74CEA3758},30,VAN DORN,WATER COLUMN,NA,BS,M,LCI,SOP 203
5/26/2020,1401CHE0106_DH,2014CHE0S12,4.5,{AFD0AEB5-9EDB-4393-949E-D3533A8B30DC},4.5,VAN DORN,WATER COLUMN,NA,BS,M,LCI,SOP 203
5/26/2020,1402LOU0040_DH,2014LOU0S12,4,{55F06FC5-22DB-4226-B123-072AF2D7E802},4,VAN DORN,WATER COLUMN,NA,BS,M,LCI,SOP 203
5/27/2020,1402RE10003_DH,2014RE10S12,5,{AD6E8D0D-5A21-4096-82DC-A38D0D0A3200},5,VAN DORN,WATER COLUMN,NA,BS,M,LCI,SOP 203
6/3/2020,0402DEW5227_DH,2004DEW5S22,7,{F02290D2-6B51-40BD-ADBF-2B41CB0F8538},7,VAN DORN,WATER COLUMN,NA,BS,M,LCI,SOP 203
6/9/2020,1306STU0453A_DH,2013STU0S22,24,{E30B3793-AEF5-474D-9C3F-2AB53BF874F8},24,VAN DORN,WATER COLUMN,NA,BS,M,LCI,SOP 203
6/10/2020,1501DEF0977A_DH,2015DEF0S22,6,{E192A22C-7F73-490A-A7C6-CE584BCF5BA3},6,VAN DORN,WATER COLUMN,NA,BS,M,LCI,SOP 203
6/16/2020,1402KIA0044_DH,2014KIA0S22,8.5,{8A7D0733-32EF-425A-A9EB-10BCAFDB469C},8.5,VAN DORN,WATER COLUMN,NA,BS,M,LCI,SOP 203
6/17/2020,1401CHE0106_DH,2014CHE0S22,4.5,{0146632B-AAFC-4944-AEC5-31E455030D8D},4.5,VAN DORN,WATER COLUMN,NA,BS,M,LCI,SOP 203
6/17/2020,1402LOU0040_DH,2014LOU0S22,4,{2F24E7CA-7613-40CE-8B03-DF754C0261E6},4,VAN DORN,WATER COLUMN,NA,BS,M,LCI,SOP 203
6/18/2020,1402RE10003_DH,2014RE10S22,4.5,{26B98F4D-E818-4771-B718-E380F4758C23},4.5,VAN DORN,WATER COLUMN,NA,BS,M,LCI,SOP 203
6/23/2020,1101MOR0101_DH,2011MOR0S22,12.5,{F829BF81-F817-4BCD-B358-7E280B574010},12.5,VAN DORN,WATER COLUMN,NA,BS,M,LCI,SOP 203
6/23/2020,0903FOL0186_DH,2009FOL0S22,30,{6B413B47-D79C-461C-8245-12499B278AAD},30,VAN DORN,WATER COLUMN,NA,BS,M,LCI,SOP 203
6/23/2020,0903LSI0182_DH,2009LSI0S22,32,{736E3AB3-D1B3-4C5B-BA4E-801FFFA137BF},32,VAN DORN,WATER COLUMN,NA,BS,M,LCI,SOP 203
6/24/2020,0906MUD0003_DH,2009MUD03S22,6,{709D8DB4-88B2-471E-9037-EB788979F578},6,VAN DORN,WATER COLUMN,NA,BS,M,LCI,SOP 203
6/24/2020,0906MUD0005_DH,2009MUD05S22,3,{A9D3894C-A04C-4567-A0C8-44B50639342F},3,VAN DORN,WATER COLUMN,NA,BS,M,LCI,SOP 203
6/25/2020,0703ONE0026_SHACK_DH,20ONSHACKS22,9.5,{403C2B27-971F-4F07-BAE9-96A4D1AE0DBB},9.5,VAN DORN,WATER COLUMN,NA,BS,M,LCI,SOP 203
6/25/2020,0703ONE0026_B109_DH,20ONB109S22,10.5,{EC6952C5-E11B-4A84-938D-EC10E0A75972},10.5,VAN DORN,WATER COLUMN,NA,BS,M,LCI,SOP 203
6/25/2020,0905ROC0231_DH,2009ROC0S22,8.5,{C2A5494A-7472-4AA0-9344-F2BF6513009A},8.5,VAN DORN,WATER COLUMN,NA,BS,M,LCI,SOP 203
6/25/2020,0905SYL0088_DH,2009SYL0S22,30,{A67CAD56-9A18-4564-9196-2C8BCC574938},30,VAN DORN,WATER COLUMN,NA,BS,M,LCI,SOP 203
6/30/2020,1306STU0453A_DH,2013STU0S22,17.3,{1E57AEBB-16D9-44E1-86C9-0B427CD05CE8},17.3,VAN DORN,WATER COLUMN,NA,BS,M,LCI,SOP 203
7/1/2020,1104GRE0127_DH,2011GRE0S32,16.4,{67E033B9-9AC4-447D-8420-2B21475D97B5},16.4,VAN DORN,WATER COLUMN,NA,BS,M,LCI,SOP 203
7/1/2020,0903BLU0307_DH,2009BLU0S22,18,{5FC5E200-B9D4-486E-9C4C-EB01F796112A},18,VAN DORN,WATER COLUMN,NA,BS,M,LCI,SOP 203
7/1/2020,0903EAG0306_DH,2009EAG0S22,6.5,{603F8730-FEAF-4A68-8FBB-8CF2F4B6C229},6.5,VAN DORN,WATER COLUMN,NA,BS,M,LCI,SOP 203
7/2/2020,0903EAT0248_DH,2009EAT0S22,11.6,{AE1A339E-DC1A-4B09-9894-80665DD833B5},11.6,VAN DORN,WATER COLUMN,NA,BS,M,LCI,SOP 203
7/2/2020,0906MUS0008_DH,2009MUS0S22,5.9,{F075CD6F-96E7-4D55-8F5A-C43CDB8DC119},5.9,VAN DORN,WATER COLUMN,NA,BS,M,LCI,SOP 203
7/2/2020,0903BLA0029A_DH,2009BLA0S22,13.6,{0492F693-CFC7-4F0B-87EF-0F79F6F044CB},13.6,VAN DORN,WATER COLUMN,NA,BS,M,LCI,SOP 203
7/7/2020,1402KIA0044_DH,2014KIA0S32,8,{0D0305E2-C794-4717-B364-4D0CAF2F8BF9},8,VAN DORN,WATER COLUMN,NA,BS,M,LCI,SOP 203
7/7/2020,1306STU0453A_DH,2013STU0S32,20,{A7EAE22A-EE67-49B8-8245-0E0BA5B51F55},20,VAN DORN,WATER COLUMN,NA,BS,M,LCI,SOP 203
7/7/2020,1203MET0821_DH,2012MET0S32,6,{527CCE31-3E6D-4BAC-8D6C-4251933C5A86},6,VAN DORN,WATER COLUMN,NA,BS,M,LCI,SOP 203
7/8/2020,1402LOU0040_DH,2014LOU0S32,4,{03875CCF-8772-4CCB-8DBF-982836F5D8EF},4,VAN DORN,WATER COLUMN,NA,BS,M,LCI,SOP 203
7/8/2020,1401CHE0106_DH,2014CHE0S32,4.5,{9E7AA5EA-C01F-4B84-9BB5-A2F193CE7519},4.5,VAN DORN,WATER COLUMN,NA,BS,M,LCI,SOP 203
7/8/2020,0801KAY0984A_DH,2008KAY0S32,4,{DD1777B4-71C4-40C3-97A4-70DDBF3B83DA},4,VAN DORN,WATER COLUMN,NA,BS,M,LCI,SOP 203
7/8/2020,1501DEF0977A_DH,2015DEF0S32,5,{D8C29ADA-45A7-44F4-8EB4-E7F54AC491BD},5,VAN DORN,WATER COLUMN,NA,BS,M,LCI,SOP 203
7/9/2020,1402RE10003_DH,2014RE10S32,4,{EB8999D0-D736-4AE3-8A5C-4E615DF09A7E},4,VAN DORN,WATER COLUMN,NA,BS,M,LCI,SOP 203
7/9/2020,1104FOU0325_DH,2011FOU0S32,11,{85C4F160-2186-4C8F-A03E-58A63FB33E33},11,VAN DORN,WATER COLUMN,NA,BS,M,LCI,SOP 203
7/9/2020,1104ALG0276A_DH,2011ALG0S32,4,{CBBC422F-B8A7-4BFD-823F-9B5980040CF3},4,VAN DORN,WATER COLUMN,NA,BS,M,LCI,SOP 203
7/14/2020,0903LSI0182_DH,2009LSI0S32,30,{41580894-704C-497C-B7AF-19609C337402},30,VAN DORN,WATER COLUMN,NA,BS,M,LCI,SOP 203
7/14/2020,1101MOR0101_DH,2011MOR0S32,13.5,{1B60CFDE-75DF-4474-BE00-3FCD98120F15},13.5,VAN DORN,WATER COLUMN,NA,BS,M,LCI,SOP 203
7/14/2020,0903BLU0307_DH,2009BLU0S32,24.5,{44ABD2CF-2608-46D4-AE20-63D1BDAD1568},24.5,VAN DORN,WATER COLUMN,NA,BS,M,LCI,SOP 203
7/14/2020,0903FOL0186_DH,2009FOL0S32,30,{9CC1C743-0561-48FA-96C4-B820EC5B31A9},30,VAN DORN,WATER COLUMN,NA,BS,M,LCI,SOP 203
7/14/2020,0903EAG0306_DH,2009EAG0S32,6.5,{23B9A450-74FA-40E1-AE62-4FE3573A48EE},6.5,VAN DORN,WATER COLUMN,NA,BS,M,LCI,SOP 203
7/15/2020,0906MUD0005_DH,2009MUD05S32,5,{95773DCB-0C34-4B78-9015-306F6E3EC599},5,VAN DORN,WATER COLUMN,NA,BS,M,LCI,SOP 203
7/15/2020,0906RED0010_DH,2009RED0S32,13,{42163ECA-5009-4AD2-8BD5-09BF2B7E5557},13,VAN DORN,WATER COLUMN,NA,BS,M,LCI,SOP 203
7/15/2020,0905MOO0071_DH,2009MOO0S32,4.5,{4E72AF0D-3564-4A9F-8150-6139F96D422F},4.5,VAN DORN,WATER COLUMN,NA,BS,M,LCI,SOP 203
7/15/2020,0906MUD0003_DH,2009MUD03S32,5.5,{309709A0-DB86-44E0-96E4-5D430A50D920},5.5,VAN DORN,WATER COLUMN,NA,BS,M,LCI,SOP 203
7/15/2020,0906MUS0008_DH,2009MUS0S32,6.5,{B813C823-FDB0-423B-AE30-FE92143C4760},6.5,VAN DORN,WATER COLUMN,NA,BS,M,LCI,SOP 203
7/16/2020,0905SYL0088_DH,2009SYL0S32,30,{B5C0A5EE-7818-4E85-AB6D-C7FC41ACD813},30,VAN DORN,WATER COLUMN,NA,BS,M,LCI,SOP 203
7/16/2020,0903BLA0029A_DH,2009BLA0S32,12.5,{3E32A47C-0E9B-413C-AFDB-C61A8BF9CCFB},12.5,VAN DORN,WATER COLUMN,NA,BS,M,LCI,SOP 203
7/16/2020,0903EAT0248_DH,2009EAT0S32,11,{BEF7286E-3CFE-4F5A-8527-2E6937466EDE},11,VAN DORN,WATER COLUMN,NA,BS,M,LCI,SOP 203
7/21/2020,0602LUD0099_DH,2006LUD0S32,6.6,{100DEA3D-0059-4235-A729-9ED1556701C3},6.6,VAN DORN,WATER COLUMN,NA,BS,M,LCI,SOP 203
7/22/2020,0603CAY0008_DH,2006CAY0S32,6.5,{7437D398-9B72-43FF-A475-FBBFB230D7C4},6.5,VAN DORN,WATER COLUMN,NA,BS,M,LCI,SOP 203
7/22/2020,0603SPE0013_DH,2006SPE0S32,10.5,{F326357F-F474-4952-ADC5-0FF8C1613FBF},10.5,VAN DORN,WATER COLUMN,NA,BS,M,LCI,SOP 203
7/27/2020,1202COB0583_DH,2012COB0S32,4.5,{587A83CD-C9C8-4E43-862B-EB620DE1D0DE},4.5,VAN DORN,WATER COLUMN,NA,BS,M,LCI,SOP 203
7/27/2020,0703ROM5276_DH,2012ROM5S32,17,{C469050C-579C-4C2D-BDE6-4FE9C405FB92},17,VAN DORN,WATER COLUMN,NA,BS,M,LCI,SOP 203
7/28/2020,1201ECA0703A_DH,2012ECA0S32,6,{EDB429F6-34CD-4ABC-B451-20DDC4614635},6,VAN DORN,WATER COLUMN,NA,BS,M,LCI,SOP 203
7/28/2020,1203GLA0859_DH,2012GLA0S32,6.5,{0252C169-9B24-4211-A7DD-2A176C7251D9},6.5,VAN DORN,WATER COLUMN,NA,BS,M,LCI,SOP 203
7/29/2020,0703ONE0026_B109_DH,20ONB109S32,10,{E47890E4-6561-43D9-ACBB-FB6063E37BBC},10,VAN DORN,WATER COLUMN,NA,BS,M,LCI,SOP 203
7/29/2020,0703ONE0026_SHACK_DH,20ONSHACKS32,9.8,{DBD62748-059B-47FB-A99D-5D47F24ACB0E},9.8,VAN DORN,WATER COLUMN,NA,BS,M,LCI,SOP 203
8/3/2020,1310BLA0N80B_DH,2013BLA0S42,6.5,{0FD13020-D5EB-4142-9B29-1A206EC56A20},6.5,VAN DORN,WATER COLUMN,NA,BS,M,LCI,SOP 203
8/3/2020,1305SIL0378_DH,2013SIL0S42,6.5,{5729B4AA-FFC9-4583-8035-2ABBF351BE0A},6.5,VAN DORN,WATER COLUMN,NA,BS,M,LCI,SOP 203
8/10/2020,1101MOR0101_DH,2011MOR0S42,13,{B5725F0B-0AA3-4307-A29A-AD47129B102B},13,VAN DORN,WATER COLUMN,NA,BS,M,LCI,SOP 203
8/10/2020,0903EAG0306_DH,2009EAG0S42,5,{ED94C4B2-7CFD-4BCE-85F2-FB0DB1D7932A},5,VAN DORN,WATER COLUMN,NA,BS,M,LCI,SOP 203
8/10/2020,0903BLU0307_DH,2009BLU0S42,23,{FE0BE1FD-D113-4707-B35C-D05FAFA40EF5},23,VAN DORN,WATER COLUMN,NA,BS,M,LCI,SOP 203
8/11/2020,0906MUD0003_DH,2009MUD03S42,7.5,{99353ED2-1A59-46DE-A208-043CD9478168},7.5,VAN DORN,WATER COLUMN,NA,BS,M,LCI,SOP 203
8/11/2020,1201SPE0760_DH,2012SPE0S42,11.5,{984AEA69-596A-4F1D-B325-B21BF593F855},11.5,VAN DORN,WATER COLUMN,NA,BS,M,LCI,SOP 203
8/18/2020,0303LOR0052_DH,2003LOR0S42,3.9,{4E0EC08D-CE35-4C45-9730-645F5AE4975D},3.9,VAN DORN,WATER COLUMN,NA,BS,M,LCI,SOP 203
8/18/2020,0301WAT0166_DH,2003WAT0S42,16,{FD175A80-EA3F-4B25-9FD1-5F0D3CBA57C0},16,VAN DORN,WATER COLUMN,NA,BS,M,LCI,SOP 203
8/18/2020,0303STM0042_DH,2003STM0S42,3.7,{93183BD7-F800-4235-9B6E-261E2EAEB937},3.7,VAN DORN,WATER COLUMN,NA,BS,M,LCI,SOP 203
8/18/2020,0303COA0048_DH,2003COA0S42,5.1,{9B181479-FE11-4EAC-8D73-297F0188EBC2},5.1,VAN DORN,WATER COLUMN,NA,BS,M,LCI,SOP 203
8/18/2020,0703ONE0026_SHACK_DH,20ONSHACKS42,9.5,{7FAF42F6-E1E5-4147-ACDB-E0CE4267F84B},9.5,VAN DORN,WATER COLUMN,NA,BS,M,LCI,SOP 203
8/18/2020,0703ONE0026_B109_DH,20ONB109S42,9.5,{33DC5397-504C-40CB-A098-7A722B271C35},9.5,VAN DORN,WATER COLUMN,NA,BS,M,LCI,SOP 203
8/19/2020,0302DEE0142_DH,2003DEE0S42,7.5,{4D6A3500-3655-4380-A6EC-58F80FFC725E},7.5,VAN DORN,WATER COLUMN,NA,BS,M,LCI,SOP 203
8/24/2020,1501MOM1010_DH,2015MOM1S42,7.3,{DC6377AC-3571-4927-BE5C-A8ECC1EBCA90},7.3,VAN DORN,WATER COLUMN,NA,BS,M,LCI,SOP 203
8/24/2020,1301MEL0331_DH,2013MEL0S42,7.2,{4CA48A70-E824-4BE4-B605-F4AFC30E24EC},7.2,VAN DORN,WATER COLUMN,NA,BS,M,LCI,SOP 203
8/24/2020,1402LOU0040_DH,2014LOU0S42,3.7,{135E7FD1-24E0-44E4-B011-CD93D4DED8D0},3.7,VAN DORN,WATER COLUMN,NA,BS,M,LCI,SOP 203
8/25/2020,1301WIC0183A_DH,2013WIC0S42,4,{23D7E68A-B803-4C34-8764-6A2976A1314A},4,VAN DORN,WATER COLUMN,NA,BS,M,LCI,SOP 203
8/25/2020,1401HUN0216_DH,2014HUN0S42,12,{8D4C9596-F7B6-43F8-8740-4BDE01C89161},12,VAN DORN,WATER COLUMN,NA,BS,M,LCI,SOP 203
8/25/2020,1401CHE0106_DH,2014CHE0S42,4.2,{BAC2D82F-60EB-45F8-8D3D-F4821929A771},4.2,VAN DORN,WATER COLUMN,NA,BS,M,LCI,SOP 203
8/25/2020,1401SUP0104_DH,2014SUP0S42,5.1,{A7BCE59B-6D78-43D6-A31A-732460B1F747},5.1,VAN DORN,WATER COLUMN,NA,BS,M,LCI,SOP 203
8/26/2020,1203HIN0799_DH,2012HIN0S42,12,{D03852BF-5E74-4973-97C4-C9AD6DD8139B},12,VAN DORN,WATER COLUMN,NA,BS,M,LCI,SOP 203
8/26/2020,1203HIN0799_DH,2012HIN0S42,12,{D03852BF-5E74-4973-97C4-C9AD6DD8139B},12,VAN DORN,WATER COLUMN,NA,BS,M,LCI,SOP 203
8/26/2020,1311WAT0270_DH,2013WAT0S42,7,{A1C959B4-D13E-4228-A332-1041EEE3EEB1},7,VAN DORN,WATER COLUMN,NA,BS,M,LCI,SOP 203
8/26/2020,1402RE10003_DH,2014RE10S42,3.8,{DEF32EAA-1723-48EA-BC4B-4E6712580F61},3.8,VAN DORN,WATER COLUMN,NA,BS,M,LCI,SOP 203
8/31/2020,1104GRE0127_DH,2011GRE0S42,10.5,{B5915B96-322D-4D4D-B000-68DC9E062D89},10.5,VAN DORN,WATER COLUMN,NA,BS,M,LCI,SOP 203
8/31/2020,1104BRA0347_DH,2011BRA0S42,17.5,{5B93F53F-0BB8-428D-B78E-482AF96099DC},17.5,VAN DORN,WATER COLUMN,NA,BS,M,LCI,SOP 203
8/31/2020,0905CRY0289_DH,2009CRY0S42,6,{BB804CBD-EE8A-43C7-8B8C-7CEFC11D1751},6,VAN DORN,WATER COLUMN,NA,BS,M,LCI,SOP 203
9/1/2020,0903BRI0178_DH,2009BRI0S42,4.9,{F09B1BB6-6177-48A8-9716-C20AA20D9732},4.9,VAN DORN,WATER COLUMN,NA,BS,M,LCI,SOP 203
9/1/2020,0903SOU0017A_DH,2009SOU0S42,7,{01EB8D37-F189-465B-9B5B-AE8BF8C6E6D2},7,VAN DORN,WATER COLUMN,NA,BS,M,LCI,SOP 203
9/1/2020,1104HAR0680_DH,2011HAR0S42,9,{0CA5FC99-8144-4089-8AA4-B2AA9A72E5BC},9,VAN DORN,WATER COLUMN,NA,BS,M,LCI,SOP 203
9/1/2020,1306STU0453A_DH,2013STU0S42,19,{C132EC65-4398-461A-A68E-2F02C5FE733D},19,VAN DORN,WATER COLUMN,NA,BS,M,LCI,SOP 203
9/2/2020,1004FER0222_DH,2010FER0S42,5,{01497D08-74BF-43FE-AEF1-34B13101998B},5,VAN DORN,WATER COLUMN,NA,BS,M,LCI,SOP 203
9/2/2020,1501DEF0977A_DH,2015DEF0S42,5,{9F5DBED5-F9F6-4521-973A-5A67FBD4CC7D},5,VAN DORN,WATER COLUMN,NA,BS,M,LCI,SOP 203
9/2/2020,1005SUN0440_DH,2010SUN0S42,6.5,{711E62F6-2D58-4D33-8552-8EF4516A8178},6.5,VAN DORN,WATER COLUMN,NA,BS,M,LCI,SOP 203
9/8/2020,1005BUT5350_DH,2010BUT5S42,8.5,{AEFAF94D-5A03-465B-A814-257240BDDEC9},8.5,VAN DORN,WATER COLUMN,NA,BS,M,LCI,SOP 203
9/15/2020,1401SUP0104_DH,2014SUP0S52,5.1,{A5597740-4FA2-4396-890B-870C88F8DCD7},5.1,VAN DORN,WATER COLUMN,NA,BS,M,LCI,SOP 203
9/15/2020,1401HUN0216_DH,2014HUN0S52,11.5,{F06C1219-41C3-41FB-A95F-F42D4B9A5B1C},11.5,VAN DORN,WATER COLUMN,NA,BS,M,LCI,SOP 203
9/16/2020,1402RE10003_DH,2014RE10S52,4,{C2C5DC88-9936-4091-B660-8DEF8AEDB872},4,VAN DORN,WATER COLUMN,NA,BS,M,LCI,SOP 203
9/21/2020,1101MOR0101_DH,2011MOR0S52,13,{02EE2F3E-875E-4540-9F5D-BF7D4255F97F},13,VAN DORN,WATER COLUMN,NA,BS,M,LCI,SOP 203
9/21/2020,0903EAG0306_DH,2009EAG0S52,7.5,{932E3CA0-0C19-4F19-8414-860ABE81991C},7.5,VAN DORN,WATER COLUMN,NA,BS,M,LCI,SOP 203
9/21/2020,0903BLU0307_DH,2009BLU0S52,19,{4C47F8CC-E6D5-4025-BA40-62EAD2790D70},19,VAN DORN,WATER COLUMN,NA,BS,M,LCI,SOP 203
9/21/2020,0903LSI0182_DH,2009LSI0S52,30,{F54F4680-3AE3-4871-AFF2-CFFD10A6CCA5},30,VAN DORN,WATER COLUMN,NA,BS,M,LCI,SOP 203
9/21/2020,0903FOL0186_DH,2009FOL0S52,30,{525E43A3-8146-4C4E-AA67-9DA5E6F8ACF8},30,VAN DORN,WATER COLUMN,NA,BS,M,LCI,SOP 203
9/22/2020,0906RED0010_DH,2009RED0S52,12,{3459ED31-2B8F-449C-9AD6-3D9BFF5B032C},12,VAN DORN,WATER COLUMN,NA,BS,M,LCI,SOP 203
9/22/2020,0703ONE0026_SHACK_DH,20ONSHACKS52,9,{C0DB465E-0950-4EB2-90DF-2D7F6659D59B},9,VAN DORN,WATER COLUMN,NA,BS,M,LCI,SOP 203
9/22/2020,0906MUD0003_DH,2009MUD03S52,6.5,{F61874D1-6D9F-487C-B2B4-0E135590CB56},6.5,VAN DORN,WATER COLUMN,NA,BS,M,LCI,SOP 203
9/22/2020,0703ONE0026_B109_DH,20ONB109S52,10.5,{CC3C6EF6-E6C9-44E0-B5F1-15293D9755F9},10.5,VAN DORN,WATER COLUMN,NA,BS,M,LCI,SOP 203
9/22/2020,0906MUD0005_DH,2009MUD05S52,4,{8EE952FB-D773-403C-A48C-35A180E20941},4,VAN DORN,WATER COLUMN,NA,BS,M,LCI,SOP 203
9/22/2020,0906MUS0008_DH,2009MUS0S52,6,{AC380BD5-B972-412C-B646-01CDDF6F7976},6,VAN DORN,WATER COLUMN,NA,BS,M,LCI,SOP 203
9/22/2020,1306STU0453A_DH,2013STU0S52,16,{53EEBA77-F81A-4EF5-94B1-325AB327B31C},16,VAN DORN,WATER COLUMN,NA,BS,M,LCI,SOP 203
9/23/2020,0905SYL0088_DH,2009SYL0S52,30,{B7107248-EF09-40DB-A9FD-C4E443DC07D4},30,VAN DORN,WATER COLUMN,NA,BS,M,LCI,SOP 203
9/23/2020,0903BLA0029A_DH,2009BLA0S52,13.8,{330CD8C7-0F2B-4BA5-AB7E-E6E352E9983A},13.8,VAN DORN,WATER COLUMN,NA,BS,M,LCI,SOP 203
9/23/2020,1501DEF0977A_DH,2015DEF0S52,5,{986586E8-18FD-49B5-95D7-F4902BC628FC},5,VAN DORN,WATER COLUMN,NA,BS,M,LCI,SOP 203
9/23/2020,0903EAT0248_DH,2009EAT0S52,13.5,{710074E7-EE55-4635-ABA7-53BF5AFAFA4B},13.5,VAN DORN,WATER COLUMN,NA,BS,M,LCI,SOP 203
9/23/2020,0905ROC0231_DH,2009ROC0S52,8.5,{3CBB8B05-81FC-4C27-917F-8DE83FA5D193},8.5,VAN DORN,WATER COLUMN,NA,BS,M,LCI,SOP 203
9/29/2020,0105FRE0160_DH,2001FRE0S52,12.5,{6C97A75C-3F90-4E57-9DDF-8A3DD9C3B72D},12.5,VAN DORN,WATER COLUMN,NA,BS,M,LCI,SOP 203
9/29/2020,0104CLE0100_DH,2001CLE0S52,9,{377ED8E9-9832-4759-AE0D-93D6C743B5BE},9,VAN DORN,WATER COLUMN,NA,BS,M,LCI,SOP 203
9/30/2020,0104GRE5309_DH,2001GRE5S52,6,{CDFF9EB8-22BF-4AC7-8699-BE35578ADB79},6,VAN DORN,WATER COLUMN,NA,BS,M,LCI,SOP 203
8/11/2020,0906MUD0005_DH,2009MUD05S42,4,{862BCC12-BF15-48F4-89F5-F15AD1723897},4,VAN DORN,WATER COLUMN,NA,BS,M,LCI,SOP 203
8/12/2020,0905SYL0088_DH,2009SYL0S42,32,{E64F51FE-3CC2-4BFD-B70D-B1752EC304C9},32,VAN DORN,WATER COLUMN,NA,BS,M,LCI,SOP 203
8/11/2020,0906RED0010_DH,2009RED0S42,9,{A53EEA96-7039-4F48-BC3E-328BD28AF1F4},9,VAN DORN,WATER COLUMN,NA,BS,M,LCI,SOP 203
8/10/2020,0903FOL0186_DH,2009FOL0S42,27,{7D2F1330-F208-4711-92FF-719175B10280},27,VAN DORN,WATER COLUMN,NA,BS,M,LCI,SOP 203
8/10/2020,0903LSI0182_DH,2009LSI0S42,33,{B6093690-6AF8-429A-A79D-EBDA7B68216D},33,VAN DORN,WATER COLUMN,NA,BS,M,LCI,SOP 203
7/16/2020,0905ROC0231_DH,2009ROC0S32,9,{84AF749F-4C0A-4551-A014-F5DE3DBEA7DE},9,VAN DORN,WATER COLUMN,NA,BS,M,LCI,SOP 203
6/24/2020,0906RED0010_DH,2009RED0S22,13,{B83305E4-519F-4D89-84EB-A92951DA0F64},13,VAN DORN,WATER COLUMN,NA,BS,M,LCI,SOP 203
6/24/2020,0905MOO0071_DH,2009MOO0S22,4.5,{4AC14B01-6FC3-46C8-A2D8-FBD279D7762E},4.5,VAN DORN,WATER COLUMN,NA,BS,M,LCI,SOP 203
