SITE_ID,PANEL,LAT_DD_N83,LON_DD_N83,GNIS_Name,TARGET_STATUS,EVAL_STATUS,EVAL_Reduced,COMMENTS,AG_ECO3,AG_ECO3_NM,AG_ECO9,AG_ECO9_NM,AREA_CAT6,AREA_HA,BORD_LAKE,CH0712_CAT,CH0712_USE,CH0712_WGT,CHNG_SF,CNTYNAME,COMID,COMID2007,COMIDs2007,DESIGN_YR,ELEVATION,EPA_REG,FEOW_ID,FRAME17_ID,FS_EW,GNIS_ID,GNIS_NAME,HUC2,HUC2_REG,HUC8,HUC8_NM,MAJ_BAS_NM,MAJ_BASIN,MISS_BASIN,NA_L1CODE,NA_L1NAME,NA_L2CODE,NA_L2NAME,NARS_NAME,NES_LAKE,NESLAKE_ID,NESSTORET,NLA_PANEL,NLA07_EVAL,NLA07_ID,NLA07_MDC,NLA07_PNL,NLA07_RVT2,NLA07_SF,NLA07_STRA,NLA07_TNT,NLA07_WGTD,NLA12_EVAL,NLA12_ID,NLA12_MDC,NLA12_PNL,NLA12_RVT2,NLA12_SF,NLA12_STRA,NLA12_TNT,NLA12_WGTD,NLA17_MDC,NLA17_PNL,NLA17_RVT2,NLA17_SF,NLA17_STRA,NLA17_WGTD,NOTES,OWN_TYPE,OWNSHP,PERIM_KM,REACHCODE,SF_ST_ID,SITETYPE,SOURCE,STATE,STATE_NLA,STATE_PCT,STATECTY,URBAN,US_L3CODE,US_L3NAME,US_L4CODE,US_L4NAME,WGT12_ALL,WGT12_CAT,X_ALBERS,Y_ALBERS,geometry,WGT_TP_EXT,WGT_SP_CORE,WGT_CAT,WGT_TP_CORE,CHLOROPHYLL A,EPA_Chla,EPA_Chla_Trophic,GRAN ACID NEUTRALIZING CAPACITY,EPA_ANC,TN_UG/L,EPA_TN,PHOSPHORUS ug/L,EPA_TP,LDI,DO
NLA17_NH-10001,NLA17_07RVT2,43.83668383,-71.09323178,Upper Danforth Pond,Target,TargetSampleable,TargetSampleable,,EHIGH,Eastern Highlands,NAP,Northern Appalachians,"(10,20]",12.01846407,No,NLA07_RVT12,Include,187.0910369,,CARROLL,9315177,9315177,9315177,2012,124.81,Region_1,118,,,,,1,,1060002,,,1,No,5,,5.3,,Middle Danforth,,,,NLA07_TS2RVT,,NLA06608-0726,,,,,,,,Target_Sampled,NLA12_NH-101,REF07,NLA07RVT2,,,NH_NLA07RVT,Target,2,Equal,NLA17_07RVT2,,,NH,187.0910369,,Non Federal,Non-Federal,1.615126434,1.06E+12,,PROB,,NH,NH,100,33003,Non-Urban,58,,58r,,187.0910369,NH_>4,1972445.615,969281.9255,,23.09090909,23.09090909,"(10,20]",25.66666667,8.54,Poor,Eutrophic,10.7,Fair,305,Good,15.3,Good,Good,Good
NLA17_NH-10002,NLA17_07RVT,44.84033593,-71.13438995,Little Greenough Pond,Target,TargetSampleable,TargetSampleable,,EHIGH,Eastern Highlands,NAP,Northern Appalachians,"(10,20]",13.10744099,No,NLA07_RVT12,Include,187.0910369,,COOS,19334091,19334091,19334091,2012,444.3,Region_1,118,,,868060,Little Greenough Pond,1,,1040001,,,1,No,5,,5.3,,Little Greenough Pond,,,,NLA07_TS2,,NLA06608-0358,,,,,,,,Target_Sampled,NLA12_NH-102,REF07,NLA07RVT,,,NH_NLA07RVT,Target,2,Equal,NLA17_07RVT,,,NH,324.0866595,,Non Federal,Non-Federal,1.502314021,1.04E+12,,PROB,,NH,NH,100,33007,Non-Urban,58,,58m,,187.0910369,NH_>4,1940329.031,1076467.551,,23.09090909,23.09090909,"(10,20]",25.66666667,4.74,Fair,Mesotrophic,5.1,Fair,355,Good,12.1,Good,Good,Good
NLA17_NH-10003,NLA17_07RVT,43.53695021,-71.5109902,Lake Winnisquam,Target,TargetSampleable,TargetSampleable,,EHIGH,Eastern Highlands,NAP,Northern Appalachians,>50,1669.501872,No,NLA07_RVT12,Include,62.80328308,,BELKNAP,166181880,9328108,9328108,2012,146.79,Region_1,118,,,870299,Swamp Pond,1,,1070002,,,1,No,5,,5.3,,Winnisquam Lake,,,,NLA07_TS2,,NLA06608-0930,,,,,,,,Target_Sampled,NLA12_NH-103,NonREF07,NLA07RVT,,,NH_NLA07RVT,Target,2.5,Equal,NLA17_07RVT,,,NH,108.7903865,,Non Federal,Non-Federal,43.11862338,1.07E+12,,PROB,,NH,NH,100,33001,Urban,58,,58r,,62.80328308,NH_>4,1948627.331,928341.7515,,11.8125,11.8125,>50,11.78571429,1.94,Good,Oligotrophic,9.5,Fair,150,Good,6,Good,Fair,Good
NLA17_NH-10004,NLA17_07RVT,42.7329984,-72.10333954,Sip Pond,Target,TargetSampleable,TargetSampleable,,EHIGH,Eastern Highlands,NAP,Northern Appalachians,>50,53.36929127,No,NLA07_RVT12,Include,57.03582643,,CHESHIRE,9342959,9342959,9342959,2012,270.74,Region_1,118,,,869936,Sip Pond,1,,1080202,,,1,No,5,,5.3,,Sip Pond,,,,NLA07_TS2,,NLA06608-0162,,,,,,,,Target_Sampled,NLA12_NH-105,NonREF07,NLA07RVT,,,NH_NLA07RVT,Target,2.5,Equal,NLA17_07RVT,,,NH,98.79976491,,Non Federal,Non-Federal,3.016796043,1.08E+12,,PROB,,NH,NH,100,33005,Urban,58,,58g,,57.03582643,NH_>4,1924844.636,829373.274,,11.8125,11.8125,>50,11.78571429,16.69,Poor,Eutrophic,3.5,Fair,1005,Poor,33.9,Poor,Fair,Good
NLA17_NH-10005,NLA17_12RVT2,42.94554682,-71.23683903,,Target,AccessDenied,AccessDenied,,EHIGH,Eastern Highlands,NAP,Northern Appalachians,"(4,10]",4.074796615,No,NLA12_BASE,Include,89.38304634,,ROCKINGHAM,5849674,5849674,5849674,2012,92.72,Region_1,118,,,,,1,,1060003,,,1,No,8,,8.1,,Deep Hole Pond,,,,NLA12_TS,,,,,,,,,,Target_Sampled,NLA12_NH-107,"(4,10]",NLA12NAT,,,NH_NLA12NEW,Target,43.3,Equal,NLA17_12RVT2,,,NH,536.298278,,Non Federal,Non-Federal,1.385344576,1.06E+12,,PROB,,NH,NH,100,33015,Urban,59,,59h,,89.38304634,NH_>4,1986963.109,870182.9301,,30.72222222,0,"(4,10]",0,,,,,,,,,,,
NLA17_NH-10006,NLA17_17,43.96937049,-71.13569463,Pequawket Pond,Target,TargetSampleable,TargetSampleable,,EHIGH,Eastern Highlands,NAP,Northern Appalachians,"(20,50]",47.5243835,No,,,,Include17_Include12_Include07,,9315085,9315085,9315085,2017,139,Region_1,,4430,East,872484,Pequawket Pond,1,New England,1060002,Saco,New England Region,1,No,5,NORTHERN FORESTS,5.3,ATLANTIC HIGHLANDS,Pequawket Pond,NA,NA,NA,NLA17_17,,NA,"NAP_NH_(20,50]",,,Included,NLALake,,,,,"(20,50]",,,Included,NH_NLA12NEW,,,"(20,50]",NLA17_17,,Include2017_Include2017NH,NH,167,NA,,Non-Federal,9.118677132,1.06E+12,NHLAK600020303-07-01,PROB,NLA2012Frame and NH High Res Lake Frame,NH,,100,33003,Non-Urban,58,Northeastern Highlands,58r,Sebago-Ossipee Hills and Plains,,,1965331.913,982697.1693,,14.58333333,14.58333333,"(20,50]",16,1.62,Good,Oligotrophic,14.2,Fair,275,Good,7.1,Good,Fair,Good
NLA17_NH-10007,NLA17_17,43.23972351,-71.76053225,NA,NonTarget,Nontarget-NoRecAquatUse,Nontarget,,EHIGH,Eastern Highlands,NAP,Northern Appalachians,"(1,4]",1.273432876,No,,,,Include17_Exclude12_Exclude07,,135998408,0,NA,2017,139,Region_1,,405065,East,,NA,1,New England,1070003,Contoocook,New England Region,1,No,8,EASTERN TEMPERATE FORESTS,8.1,MIXED WOOD PLAINS,NA,NA,NA,NA,NLA17_17,,NA,NA,,,NotPresent,NA,,,,NA,NA,,,NotPresent,NA,,,"(1,4]",NLA17_17,,Include2017_Exclude2017NH,NH,809,NA,,Private Landowner,0.687518,1.07E+12,NA,PROB,NHD High Res Lake Snapshot Only,NH,,100,33013,Non-Urban,59,Northeastern Coastal Zone,59h,Gulf of Maine Coastal Plain,,,1937577.823,891141.538,,75.72727273,0,"(1,4]",0,,,,,,,,,,,
NLA17_NH-10008,NLA17_17,42.837828,-72.52463549,,Target,Inaccessible-Barrier/Safety,Inaccessible,Only potential road access would be through the large wetland to the west of the pond making it impossible to get crews and equipment to the pond,EHIGH,Eastern Highlands,NAP,Northern Appalachians,"(4,10]",6.110643193,No,,,,Include17_Include12_Include07,,9331792,9331792,9331792,2017,116,Region_1,,7672,East,NA,,1,New England,1080107,West,New England Region,1,No,8,EASTERN TEMPERATE FORESTS,8.1,MIXED WOOD PLAINS,,NA,NA,NA,NLA17_17,,NA,"(4,10]",,,Included,NLALake,,,,,"(4,10]",,,Included,NH_NLA12NEW,,,"(4,10]",NLA17_17,,Include2017_Exclude2017NH,NH,536,NA,,Non-Federal,1.195851408,1.08E+12,NA,PROB,NLA2012Frame Only,NH,,100,33005,Urban,59,Northeastern Coastal Zone,59a,Connecticut Valley,,,1888744.887,832272.5854,,30.72222222,0,"(4,10]",0,,,,,,,,,,,
NLA17_NH-10009,NLA17_17,42.92075373,-70.8951083,NA,Target,AccessDenied,AccessDenied,,EHIGH,Eastern Highlands,NAP,Northern Appalachians,"(1,4]",1.724305178,No,,,,Include17_Exclude12_Exclude07,,141035017,0,NA,2017,13,Region_1,,387340,East,,NA,1,New England,1060003,Piscataqua-Salmon Falls,New England Region,1,No,8,EASTERN TEMPERATE FORESTS,8.1,MIXED WOOD PLAINS,NA,NA,NA,NA,NLA17_17,,NA,NA,,,NotPresent,NA,,,,NA,NA,,,NotPresent,NA,,,"(1,4]",NLA17_17,,Include2017_Exclude2017NH,NH,809,NA,,Private Landowner,0.940283,1.06E+12,NA,PROB,NHD High Res Lake Snapshot Only,NH,,100,33015,Urban,59,Northeastern Coastal Zone,59f,Gulf of Maine Coastal Lowland,,,2014470.055,874702.1854,,75.72727273,0,"(1,4]",0,,,,,,,,,,,
NLA17_NH-10010,NLA17_17,43.55149208,-72.03468615,NA,NonTarget,Nontarget-Other,Nontarget,In most recent Google map image dated 4/27/16 the dam appears to be removed and nothing but a stream channel remains.  If you would like a copy of the image please contact evaluator.,EHIGH,Eastern Highlands,NAP,Northern Appalachians,"(1,4]",2.798372134,No,,,,Include17_Exclude12_Exclude07,,120803052,0,NA,2017,387,Region_1,,507853,East,,NA,1,New England,1080106,Black-Ottauquechee,New England Region,1,No,5,NORTHERN FORESTS,5.3,ATLANTIC HIGHLANDS,NA,NA,NA,NA,NLA17_17,,NA,NA,,,NotPresent,NA,,,,NA,NA,,,NotPresent,NA,,,"(1,4]",NLA17_17,,Include2017_Include2017NH,NH,809,NA,,Private Landowner,1.33664,1.08E+12,NHLAK801060104-03,PROB,NHD High Res Lake Snapshot and NH High Res Lake Frame,NH,,100,33009,Non-Urban,58,Northeastern Highlands,58q,Sunapee Uplands,,,1907448.192,919287.5317,,75.72727273,0,"(1,4]",0,,,,,,,,,,,
NLA17_NH-10011,NLA17_17,43.18188385,-71.97361408,NA,Target,AccessDenied,AccessDenied,Road out to pond was gated and marked with no trespass signs.,EHIGH,Eastern Highlands,NAP,Northern Appalachians,"(1,4]",1.270932512,No,,,,Include17_Exclude12_Exclude07,,135998676,0,NA,2017,295,Region_1,,606467,East,,NA,1,New England,1070003,Contoocook,New England Region,1,No,5,NORTHERN FORESTS,5.3,ATLANTIC HIGHLANDS,NA,NA,NA,NA,NLA17_17,,NA,NA,,,NotPresent,NA,,,,NA,NA,,,NotPresent,NA,,,"(1,4]",NLA17_17,,Include2017_Exclude2017NH,NH,809,NA,,Private Landowner,0.478129,1.07E+12,NA,PROB,NHD High Res Lake Snapshot Only,NH,,100,33011,Urban,58,Northeastern Highlands,58g,Worchester/Monadnock Plateau,,,1922526.95,880562.0016,,75.72727273,0,"(1,4]",0,,,,,,,,,,,
NLA17_NH-10012,NLA17_17_NH,44.28462694,-72.05256144,,NonTarget,Nontarget-MapError,Nontarget,No lake present on map.,EHIGH,Eastern Highlands,NAP,Northern Appalachians,>50,192.1820632,No,,,,Include17_Exclude12_Exclude07,,0,0,,2017,128.12,Region_1,,614703,East,,,1,New England,,,New England Region,1,No,5,NORTHERN FORESTS,5.3,ATLANTIC HIGHLANDS,,,,,NLA17_17,,,,,,NotPresent,,,,,,,,,NotPresent,,,,>50,NLA17_17_NH,,Include2017_Include2017NH,NH,31.33333333,,,Unknown,29.02371952,,NHIMP801030205-02,PROB,NH High Res Lake Frame Only,NH,,100,50005,Non-Urban,58,Northeastern Highlands,58o,Northern Connecticut Valley,,,1885668.151,998115.2665,,11.8125,0,>50,0,,,,,,,,,,,
NLA17_NH-10013,NLA17_17_NH,43.1998236,-71.0959948,Stonehouse Pond,Target,TargetSampleable,TargetSampleable,,EHIGH,Eastern Highlands,NAP,Northern Appalachians,"(4,10]",4.420410711,No,,,,Include17_Include12_Include07,,5847064,5847064,5847064,2017,117,Region_1,,4240,East,870200,Stonehouse Pond,1,New England,1060003,Piscataqua-Salmon Falls,New England Region,1,No,8,EASTERN TEMPERATE FORESTS,8.1,MIXED WOOD PLAINS,Stonehouse Pond,NA,NA,NA,NLA17_17,,NA,"(4,10]",,,Included,NLALake,,,,,"(4,10]",,,Included,NH_NLA12NEW,,,"(4,10]",NLA17_17_NH,,Include2017_Include2017NH,NH,56.57142857,NA,,Non-Federal,0.851372722,1.06E+12,NHLAK600030605-02,PROB,NLA2012Frame and NH High Res Lake Frame,NH,,100,33017,Non-Urban,59,Northeastern Coastal Zone,59h,Gulf of Maine Coastal Plain,,,1990647.073,900568.4111,,30.72222222,30.72222222,"(4,10]",43.5,3.72,Good,Mesotrophic,1.9,Fair,715,Poor,20.8,Fair,Not Assessed,Good
NLA17_NH-10014,NLA17_17_NH,43.3258658,-71.88512926,Palmer Pond,Target,AccessDenied,AccessDenied,"Incorrectly labeled NonTarget, changed 2/8/21 by KH",EHIGH,Eastern Highlands,NAP,Northern Appalachians,"(10,20]",10.87412967,No,,,,Include17_Include12_Include07,,6760564,6760564,6760564,2017,253,Region_1,,5648,East,868984,Palmer Pond,1,New England,1070003,Contoocook,New England Region,1,No,5,NORTHERN FORESTS,5.3,ATLANTIC HIGHLANDS,Palmer Pond,NA,NA,NA,NLA17_17,,NA,"NAP_NH_(10,20]",,,Included,NLALake,,,,,"(10,20]",,,Included,NH_NLA12NEW,,,"(10,20]",NLA17_17_NH,,Include2017_Include2017NH,NH,37.5,NA,,Non-Federal,1.622035114,1.07E+12,NHLAK700030304-10,PROB,NLA2012Frame and NH High Res Lake Frame,NH,,100,33013,Non-Urban,58,Northeastern Highlands,58g,Worchester/Monadnock Plateau,,,1925418.798,897918.2323,,23.09090909,0,"(10,20]",0,,,,,,,,,,,
NLA17_NH-10015,NLA17_17_NH,43.72910065,-72.26156601,Storrs Pond,Target,TargetSampleable,TargetSampleable,,EHIGH,Eastern Highlands,NAP,Northern Appalachians,"(4,10]",6.819127664,No,,,,Include17_Include12_Include07,,9326522,9326522,9326522,2017,124,Region_1,,5974,East,870211,Storrs Pond,1,New England,1080104,Upper Connecticut-Mascoma,New England Region,1,No,5,NORTHERN FORESTS,5.3,ATLANTIC HIGHLANDS,Storrs Pond,NA,NA,NA,NLA17_17,,NA,"(4,10]",,,Included,NLALake,,,,,"(4,10]",,,Included,NH_NLA12NEW,,,"(4,10]",NLA17_17_NH,,Include2017_Include2017NH,NH,56.57142857,NA,,Non-Federal,1.899029611,1.08E+12,NHLAK801040402-02-01,PROB,NLA2012Frame and NH High Res Lake Frame,NH,,100,33009,Urban,58,Northeastern Highlands,58o,Northern Connecticut Valley,,,1884869.939,933959.2929,,30.72222222,30.72222222,"(4,10]",43.5,1.5,Good,Oligotrophic,38.9,Fair,150,Good,9.34,Good,Not Assessed,Good
NLA17_NH-10016,NLA17_17_NH,44.40002456,-71.17977004,Mascot Pond,Target,Inaccessible-Effort,Inaccessible,surrounded by heavy woods a good distance from nearest road,EHIGH,Eastern Highlands,NAP,Northern Appalachians,"(4,10]",4.107083345,No,,,,Include17_Include12_Include07,,19334927,19334927,19334927,2017,320,Region_1,,2956,East,872261,Mascot Pond,1,New England,1040002,Lower Androscoggin,New England Region,1,No,5,NORTHERN FORESTS,5.3,ATLANTIC HIGHLANDS,Mascot Pond,NA,NA,NA,NLA17_17,,NA,"(4,10]",,,Included,NLALake,,,,,"(4,10]",,,Included,NH_NLA12NEW,,,"(4,10]",NLA17_17_NH,,Include2017_Include2017NH,NH,56.57142857,NA,,Non-Federal,0.876038371,1.04E+12,NHLAK400020102-02,PROB,NLA2012Frame and NH High Res Lake Frame,NH,,100,33007,Urban,58,Northeastern Highlands,58p,White Mountains/Blue Mountains,,,1949531.499,1028165.801,,30.72222222,0,"(4,10]",0,,,,,,,,,,,
NLA17_NH-10017,NLA17_17_NH,43.54686291,-71.01559553,Lovell Lake,Target,TargetSampleable,TargetSampleable,,EHIGH,Eastern Highlands,NAP,Northern Appalachians,>50,209.1638728,No,,,,Include17_Include12_Include07,,166174226,9312481,9312481,2017,173,Region_1,,4617,East,868188,Lovell Lake,1,New England,1060003,Piscataqua-Salmon Falls,New England Region,1,No,5,NORTHERN FORESTS,5.3,ATLANTIC HIGHLANDS,Lovell Lake,NA,NA,NA,NLA17_17,,NA,"NAP_NH_(100,50000]",,,Included,NLALake,,,,,>50,,,Included,NH_NLA12NEW,,,>50,NLA17_17_NH,,Include2017_Include2017NH,NH,31.33333333,NA,,Non-Federal,11.27313786,1.06E+12,NHLAK600030401-01-01,PROB,NLA2012Frame and NH High Res Lake Frame,NH,,100,33003,Non-Urban,58,Northeastern Highlands,58r,Sebago-Ossipee Hills and Plains,,,1986856.038,939668.4339,,11.8125,11.8125,>50,11.78571429,1.52,Good,Oligotrophic,15.7,Fair,315,Good,10.3,Good,Not Assessed,Good
NLA17_NH-10018,NLA17_17_NH,43.13476716,-71.90300344,,Target,Inaccessible-Effort,Inaccessible,,EHIGH,Eastern Highlands,NAP,Northern Appalachians,"[0,1]",0.480625361,No,,,,Exclude17_Exclude12_Exclude07,,-11805,0,,2017,199.66,Region_1,,614890,East,,,1,New England,1070003,,New England Region,1,No,5,NORTHERN FORESTS,5.3,ATLANTIC HIGHLANDS,,,,,NLA17_17,,,,,,NotPresent,,,,,,,,,NotPresent,,,,"[0,1]",NLA17_17_NH,,Exclude2017_Include2017NH,NH,110.2857143,,,Unknown,0.399653148,1.07E+12,NHIMP700030501-03,PROB,NH High Res Lake Frame Only,NH,,100,33011,Urban,58,Northeastern Highlands,58g,Worchester/Monadnock Plateau,,,1929375.629,876898.6478,,75.9,0,"[0,1]",0,,,,,,,,,,,
NLA17_NH-10019,NLA17_17_NH,43.41504138,-72.08397019,,Target,AccessDenied,AccessDenied,,EHIGH,Eastern Highlands,NAP,Northern Appalachians,"[0,1]",0.365830321,No,,,,Exclude17_Exclude12_Exclude07,,-1689,0,,2017,371.29,Region_1,,614298,East,,,1,New England,1080106,,New England Region,1,No,5,NORTHERN FORESTS,5.3,ATLANTIC HIGHLANDS,,,,,NLA17_17,,,,,,NotPresent,,,,,,,,,NotPresent,,,,"[0,1]",NLA17_17_NH,,Exclude2017_Include2017NH,NH,110.2857143,,,Unknown,0.265555964,1.08E+12,NHIMP801060405-01,PROB,NH High Res Lake Frame Only,NH,,100,33019,Urban,58,Northeastern Highlands,58q,Sunapee Uplands,,,1907401.506,903548.1641,,75.9,0,"[0,1]",0,,,,,,,,,,,
NLA17_NH-10020,NLA17_17_NH,42.9522811,-70.80432521,,NonTarget,Nontarget-Vegetated,Nontarget,,EHIGH,Eastern Highlands,NAP,Northern Appalachians,"(1,4]",2.642597819,No,,,,Exclude17_Exclude12_Exclude07,,-11853,0,,2017,160,Region_1,,614930,East,,,1,New England,,,New England Region,1,No,8,EASTERN TEMPERATE FORESTS,8.1,MIXED WOOD PLAINS,,,,,NLA17_17,,,,,,NotPresent,,,,,,,,,NotPresent,,,,"(1,4]",NLA17_17_NH,,Exclude2017_Include2017NH,NH,89.71428571,,,City Land,0.922167795,,NHIMP600031004-08,PROB,NH High Res Lake Frame Only,NH,,100,33015,Urban,59,Northeastern Coastal Zone,59f,Gulf of Maine Coastal Lowland,,,2020660.571,880029.1785,,75.72727273,0,"(1,4]",0,,,,,,,,,,,
NLA17_NH-10021,NLA17_17_NH,43.15232441,-72.42269679,,NonTarget,Nontarget-Vegetated,Nontarget,,EHIGH,Eastern Highlands,NAP,Northern Appalachians,"(4,10]",6.985514709,No,,,,Include17_Exclude12_Exclude07,,-6512,0,,2017,190.77,Region_1,,614061,East,,,1,New England,1080107,,New England Region,1,No,5,NORTHERN FORESTS,5.3,ATLANTIC HIGHLANDS,,,,,NLA17_17,,,,,,NotPresent,,,,,,,,,NotPresent,,,,"(4,10]",NLA17_17_NH,,Include2017_Include2017NH,NH,56.57142857,,,Private Landowner,2.483717429,1.08E+12,NHLAK801070203-03,PROB,NH High Res Lake Frame Only,NH,,100,33019,Non-Urban,58,Northeastern Highlands,58f,Vermont Piedmont,,,1888150.773,868359.9982,,30.72222222,0,"(4,10]",0,,,,,,,,,,,
NLA17_NH-10022,NLA17_17_NH,42.99253702,-71.90422182,,NonTarget,Nontarget-TooSmall,Nontarget,,EHIGH,Eastern Highlands,NAP,Northern Appalachians,"[0,1]",0.080255232,No,,,,Exclude17_Exclude12_Exclude07,,-5716,0,,2017,229.59,Region_1,,614409,East,,,1,New England,1070003,,New England Region,1,No,5,NORTHERN FORESTS,5.3,ATLANTIC HIGHLANDS,,,,,NLA17_17,,,,,,NotPresent,,,,,,,,,NotPresent,,,,"[0,1]",NLA17_17_NH,,Exclude2017_Include2017NH,NH,110.2857143,,,Unknown,0.107268158,1.07E+12,NHIMP700030108-10,PROB,NH High Res Lake Frame Only,NH,,100,33011,Urban,58,Northeastern Highlands,58g,Worchester/Monadnock Plateau,,,1933265.332,861494.8132,,75.9,0,"[0,1]",0,,,,,,,,,,,
NLA17_NH-10268,NLA17_17_NH_OverSamp,43.13743075,-71.3999814,Cold Spring Imp,NonTarget,Nontarget-TooSmall,Nontarget,,EHIGH,Eastern Highlands,NAP,Northern Appalachians,"[0,1]",0.632605752,No,,,,Exclude17_Exclude12_Exclude07,,0,0,,2017,94.79,Region_1,,614844,East,,,1,New England,,,New England Region,1,No,8,EASTERN TEMPERATE FORESTS,8.1,MIXED WOOD PLAINS,,,,,NLA17_17,,,,,,NotPresent,,,,,,,,,NotPresent,,,,"[0,1]",NLA17_17_NH_OverSamp,,Exclude2017_Include2017NH,NH,110.2857143,,,Unknown,0.403695319,,NHIMP700060503-10,PROB,NH High Res Lake Frame Only,NH,,100,33013,Urban,59,Northeastern Coastal Zone,59h,Gulf of Maine Coastal Plain,,,1968680.873,887502.8881,,75.9,0,"[0,1]",0,,,,,,,,,,,
NLA17_NH-10023,NLA17_17_NH,43.32908438,-71.56578409,Kimball Pond,Target,TargetSampleable,TargetSampleable,,EHIGH,Eastern Highlands,NAP,Northern Appalachians,"(4,10]",4.506956591,No,,,,Include17_Include12_Include07,,6739124,6739124,6739124,2017,145,Region_1,,4939,East,867879,Kimball Pond,1,New England,1070006,Merrimack River,New England Region,1,No,5,NORTHERN FORESTS,5.3,ATLANTIC HIGHLANDS,Kimball Pond,NA,NA,NA,NLA17_17,,NA,"(4,10]",,,Included,NLALake,,,,,"(4,10]",,,Included,NH_NLA12NEW,,,"(4,10]",NLA17_17_NH,,Include2017_Include2017NH,NH,56.57142857,NA,,Non-Federal,0.834940905,1.07E+12,NHLAK700060302-06,PROB,NLA2012Frame and NH High Res Lake Frame,NH,,100,33013,Urban,58,Northeastern Highlands,58g,Worchester/Monadnock Plateau,,,1950264.547,904777.7725,,30.72222222,30.72222222,"(4,10]",43.5,3.96,Good,Mesotrophic,24.5,Fair,565,Fair,19.1,Fair,Good,Good
NLA17_NH-10025,NLA17_17_NH,42.95568683,-71.47765749,,NonTarget,Nontarget-Other,Nontarget,Run-of–the-river reservoir with retention time < 1 week,EHIGH,Eastern Highlands,NAP,Northern Appalachians,"[0,1]",0.1145123,No,,,,Exclude17_Exclude12_Exclude07,,0,0,,2017,41.8,Region_1,,614800,East,,,1,New England,,,New England Region,1,No,8,EASTERN TEMPERATE FORESTS,8.1,MIXED WOOD PLAINS,,,,,NLA17_17,,,,,,NotPresent,,,,,,,,,NotPresent,,,,"[0,1]",NLA17_17_NH,,Exclude2017_Include2017NH,NH,110.2857143,,,Unknown,0.181087258,,NHIMP700060803-04,PROB,NH High Res Lake Frame Only,NH,,100,33011,Urban,59,Northeastern Coastal Zone,59h,Gulf of Maine Coastal Plain,,,1967784.041,866267.1337,,75.9,0,"[0,1]",0,,,,,,,,,,,
NLA17_NH-10024,NLA17_17_NH,42.90610086,-71.29694697,Beaver Lake,Target,TargetSampleable,TargetSampleable,,EHIGH,Eastern Highlands,NAP,Northern Appalachians,>50,51.83032629,No,,,,Include17_Include12_Include07,,6743018,6743018,6743018,2017,86,Region_1,,5720,East,865487,Beaver Lake,1,New England,1070006,Merrimack River,New England Region,1,No,8,EASTERN TEMPERATE FORESTS,8.1,MIXED WOOD PLAINS,Beaver Lake,NA,NA,NA,NLA17_17,,NA,"NAP_NH_(50,100]",,,Included,NLALake,,,,,>50,,,Included,NH_NLA12NEW,,,>50,NLA17_17_NH,,Include2017_Include2017NH,NH,31.33333333,NA,,Non-Federal,3.363151966,1.07E+12,NHLAK700061203-02-01,PROB,NLA2012Frame and NH High Res Lake Frame,NH,,100,33015,Urban,59,Northeastern Coastal Zone,59h,Gulf of Maine Coastal Plain,,,1983382.099,864668.6973,,11.8125,11.8125,>50,11.78571429,5.12,Fair,Mesotrophic,22,Fair,405,Good,19.5,Fair,Fair,Good
NLA17_NH-10026,NLA17_17_NH,42.90952889,-72.25773631,Upper Wilson Pond,Target,TargetSampleable,TargetSampleable,,EHIGH,Eastern Highlands,NAP,Northern Appalachians,"(4,10]",4.031598675,No,,,,Include17_Include12_Include07,,6777327,6777327,6777327,2017,153,Region_1,,7327,East,NA,,1,New England,1080201,Middle Connecticut,New England Region,1,No,5,NORTHERN FORESTS,5.3,ATLANTIC HIGHLANDS,,NA,NA,NA,NLA17_17,,NA,"(4,10]",,,Included,NLALake,,,,,"(4,10]",,,Included,NH_NLA12NEW,,,"(4,10]",NLA17_17_NH,,Include2017_Include2017NH,NH,56.57142857,NA,,Non-Federal,1.104197101,1.08E+12,NHLAK802010303-09,PROB,NLA2012Frame and NH High Res Lake Frame,NH,,100,33005,Urban,58,Northeastern Highlands,58g,Worchester/Monadnock Plateau,,,1907791.894,845369.2015,,30.72222222,30.72222222,"(4,10]",43.5,3.33,Good,Mesotrophic,5.2,Fair,595,Fair,21.9,Fair,Not Assessed,Good
NLA17_NH-10027,NLA17_17_NH,44.12360103,-71.95913751,Lower Mountain Lake,Target,TargetSampleable,TargetSampleable,,EHIGH,Eastern Highlands,NAP,Northern Appalachians,"(10,20]",16.1315397,No,,,,Include17_Exclude12_Exclude07,,-155,0,,2017,147.71,Region_1,,614264,East,,,1,New England,1080103,,New England Region,1,No,5,NORTHERN FORESTS,5.3,ATLANTIC HIGHLANDS,,,,,NLA17_17,,,,,,NotPresent,,,,,,,,,NotPresent,,,,"(10,20]",NLA17_17_NH,,Include2017_Include2017NH,NH,37.5,,,Unknown,2.028980538,1.08E+12,NHLAK801030505-03,PROB,NH High Res Lake Frame Only,NH,,100,33009,Non-Urban,58,Northeastern Highlands,58n,White Mountain Foothills,,,1897359.793,982594.0416,,23.09090909,23.09090909,"(10,20]",25.66666667,2.87,Good,Mesotrophic,16.7,Fair,150,Good,7.19,Good,Not Assessed,Good
NLA17_NH-10028,NLA17_17_NH,44.19953636,-71.86641168,Pearl Lake,Target,TargetSampleable,TargetSampleable,,EHIGH,Eastern Highlands,NAP,Northern Appalachians,"(20,50]",22.48011096,No,,,,Include17_Include12_Include07,,4593701,4593701,4593701,2017,310,Region_1,,9389,East,872476,Pearl Lake,1,New England,1080103,Waits,New England Region,1,No,5,NORTHERN FORESTS,5.3,ATLANTIC HIGHLANDS,Pearl Lake,NA,NA,NA,NLA17_17,,NA,"NAP_NH_(20,50]",,,Included,NLALake,,,,NLA12_NH-197,"(20,50]",,,Included,NH_NLA12NEW,,,"(20,50]",NLA17_17_NH,,Include2017_Include2017NH,NH,28.33333333,NA,,Non-Federal,2.3132941,1.08E+12,NHLAK801030503-03,PROB,NLA2012Frame and NH High Res Lake Frame,NH,,100,33009,Non-Urban,58,Northeastern Highlands,58n,White Mountain Foothills,,,1902393.508,992642.6762,,14.58333333,14.58333333,"(20,50]",16,4.65,Fair,Mesotrophic,16.8,Fair,495,Fair,12,Good,Not Assessed,Good
NLA17_NH-10029,NLA17_17_NH,43.1118182,-71.33294579,Spruce Pond,Target,TargetSampleable,TargetSampleable,,EHIGH,Eastern Highlands,NAP,Northern Appalachians,"(4,10]",8.411490349,No,,,,Include17_Include12_Include07,,6739414,6739414,6739414,2017,147,Region_1,,3418,East,870113,Spruce Pond,1,New England,1060003,Piscataqua-Salmon Falls,New England Region,1,No,8,EASTERN TEMPERATE FORESTS,8.1,MIXED WOOD PLAINS,Spruce Pond,NA,NA,NA,NLA17_17,,NA,"(4,10]",,,Included,NLALake,,,,,"(4,10]",,,Included,NH_NLA12NEW,,,"(4,10]",NLA17_17_NH,,Include2017_Include2017NH,NH,56.57142857,NA,,Non-Federal,1.132967036,1.06E+12,NHLAK600030702-02-01,PROB,NLA2012Frame and NH High Res Lake Frame,NH,,100,33015,Urban,59,Northeastern Coastal Zone,59h,Gulf of Maine Coastal Plain,,,1974658.924,886128.6168,,30.72222222,30.72222222,"(4,10]",43.5,3.12,Good,Mesotrophic,0.4,Fair,365,Good,14.1,Good,Good,Good
NLA17_NH-10030,NLA17_17_NH,43.18025467,-72.1666021,Sand Pond,Target,TargetSampleable,TargetSampleable,,EHIGH,Eastern Highlands,NAP,Northern Appalachians,>50,63.02320336,No,,,,Include17_Include12_Include07,,6776101,6776101,6776101,2017,469,Region_1,,6036,East,869770,Sand Pond,1,New England,1080201,Middle Connecticut,New England Region,1,No,5,NORTHERN FORESTS,5.3,ATLANTIC HIGHLANDS,Sand Pond,NA,NA,NA,NLA17_17,,NLA06608-1762,"NAP_NH_(50,100]",,,Included,NLALake,,,,,>50,,,Included,NH_NLA12NEW,,,>50,NLA17_17_NH,,Include2017_Include2017NH,NH,31.33333333,NA,,Non-Federal,3.552550217,1.08E+12,NHLAK802010101-08,PROB,NLA2012Frame and NH High Res Lake Frame,NH,,100,33019,Non-Urban,58,Northeastern Highlands,58q,Sunapee Uplands,,,1907456.194,876496.9367,,11.8125,11.8125,>50,11.78571429,1.44,Good,Oligotrophic,2.3,Fair,150,Good,7.22,Good,Not Assessed,Good
NLA17_NH-10032,NLA17_17_NH,44.71082705,-71.36558103,Trio Ponds,Target,Inaccessible-Effort,Inaccessible,,EHIGH,Eastern Highlands,NAP,Northern Appalachians,"(20,50]",25.72747481,No,,,,Include17_Include12_Include07,,4592643,4592643,4592643,2017,705,Region_1,,7044,East,870502,Trio Ponds,1,New England,1080101,Upper Connecticut,New England Region,1,No,5,NORTHERN FORESTS,5.3,ATLANTIC HIGHLANDS,Trio Ponds,NA,NA,NA,NLA17_17,,NA,"NAP_NH_(20,50]",,,Included,NLALake,,,,,"(20,50]",,,Included,NH_NLA12NEW,,,"(20,50]",NLA17_17_NH,,Include2017_Include2017NH,NH,28.33333333,NA,,Non-Federal,3.1697368,1.08E+12,NHLAK801010706-03,PROB,NLA2012Frame and NH High Res Lake Frame,NH,,100,33007,Non-Urban,58,Northeastern Highlands,58m,Quebec/New England Boundary Mountains,,,1926392.388,1057831.473,,14.58333333,0,"(20,50]",0,,,,,,,,,,,
NLA17_NH-10033,NLA17_17_NH,43.2152595,-70.92764648,,NonTarget,Nontarget-Other,Nontarget,Run-of–the-river reservoir with retention time < 1 week,EHIGH,Eastern Highlands,NAP,Northern Appalachians,"(1,4]",1.916364401,No,,,,Include17_Include12_Include07,,9316727,9316727,9316727,2017,32,Region_1,,9319,East,NA,,1,New England,1060003,Piscataqua-Salmon Falls,New England Region,1,No,8,EASTERN TEMPERATE FORESTS,8.1,MIXED WOOD PLAINS,,NA,NA,NA,NLA17_17,,NA,"(1,4]",,,Included,NLALake,,,,NLA12_NH-127,"(1,4]",,,Included,NH_NLA12NEW,,,"(1,4]",NLA17_17_NH,,Include2017_Include2017NH,NH,89.71428571,NA,,Non-Federal,0.637239503,1.06E+12,NHIMP600030608-02,PROB,NLA2012Frame and NH High Res Lake Frame,NH,,100,33017,Urban,59,Northeastern Coastal Zone,59f,Gulf of Maine Coastal Lowland,,,2003341.517,905770.5651,,75.72727273,0,"(1,4]",0,,,,,,,,,,,
NLA17_NH-10034,NLA17_17_NH,42.91758631,-71.52938975,,NonTarget,Nontarget-Vegetated,Nontarget,,EHIGH,Eastern Highlands,NAP,Northern Appalachians,"(1,4]",3.865938434,No,,,,Exclude17_Exclude12_Exclude07,,0,0,,2017,80.48,Region_1,,614645,East,,,1,New England,,,New England Region,1,No,8,EASTERN TEMPERATE FORESTS,8.1,MIXED WOOD PLAINS,,,,,NLA17_17,,,,,,NotPresent,,,,,,,,,NotPresent,,,,"(1,4]",NLA17_17_NH,,Exclude2017_Include2017NH,NH,89.71428571,,,Unknown,1.056308272,,NHLAK700060905-07,PROB,NH High Res Lake Frame Only,NH,,100,33011,Urban,59,Northeastern Coastal Zone,59h,Gulf of Maine Coastal Plain,,,1964809.061,861080.7452,,75.72727273,0,"(1,4]",0,,,,,,,,,,,
NLA17_NH-10035,NLA17_17_NH,43.44932321,-71.59130563,,NonTarget,Nontarget-Vegetated,Nontarget,,EHIGH,Eastern Highlands,NAP,Northern Appalachians,"[0,1]",0.721212404,No,,,,Exclude17_Exclude12_Exclude07,,-12173,0,,2017,71.99,Region_1,,614989,East,,,1,New England,1070002,,New England Region,1,No,5,NORTHERN FORESTS,5.3,ATLANTIC HIGHLANDS,,,,,NLA17_17,,,,,,NotPresent,,,,,,,,,NotPresent,,,,"[0,1]",NLA17_17_NH,,Exclude2017_Include2017NH,NH,110.2857143,,,Unknown,0.339622987,1.07E+12,NHIMP700020203-12,PROB,NH High Res Lake Frame Only,NH,,100,33001,Urban,58,Northeastern Highlands,58g,Worchester/Monadnock Plateau,,,1944862.553,917237.442,,75.9,0,"[0,1]",0,,,,,,,,,,,
NLA17_NH-10031,NLA17_17_NH,43.43447896,-71.79730261,Horseshoe Pond,Target,TargetSampleable,TargetSampleable,,EHIGH,Eastern Highlands,NAP,Northern Appalachians,"(1,4]",3.834045932,No,,,,Include17_Include12_Include07,,6760516,6760516,6760516,2017,187,Region_1,,5285,East,867621,Horseshoe Pond,1,New England,1070003,Contoocook,New England Region,1,No,5,NORTHERN FORESTS,5.3,ATLANTIC HIGHLANDS,Horseshoe Pond,NA,NA,NA,NLA17_17,,NA,"(1,4]",,,Included,NLALake,,,,,"(1,4]",,,Included,NH_NLA12NEW,,,"(1,4]",NLA17_17_NH,,Include2017_Include2017NH,NH,89.71428571,NA,,Non-Federal,0.73668103,1.07E+12,NHLAK700030403-05,PROB,NLA2012Frame and NH High Res Lake Frame,NH,,100,33013,Non-Urban,58,Northeastern Highlands,58q,Sunapee Uplands,,,1929224.339,911435.4782,,75.72727273,75.72727273,"(1,4]",208.25,7.74,Fair,Eutrophic,6.9,Fair,535,Fair,19.4,Fair,Not Assessed,Fair
NLA17_NH-10037,NLA17_17_NH,43.23406843,-71.80150753,Bear Pond,NonTarget,Nontarget-NoRecAquatUse,Nontarget,Water supply lake,EHIGH,Eastern Highlands,NAP,Northern Appalachians,"(20,50]",21.19000871,No,,,,Include17_Include12_Include07,,6760630,6760630,6760630,2017,224,Region_1,,9344,East,865455,Bear Pond,1,New England,1070003,Contoocook,New England Region,1,No,5,NORTHERN FORESTS,5.3,ATLANTIC HIGHLANDS,Bear Pond,NA,NA,NA,NLA17_17,,NA,"NAP_NH_(20,50]",,,Included,NLALake,,,,NLA12_NH-152,"(20,50]",,,Included,NH_NLA12NEW,,,"(20,50]",NLA17_17_NH,,Include2017_Include2017NH,NH,28.33333333,NA,,Non-Federal,1.763822899,1.07E+12,NHLAK700030502-03,PROB,NLA2012Frame and NH High Res Lake Frame,NH,,100,33013,Non-Urban,58,Northeastern Highlands,58g,Worchester/Monadnock Plateau,,,1934532.696,889695.674,,14.58333333,0,"(20,50]",0,,,,,,,,,,,
NLA17_NH-10036,NLA17_17_NH,42.83876796,-71.21886999,Taylors Reservoir,Target,TargetSampleable,TargetSampleable,,EHIGH,Eastern Highlands,NAP,Northern Appalachians,"(1,4]",3.736251104,No,,,,Include17_Include12_Include07,,6743110,6743110,6743110,2017,55,Region_1,,5243,East,870345,Taylors Reservoir,1,New England,1070006,Merrimack River,New England Region,1,No,8,EASTERN TEMPERATE FORESTS,8.1,MIXED WOOD PLAINS,Taylors Reservoir,NA,NA,NA,NLA17_17,,NA,"(1,4]",,,Included,NLALake,,,,,"(1,4]",,,Included,NH_NLA12NEW,,,"(1,4]",NLA17_17_NH,,Include2017_Include2017NH,NH,89.71428571,NA,,Non-Federal,1.045352545,1.07E+12,NHLAK700061101-02,PROB,NLA2012Frame and NH High Res Lake Frame,NH,,100,33015,Urban,59,Northeastern Coastal Zone,59h,Gulf of Maine Coastal Plain,,,1991447.947,859031.7844,,75.72727273,75.72727273,"(1,4]",208.25,5.44,Fair,Mesotrophic,21.1,Fair,455,Fair,21.4,Fair,Fair,Good
NLA17_NH-10038,NLA17_17_NH,42.74950788,-71.94821086,Bancroft Reservoir,Target,TargetSampleable,TargetSampleable,,EHIGH,Eastern Highlands,NAP,Northern Appalachians,"(4,10]",5.968974869,No,,,,Include17_Include12_Include07,,9342429,9342429,9342429,2017,382,Region_1,,6655,East,865367,Bancroft Reservoir,1,New England,1080202,Miller,New England Region,1,No,5,NORTHERN FORESTS,5.3,ATLANTIC HIGHLANDS,Bancroft Reservoir,NA,NA,NA,NLA17_17,,NA,"(4,10]",,,Included,NLALake,,,,,"(4,10]",,,Included,NH_NLA12NEW,,,"(4,10]",NLA17_17_NH,,Include2017_Include2017NH,NH,56.57142857,NA,,Non-Federal,0.99486008,1.08E+12,NHIMP802020103-05,PROB,NLA2012Frame and NH High Res Lake Frame,NH,,100,33005,Urban,58,Northeastern Highlands,58g,Worchester/Monadnock Plateau,,,1936611.021,834311.5253,,30.72222222,30.72222222,"(4,10]",43.5,3,Good,Mesotrophic,2.3,Fair,665,Poor,16.7,Fair,Not Assessed,Good
NLA17_NH-10040,NLA17_17_NH,42.86063909,-71.17976779,Hog Hill Pond,Target,Inaccessible-Effort,Inaccessible,,EHIGH,Eastern Highlands,NAP,Northern Appalachians,"(1,4]",2.618846668,No,,,,Include17_Include12_Include07,,6743086,6743086,6743086,2017,63,Region_1,,5237,East,867538,Hog Hill Pond,1,New England,1070006,Merrimack River,New England Region,1,No,8,EASTERN TEMPERATE FORESTS,8.1,MIXED WOOD PLAINS,Hog Hill Pond,NA,NA,NA,NLA17_17,,NA,"(1,4]",,,Included,NLALake,,,,,"(1,4]",,,Included,NH_NLA12NEW,,,"(1,4]",NLA17_17_NH,,Include2017_Include2017NH,NH,89.71428571,NA,,Non-Federal,0.617152391,1.07E+12,NHLAK700061102-15,PROB,NLA2012Frame and NH High Res Lake Frame,NH,,100,33015,Urban,59,Northeastern Coastal Zone,59h,Gulf of Maine Coastal Plain,,,1993887.515,862212.7336,,75.72727273,0,"(1,4]",0,,,,,,,,,,,
NLA17_NH-10041,NLA17_17_NH,43.00949103,-71.70815346,,NonTarget,Nontarget-Vegetated,Nontarget,,EHIGH,Eastern Highlands,NAP,Northern Appalachians,"[0,1]",0.099965936,No,,,,Exclude17_Exclude12_Exclude07,,0,0,,2017,136.3,Region_1,,614831,East,,,1,New England,,,New England Region,1,No,5,NORTHERN FORESTS,5.3,ATLANTIC HIGHLANDS,,,,,NLA17_17,,,,,,NotPresent,,,,,,,,,NotPresent,,,,"[0,1]",NLA17_17_NH,,Exclude2017_Include2017NH,NH,110.2857143,,,Unknown,0.180628347,,NHIMP700060605-04,PROB,NH High Res Lake Frame Only,NH,,100,33011,Non-Urban,58,Northeastern Highlands,58g,Worchester/Monadnock Plateau,,,1948174.844,867331.7207,,75.9,0,"[0,1]",0,,,,,,,,,,,
NLA17_NH-10039,NLA17_17_NH,43.40717987,-71.4236173,Shellcamp Pond,Target,TargetSampleable,TargetSampleable,,EHIGH,Eastern Highlands,NAP,Northern Appalachians,>50,50.57500767,No,,,,Include17_Include12_Include07,,6739020,6739020,6739020,2017,254,Region_1,,4921,East,869896,Shellcamp Pond,1,New England,1070006,Merrimack River,New England Region,1,No,5,NORTHERN FORESTS,5.3,ATLANTIC HIGHLANDS,Shellcamp Pond,NA,NA,NA,NLA17_17,,NA,"NAP_NH_(50,100]",,,Included,NLALake,,,,,>50,,,Included,NH_NLA12NEW,,,>50,NLA17_17_NH,,Include2017_Include2017NH,NH,31.33333333,NA,,Non-Federal,4.221122305,1.07E+12,NHLAK700060201-05,PROB,NLA2012Frame and NH High Res Lake Frame,NH,,100,33001,Non-Urban,58,Northeastern Highlands,58g,Worchester/Monadnock Plateau,,,1959128.791,916132.5863,,11.8125,11.8125,>50,11.78571429,9.47,Poor,Eutrophic,10.5,Fair,855,Poor,22.6,Fair,Not Assessed,Good
NLA17_NH-10043,NLA17_17_NH,43.67069777,-71.22515804,,NonTarget,Nontarget-NoRecAquatUse,Nontarget,,EHIGH,Eastern Highlands,NAP,Northern Appalachians,>50,67.93812113,No,,,,Exclude17_Exclude12_Exclude07,,0,0,,2017,208.8,Region_1,,614922,East,,,1,New England,,,New England Region,1,No,5,NORTHERN FORESTS,5.3,ATLANTIC HIGHLANDS,,,,,NLA17_17,,,,,,NotPresent,,,,,,,,,NotPresent,,,,>50,NLA17_17_NH,,Exclude2017_Include2017NH,NH,31.33333333,,,Unknown,0.144313005,,NHIMP700020104-05,PROB,NH High Res Lake Frame Only,NH,,100,33003,Non-Urban,58,Northeastern Highlands,58r,Sebago-Ossipee Hills and Plains,,,1967009.662,948657.7876,,11.8125,0,>50,0,,,,,,,,,,,
NLA17_NH-10042,NLA17_17_NH,42.79344552,-72.36636261,Forest Lake,Target,TargetSampleable,TargetSampleable,,EHIGH,Eastern Highlands,NAP,Northern Appalachians,"(20,50]",37.58457692,No,,,,Include17_Include12_Include07,,6777469,6777469,6777469,2017,134,Region_1,,6804,East,866923,Forest Lake,1,New England,1080201,Middle Connecticut,New England Region,1,No,5,NORTHERN FORESTS,5.3,ATLANTIC HIGHLANDS,Forest Lake,NA,NA,NA,NLA17_17,,NLA06608-3938,"NAP_NH_(20,50]",,,Included,NLALake,,,,,"(20,50]",,,Included,NH_NLA12NEW,,,"(20,50]",NLA17_17_NH,,Include2017_Include2017NH,NH,28.33333333,NA,,Non-Federal,3.990573975,1.08E+12,NHLAK802010401-01-01,PROB,NLA2012Frame and NH High Res Lake Frame,NH,,100,33005,Non-Urban,58,Northeastern Highlands,58g,Worchester/Monadnock Plateau,,,1902436.932,830621.77,,14.58333333,14.58333333,"(20,50]",16,5.63,Fair,Mesotrophic,8.1,Fair,435,Fair,13.9,Good,Not Assessed,Good
NLA17_NH-10044,NLA17_17_NH,44.17525308,-71.69251461,Echo Lake,Target,TargetSampleable,TargetSampleable,,EHIGH,Eastern Highlands,NAP,Northern Appalachians,"(10,20]",13.5228919,No,,,,Include17_Include12_Include07,,4593713,4593713,4593713,2017,590,Region_1,,6465,East,873288,Echo Lake,1,New England,1080103,Waits,New England Region,1,No,5,NORTHERN FORESTS,5.3,ATLANTIC HIGHLANDS,Echo Lake,NA,NA,NA,NLA17_17,,NA,"NAP_NH_(10,20]",,,Included,NLALake,,,,,"(10,20]",,,Included,NH_NLA12NEW,,,"(10,20]",NLA17_17_NH,,Include2017_Include2017NH,NH,37.5,NA,,Non-Federal,1.560191308,1.08E+12,NHLAK801030302-01-01,PROB,NLA2012Frame and NH High Res Lake Frame,NH,,100,33009,Non-Urban,58,Northeastern Highlands,58p,White Mountains/Blue Mountains,,,1916487.124,993517.1336,,23.09090909,23.09090909,"(10,20]",25.66666667,7.88,Fair,Eutrophic,5.6,Fair,520,Fair,9.71,Good,Fair,Good
NLA17_NH-10045,NLA17_17_NH,43.90693222,-71.07374183,Crystal Lake,Target,TargetSampleable,TargetSampleable,,EHIGH,Eastern Highlands,NAP,Northern Appalachians,"(20,50]",33.96125617,No,,,,Include17_Include12_Include07,,9315123,9315123,9315123,2017,145,Region_1,,4314,East,NA,,1,New England,1060002,Saco,New England Region,1,No,5,NORTHERN FORESTS,5.3,ATLANTIC HIGHLANDS,,NA,NA,NA,NLA17_17,,NA,"NAP_NH_(20,50]",,,Included,NLALake,,,,,"(20,50]",,,Included,NH_NLA12NEW,,,"(20,50]",NLA17_17_NH,,Include2017_Include2017NH,NH,28.33333333,NA,,Non-Federal,2.823699632,1.06E+12,NHLAK600020304-02-01,PROB,NLA2012Frame and NH High Res Lake Frame,NH,,100,33003,Non-Urban,58,Northeastern Highlands,58r,Sebago-Ossipee Hills and Plains,,,1971921.78,977254.3829,,14.58333333,14.58333333,"(20,50]",16,0.96,Good,Oligotrophic,6.1,Fair,150,Good,7.69,Good,Fair,Good
NLA17_NH-10046,NLA17_17_NH,43.11864451,-72.28861277,Warren Lake,Target,TargetSampleable,TargetSampleable,,EHIGH,Eastern Highlands,NAP,Northern Appalachians,>50,78.96537897,No,,,,Include17_Exclude12_Exclude07,,-157,0,,2017,182,Region_1,,614139,East,,,1,New England,1080107,,New England Region,1,No,5,NORTHERN FORESTS,5.3,ATLANTIC HIGHLANDS,,,,,NLA17_17,,,,,,NotPresent,,,,,,,,,NotPresent,,,,>50,NLA17_17_NH,,Include2017_Include2017NH,NH,31.33333333,,,Unknown,7.042498349,1.08E+12,NHLAK801070203-01,PROB,NH High Res Lake Frame Only,NH,,100,33005,Non-Urban,58,Northeastern Highlands,58q,Sunapee Uplands,,,1899594.411,867386.3184,,11.8125,11.8125,>50,11.78571429,5.17,Fair,Mesotrophic,4,Fair,395,Good,14.3,Good,Not Assessed,Good
NLA17_NH-10047,NLA17_17_NH,43.55852262,-71.8571892,Brownwell Rec Dam,Target,TargetSampleable,TargetSampleable,,EHIGH,Eastern Highlands,NAP,Northern Appalachians,"(1,4]",1.568879034,No,,,,Include17_Include12_Include07,,6729477,6729477,6729477,2017,288,Region_1,,5318,East,NA,,1,New England,1070001,Pemigewasset,New England Region,1,No,5,NORTHERN FORESTS,5.3,ATLANTIC HIGHLANDS,,NA,NA,NA,NLA17_17,,NA,"(1,4]",,,Included,NLALake,,,,,"(1,4]",,,Included,NH_NLA12NEW,,,"(1,4]",NLA17_17_NH,,Include2017_Include2017NH,NH,89.71428571,NA,,Non-Federal,0.461701488,1.07E+12,NHIMP700010702-01,PROB,NLA2012Frame and NH High Res Lake Frame,NH,,100,33013,Non-Urban,58,Northeastern Highlands,58q,Sunapee Uplands,,,1921074.249,923622.533,,75.72727273,75.72727273,"(1,4]",208.25,5.6,Fair,Mesotrophic,2,Fair,655,Fair,22,Fair,Not Assessed,Good
NLA17_NH-10049,NLA17_17_NH,43.29080404,-71.30080449,,NonTarget,Nontarget-MapError,Nontarget,,EHIGH,Eastern Highlands,NAP,Northern Appalachians,"[0,1]",0.221779827,No,,,,Exclude17_Exclude12_Exclude07,,-11787,0,,2017,347.8,Region_1,,614853,East,,,1,New England,1070006,,New England Region,1,No,5,NORTHERN FORESTS,5.3,ATLANTIC HIGHLANDS,,,,,NLA17_17,,,,,,NotPresent,,,,,,,,,NotPresent,,,,"[0,1]",NLA17_17_NH,,Exclude2017_Include2017NH,NH,110.2857143,,,County Land,0.18316562,1.07E+12,NHIMP700060501-02,PROB,NH High Res Lake Frame Only,NH,,100,33013,Non-Urban,58,Northeastern Highlands,58g,Worchester/Monadnock Plateau,,,1972037.087,906113.8424,,75.9,0,"[0,1]",0,,,,,,,,,,,
NLA17_NH-10048,NLA17_17_NH,44.87178927,-71.48972849,Lime Pond,Target,TargetSampleable,TargetSampleable,,EHIGH,Eastern Highlands,NAP,Northern Appalachians,"(4,10]",6.523086406,No,,,,Include17_Include12_Include07,,4592489,4592489,4592489,2017,422,Region_1,,9403,East,868018,Lime Pond,1,New England,1080101,Upper Connecticut,New England Region,1,No,5,NORTHERN FORESTS,5.3,ATLANTIC HIGHLANDS,Lime Pond,NA,NA,NA,NLA17_17,,NA,"(4,10]",,,Included,NLALake,,,,NLA12_NH-211,"(4,10]",,,Included,NH_NLA12NEW,,,"(4,10]",NLA17_17_NH,,Include2017_Include2017NH,NH,56.57142857,NA,,Non-Federal,1.164885099,1.08E+12,NHLAK801010403-03,PROB,NLA2012Frame and NH High Res Lake Frame,NH,,100,33007,Non-Urban,58,Northeastern Highlands,58m,Quebec/New England Boundary Mountains,,,1912330.169,1072648.566,,30.72222222,30.72222222,"(4,10]",43.5,4.69,Fair,Mesotrophic,81.1,Good,385,Good,19.1,Fair,Good,Good
NLA17_NH-10050,NLA17_17_NH,42.76714223,-71.58754871,Dunklee Pond,Target,TargetSampleable,TargetSampleable,,EHIGH,Eastern Highlands,NAP,Northern Appalachians,"(4,10]",8.728378573,No,,,,Include17_Include12_Include07,,6743204,6743204,6743204,2017,75,Region_1,,5403,East,866662,Dunklee Pond,1,New England,1070006,Merrimack River,New England Region,1,No,8,EASTERN TEMPERATE FORESTS,8.1,MIXED WOOD PLAINS,Dunklee Pond,NA,NA,NA,NLA17_17,,NA,"(4,10]",,,Included,NLALake,,,,,"(4,10]",,,Included,NH_NLA12NEW,,,"(4,10]",NLA17_17_NH,,Include2017_Include2017NH,NH,56.57142857,NA,,Non-Federal,2.427657529,1.07E+12,NHLAK700061001-01,PROB,NLA2012Frame and NH High Res Lake Frame,NH,,100,33011,Urban,59,Northeastern Coastal Zone,59h,Gulf of Maine Coastal Plain,,,1964513.555,843621.0916,,30.72222222,30.72222222,"(4,10]",43.5,9.46,Poor,Eutrophic,15.2,Fair,150,Good,21.6,Fair,Not Assessed,Good
NLA17_NH-10057,NLA17_17_OverSamp,44.84797539,-71.11840903,Dustan Pond,Target,Inaccessible-Effort,Inaccessible,NH Fish & Game stocks this pond via helicopter - no easy access,EHIGH,Eastern Highlands,NAP,Northern Appalachians,"(1,4]",2.519602833,No,,,,Include17_Include12_Include07,,19334083,19334083,19334083,2017,527,Region_1,,2895,East,866673,Dustan Pond,1,New England,1040001,Upper Androscoggin,New England Region,1,No,5,NORTHERN FORESTS,5.3,ATLANTIC HIGHLANDS,Dustan Pond,NA,NA,NA,NLA17_17,,NA,"(1,4]",,,Included,NLALake,,,,,"(1,4]",,,Included,NH_NLA12NEW,,,"(1,4]",NLA17_17_OverSamp,,Include2017_Include2017NH,NH,809,NA,,Non-Federal,0.703659118,1.04E+12,NHLAK400010502-06,PROB,NLA2012Frame and NH High Res Lake Frame,NH,,100,33007,Non-Urban,58,Northeastern Highlands,58m,Quebec/New England Boundary Mountains,,,1941327.329,1077615.372,,75.72727273,0,"(1,4]",0,,,,,,,,,,,
NLA17_NH-10052,NLA17_12RVT_OverSamp,43.36765664,-71.24468602,Brindle Pond,Target,TargetSampleable,TargetSampleable,,EHIGH,Eastern Highlands,NAP,Northern Appalachians,"(20,50]",34.10740133,No,NLA12_BASE,Include,42.05957434,,BELKNAP,6739062,6739062,6739062,2012,185.09,Region_1,118,,,865796,Brindle Pond,1,,1070006,,,1,No,5,,5.3,,Brindle Pond,,,,NLA12_TS,,,,,,,,,,Target_Sampled,NLA12_NH-108,"(20,50]",NLA12NAT,,,NH_NLA12NEW,Target,20.375,Equal,NLA17_12RVT_OverSamp,,,NH,252.3574461,,Non Federal,Non-Federal,2.681281544,1.07E+12,,PROB,,NH,NH,100,33001,Non-Urban,58,,58g,,42.05957434,NH_>4,1974206.013,915570.878,,14.58333333,14.58333333,"(20,50]",16,18.38,Poor,Eutrophic,7.6,Fair,415,Good,20.2,Fair,Good,Good
NLA17_NH-10058,NLA17_17_OverSamp,42.77160648,-71.42369856,Ottarnic Pond,Target,TargetSampleable,TargetSampleable,,EHIGH,Eastern Highlands,NAP,Northern Appalachians,"(10,20]",16.36947618,No,,,,Include17_Include12_Include07,,6743208,6743208,6743208,2017,49,Region_1,,5404,East,868943,Ottarnic Pond,1,New England,1070006,Merrimack River,New England Region,1,No,8,EASTERN TEMPERATE FORESTS,8.1,MIXED WOOD PLAINS,Ottarnic Pond,NA,NA,NA,NLA17_17,,NA,"NAP_NH_(10,20]",,,Included,NLALake,,,,,"(10,20]",,,Included,NH_NLA12NEW,,,"(10,20]",NLA17_17_OverSamp,,Include2017_Include2017NH,NH,250,NA,,Non-Federal,1.640230873,1.07E+12,NHLAK700061206-02,PROB,NLA2012Frame and NH High Res Lake Frame,NH,,100,33011,Urban,59,Northeastern Coastal Zone,59h,Gulf of Maine Coastal Plain,,,1977277.049,847501.5812,,23.09090909,23.09090909,"(10,20]",25.66666667,5.1,Fair,Mesotrophic,44.1,Fair,585,Fair,24.9,Fair,Fair,Good
NLA17_NH-10060,NLA17_17_OverSamp,43.30973609,-72.36777166,NA,NonTarget,Nontarget-MapError,Nontarget,,EHIGH,Eastern Highlands,NAP,Northern Appalachians,"(1,4]",1.314498656,No,,,,Include17_Exclude12_Exclude07,,120804761,0,NA,2017,163,Region_1,,484334,East,,NA,1,New England,1080106,Black-Ottauquechee,New England Region,1,No,5,NORTHERN FORESTS,5.3,ATLANTIC HIGHLANDS,NA,NA,NA,NA,NLA17_17,,NA,NA,,,NotPresent,NA,,,,NA,NA,,,NotPresent,NA,,,"(1,4]",NLA17_17_OverSamp,,Include2017_Exclude2017NH,NH,809,NA,,Private Landowner,0.456922,1.08E+12,NA,PROB,NHD High Res Lake Snapshot Only,NH,,100,33019,Non-Urban,58,Northeastern Highlands,58o,Northern Connecticut Valley,,,1888132.137,886489.9065,,75.72727273,0,"(1,4]",0,,,,,,,,,,,
NLA17_NH-10061,NLA17_17_OverSamp,44.5067158,-71.57345804,Kent Pond,NonTarget,Nontarget-NotLake,Nontarget,,EHIGH,Eastern Highlands,NAP,Northern Appalachians,"(1,4]",1.691195764,No,,,,Include17_Exclude12_Exclude07,,91154883,0,NA,2017,255,Region_1,,590923,East,867847,Kent Pond,1,New England,1080101,Upper Connecticut,New England Region,1,No,5,NORTHERN FORESTS,5.3,ATLANTIC HIGHLANDS,NA,NA,NA,NA,NLA17_17,,NA,NA,,,NotPresent,NA,,,,NA,NA,,,NotPresent,NA,,,"(1,4]",NLA17_17_OverSamp,,Include2017_Exclude2017NH,NH,809,NA,,Private Landowner,0.784878,1.08E+12,NA,PROB,NHD High Res Lake Snapshot Only,NH,,100,33007,Non-Urban,58,Northeastern Highlands,58o,Northern Connecticut Valley,,,1916276.75,1031648.613,,75.72727273,0,"(1,4]",0,,,,,,,,,,,
NLA17_NH-10062,NLA17_17_OverSamp,43.30244754,-70.99084818,NA,NonTarget,Nontarget-TooShallow,Nontarget,,EHIGH,Eastern Highlands,NAP,Northern Appalachians,"(1,4]",2.020538008,No,,,,Include17_Exclude12_Exclude07,,141033043,0,NA,2017,73,Region_1,,425336,East,,NA,1,New England,1060003,Piscataqua-Salmon Falls,New England Region,1,No,8,EASTERN TEMPERATE FORESTS,8.1,MIXED WOOD PLAINS,NA,NA,NA,NA,NLA17_17,,NA,NA,,,NotPresent,NA,,,,NA,NA,,,NotPresent,NA,,,"(1,4]",NLA17_17_OverSamp,,Include2017_Include2017NH,NH,809,NA,,Private Landowner,0.77539,1.06E+12,NHLAK600030603-02,PROB,NHD High Res Lake Snapshot and NH High Res Lake Frame,NH,,100,33017,Urban,59,Northeastern Coastal Zone,59h,Gulf of Maine Coastal Plain,,,1995876.193,913840.5153,,75.72727273,0,"(1,4]",0,,,,,,,,,,,
NLA17_NH-10059,NLA17_17_OverSamp,43.32589358,-71.86903569,Beaver Pond,Target,TargetSampleable,TargetSampleable,,EHIGH,Eastern Highlands,NAP,Northern Appalachians,"(10,20]",12.64613942,No,,,,Include17_Include12_Include07,,9328136,9328136,9328136,2017,229,Region_1,,5606,East,NA,,1,New England,1070003,Contoocook,New England Region,1,No,5,NORTHERN FORESTS,5.3,ATLANTIC HIGHLANDS,,NA,NA,NA,NLA17_17,,NA,"NAP_NH_(10,20]",,,Included,NLALake,,,,,"(10,20]",,,Included,NH_NLA12NEW,,,"(10,20]",NLA17_17_OverSamp,,Include2017_Include2017NH,NH,250,NA,,Non-Federal,1.803639411,1.07E+12,NHLAK700030304-09,PROB,NLA2012Frame and NH High Res Lake Frame,NH,,100,33013,Non-Urban,58,Northeastern Highlands,58g,Worchester/Monadnock Plateau,,,1926675.261,898247.4038,,23.09090909,23.09090909,"(10,20]",25.66666667,7.33,Fair,Eutrophic,3.3,Fair,425,Good,18,Fair,Good,Fair
NLA17_NH-10064,NLA17_17_OverSamp,42.85828402,-72.00978804,NA,NonTarget,Nontarget-Vegetated,Nontarget,2016 image shows no open water in pond.,EHIGH,Eastern Highlands,NAP,Northern Appalachians,"(1,4]",1.847828158,No,,,,Include17_Exclude12_Exclude07,,135999469,0,NA,2017,321,Region_1,,439622,East,,NA,1,New England,1070003,Contoocook,New England Region,1,No,5,NORTHERN FORESTS,5.3,ATLANTIC HIGHLANDS,NA,NA,NA,NA,NLA17_17,,NA,NA,,,NotPresent,NA,,,,NA,NA,,,NotPresent,NA,,,"(1,4]",NLA17_17_OverSamp,,Include2017_Exclude2017NH,NH,809,NA,,Private Landowner,0.678941,1.07E+12,NA,PROB,NHD High Res Lake Snapshot Only,NH,,100,33005,Urban,58,Northeastern Highlands,58g,Worchester/Monadnock Plateau,,,1928722.898,844828.0644,,75.72727273,0,"(1,4]",0,,,,,,,,,,,
NLA17_NH-10065,NLA17_17_OverSamp,43.09205671,-71.12645337,,Target,Inaccessible-Effort,Inaccessible,Inaccessable - a good distance from nearest road with heavy woods and wetland in between.,EHIGH,Eastern Highlands,NAP,Northern Appalachians,"(1,4]",1.896422996,No,,,,Include17_Include12_Include07,,5847266,5847266,5847266,2017,86,Region_1,,9331,East,NA,,1,New England,1060003,Piscataqua-Salmon Falls,New England Region,1,No,8,EASTERN TEMPERATE FORESTS,8.1,MIXED WOOD PLAINS,,NA,NA,NA,NLA17_17,,NA,"(1,4]",,,Included,NLALake,,,,NLA12_NH-139,"(1,4]",,,Included,NH_NLA12NEW,,,"(1,4]",NLA17_17_OverSamp,,Include2017_Exclude2017NH,NH,809,NA,,Non-Federal,0.648151391,1.06E+12,NA,PROB,NLA2012Frame Only,NH,,100,33015,Non-Urban,59,Northeastern Coastal Zone,59h,Gulf of Maine Coastal Plain,,,1991382.707,888304.7508,,75.72727273,0,"(1,4]",0,,,,,,,,,,,
NLA17_NH-10063,NLA17_17_OverSamp,43.87760186,-71.75199836,Ellsworth Pond,Target,TargetSampleable,TargetSampleable,,EHIGH,Eastern Highlands,NAP,Northern Appalachians,"(20,50]",20.1103754,No,,,,Include17_Include12_Include07,,6729131,6729131,6729131,2017,341,Region_1,,4848,East,871859,Ellsworth Pond,1,New England,1070001,Pemigewasset,New England Region,1,No,5,NORTHERN FORESTS,5.3,ATLANTIC HIGHLANDS,Ellsworth Pond,NA,NA,NA,NLA17_17,,NA,"NAP_NH_(20,50]",,,Included,NLALake,,,,,"(20,50]",,,Included,NH_NLA12NEW,,,"(20,50]",NLA17_17_OverSamp,,Include2017_Include2017NH,NH,167,NA,,National Forest FS,1.980872401,1.07E+12,NHLAK700010206-01,PROB,NLA2012Frame and NH High Res Lake Frame,NH,,100,33009,Non-Urban,58,Northeastern Highlands,58p,White Mountains/Blue Mountains,,,1920276.828,960202.2865,,14.58333333,14.58333333,"(20,50]",16,10.06,Poor,Eutrophic,3.8,Fair,305,Good,19.5,Fair,Good,Good
NLA17_NH-10066,NLA17_17_OverSamp,43.48232531,-71.30329055,Hills Pond,Target,TargetSampleable,TargetSampleable,,EHIGH,Eastern Highlands,NAP,Northern Appalachians,"(20,50]",32.74688356,No,,,,Include17_Include12_Include07,,6738926,6738926,6738926,2017,247,Region_1,,4906,East,867497,Hills Pond,1,New England,1070006,Merrimack River,New England Region,1,No,5,NORTHERN FORESTS,5.3,ATLANTIC HIGHLANDS,Hills Pond,NA,NA,NA,NLA17_17,,NA,"NAP_NH_(20,50]",,,Included,NLALake,,,,,"(20,50]",,,Included,NH_NLA12NEW,,,"(20,50]",NLA17_17_OverSamp,,Include2017_Include2017NH,NH,167,NA,,Non-Federal,3.435652685,1.07E+12,NHLAK700060401-04,PROB,NLA2012Frame and NH High Res Lake Frame,NH,,100,33001,Non-Urban,58,Northeastern Highlands,58r,Sebago-Ossipee Hills and Plains,,,1966348.891,926725.877,,14.58333333,14.58333333,"(20,50]",16,9.79,Poor,Eutrophic,3.8,Fair,355,Good,11.3,Good,Fair,Good
NLA17_NH-10067,NLA17_17_OverSamp,44.08673463,-71.00934545,Upper Kimball Pond,Target,TargetSampleable,TargetSampleable,,EHIGH,Eastern Highlands,NAP,Northern Appalachians,>50,67.35465331,No,,,,Include17_Include12_Include07,,9311489,9311489,9311489,2017,130,Region_1,,3898,East,872849,Upper Kimball Pond,1,New England,1060002,Saco,New England Region,1,No,5,NORTHERN FORESTS,5.3,ATLANTIC HIGHLANDS,Upper Kimball Pond,NA,NA,NA,NLA17_17,,NA,"NAP_NH_(50,100]",,,Included,NLALake,,,,,>50,,,Included,NH_NLA12NEW,,,>50,NLA17_17_OverSamp,,Include2017_Include2017NH,NH,186,NA,,National Forest FS,6.240135595,1.06E+12,NHLAK600020401-01,PROB,NLA2012Frame and NH High Res Lake Frame,NH,,100,33003,Non-Urban,58,Northeastern Highlands,58r,Sebago-Ossipee Hills and Plains,,,1971686.157,997954.0374,,11.8125,11.8125,>50,11.78571429,3.33,Good,Mesotrophic,5.4,Fair,315,Good,8.75,Good,Good,Good
NLA17_NH-10266,NLA17_17_NH_OverSamp,43.47322366,-71.30358066,Sunset Lake,Target,TargetSampleable,TargetSampleable,,EHIGH,Eastern Highlands,NAP,Northern Appalachians,>50,83.60734025,No,,,,Include17_Include12_Include07,,6738936,6738936,6738936,2017,246,Region_1,,5686,East,870288,Sunset Lake,1,New England,1070006,Merrimack River,New England Region,1,No,5,NORTHERN FORESTS,5.3,ATLANTIC HIGHLANDS,Sunset Lake,NA,NA,NA,NLA17_17,,NLA06608-1954,"NAP_NH_(50,100]",,,Included,NLALake,,,,,>50,,,Included,NH_NLA12NEW,,,>50,NLA17_17_NH_OverSamp,,Include2017_Include2017NH,NH,31.33333333,NA,,Non-Federal,4.545226748,1.07E+12,NHLAK700060401-12,PROB,NLA2012Frame and NH High Res Lake Frame,NH,,100,33001,Non-Urban,58,Northeastern Highlands,58r,Sebago-Ossipee Hills and Plains,,,1966587.371,925738.0301,,11.8125,11.8125,>50,11.78571429,1.49,Good,Oligotrophic,5,Fair,150,Good,8.43,Good,Not Assessed,Good
NLA17_NH-10267,NLA17_17_NH_OverSamp,42.83383192,-71.27367965,Mitchell Pond,Target,TargetSampleable,TargetSampleable,,EHIGH,Eastern Highlands,NAP,Northern Appalachians,"(4,10]",5.555957366,No,,,,Include17_Include12_Include07,,6743120,6743120,6743120,2017,75,Region_1,,5663,East,868507,Mitchell Pond,1,New England,1070006,Merrimack River,New England Region,1,No,8,EASTERN TEMPERATE FORESTS,8.1,MIXED WOOD PLAINS,Mitchell Pond,NA,NA,NA,NLA17_17,,NA,"(4,10]",,,Included,NLALake,,,,,"(4,10]",,,Included,NH_NLA12NEW,,,"(4,10]",NLA17_17_NH_OverSamp,,Include2017_Include2017NH,NH,56.57142857,NA,,Non-Federal,0.977172336,1.07E+12,NHLAK700061102-07,PROB,NLA2012Frame and NH High Res Lake Frame,NH,,100,33015,Urban,59,Northeastern Coastal Zone,59h,Gulf of Maine Coastal Plain,,,1987285.21,857351.4924,,30.72222222,30.72222222,"(4,10]",43.5,4.65,Fair,Mesotrophic,32.3,Fair,675,Poor,18.7,Fair,Not Assessed,Fair
NLA17_NH-10269,NLA17_17_NH_OverSamp,42.75605192,-72.0955738,,NonTarget,Nontarget-TooShallow,Nontarget,Based on recent google photo very overgrown and little open water,EHIGH,Eastern Highlands,NAP,Northern Appalachians,"(10,20]",15.02753881,No,,,,Include17_Include12_Include07,,9342943,9342943,9342943,2017,296,Region_1,,7707,East,NA,,1,New England,1080202,Miller,New England Region,1,No,5,NORTHERN FORESTS,5.3,ATLANTIC HIGHLANDS,,NA,NA,NA,NLA17_17,,NA,"NAP_NH_(10,20]",,,Included,NLALake,,,,,"(10,20]",,,Included,NH_NLA12NEW,,,"(10,20]",NLA17_17_NH_OverSamp,,Include2017_Include2017NH,NH,37.5,NA,,Non-Federal,1.854626064,1.08E+12,NHIMP802020103-08,PROB,NLA2012Frame and NH High Res Lake Frame,NH,,100,33005,Urban,58,Northeastern Highlands,58g,Worchester/Monadnock Plateau,,,1924815.684,832025.8244,,23.09090909,0,"(10,20]",0,,,,,,,,,,,
NLA17_NH-10270,NLA17_17_NH_OverSamp,43.99351712,-71.67906119,,NonTarget,Nontarget-NoRecAquatUse,Nontarget,,EHIGH,Eastern Highlands,NAP,Northern Appalachians,"(1,4]",1.666956244,No,,,,Include17_Include12_Include07,,6729013,6729013,6729013,2017,196,Region_1,,3435,East,NA,,1,New England,1070001,Pemigewasset,New England Region,1,No,5,NORTHERN FORESTS,5.3,ATLANTIC HIGHLANDS,,NA,NA,NA,NLA17_17,,NA,"(1,4]",,,Included,NLALake,,,,,"(1,4]",,,Included,NH_NLA12NEW,,,"(1,4]",NLA17_17_NH_OverSamp,,Include2017_Include2017NH,NH,89.71428571,NA,,Non-Federal,0.629920269,1.07E+12,NHLAK700010203-03,PROB,NLA2012Frame and NH High Res Lake Frame,NH,,100,33009,Non-Urban,58,Northeastern Highlands,58p,White Mountains/Blue Mountains,,,1922653.935,974185.2612,,75.72727273,0,"(1,4]",0,,,,,,,,,,,
NLA17_NH-10271,NLA17_17_NH_OverSamp,42.8741568,-70.95711321,,NonTarget,Nontarget-Other,Nontarget,90% of the lake is in Massachusetts and should be assigned to them.,EHIGH,Eastern Highlands,NAP,Northern Appalachians,"(1,4]",2.599639102,No,,,,Include17_Exclude12_Exclude07,,-6114,0,,2017,57.5,Region_1,,614626,East,,,1,New England,1070006,,New England Region,1,No,8,EASTERN TEMPERATE FORESTS,8.1,MIXED WOOD PLAINS,,,,,NLA17_17,,,,,,NotPresent,,,,,,,,,NotPresent,,,,"(1,4]",NLA17_17_NH_OverSamp,,Include2017_Include2017NH,NH,89.71428571,,,Unknown,1.101155924,1.07E+12,NHLAK700061403-11,PROB,NH High Res Lake Frame Only,NH,,100,33015,Urban,59,Northeastern Coastal Zone,59f,Gulf of Maine Coastal Lowland,,,2010966.597,868362.949,,75.72727273,0,"(1,4]",0,,,,,,,,,,,
NLA17_NH-10272,NLA17_17_NH_OverSamp,43.02763706,-71.80940178,Pleasant Pond,Target,TargetSampleable,TargetSampleable,,EHIGH,Eastern Highlands,NAP,Northern Appalachians,>50,73.58961573,No,,,,Include17_Include12_Include07,,6739522,6739522,6739522,2017,248,Region_1,,536,East,869255,Pleasant Pond,1,New England,1070006,Merrimack River,New England Region,1,No,5,NORTHERN FORESTS,5.3,ATLANTIC HIGHLANDS,Pleasant Pond,NA,NA,NA,NLA17_17,,NA,"NAP_NH_(50,100]",,,Included,NLALake,,,,,>50,,,Included,NH_NLA12NEW,,,>50,NLA17_17_NH_OverSamp,,Include2017_Include2017NH,NH,31.33333333,NA,,Non-Federal,4.60995007,1.07E+12,NHLAK700060604-01,PROB,NLA2012Frame and NH High Res Lake Frame,NH,,100,33011,Non-Urban,58,Northeastern Highlands,58g,Worchester/Monadnock Plateau,,,1939720.951,867222.097,,11.8125,11.8125,>50,11.78571429,3.82,Good,Mesotrophic,4.1,Fair,295,Good,10.5,Good,Not Assessed,Good
NLA17_NH-10273,NLA17_17_NH_OverSamp,43.89988506,-71.1718276,Blue Pond,Target,AccessDenied,AccessDenied,,EHIGH,Eastern Highlands,NAP,Northern Appalachians,"(1,4]",2.585190378,No,,,,Include17_Include12_Include07,,9315131,9315131,9315131,2017,150,Region_1,,4579,East,871540,Blue Pond,1,New England,1060002,Saco,New England Region,1,No,5,NORTHERN FORESTS,5.3,ATLANTIC HIGHLANDS,Blue Pond,NA,NA,NA,NLA17_17,,NA,"(1,4]",,,Included,NLALake,,,,,"(1,4]",,,Included,NH_NLA12NEW,,,"(1,4]",NLA17_17_NH_OverSamp,,Include2017_Include2017NH,NH,89.71428571,NA,,Non-Federal,0.690088919,1.06E+12,NHLAK600020801-01,PROB,NLA2012Frame and NH High Res Lake Frame,NH,,100,33003,Non-Urban,58,Northeastern Highlands,58r,Sebago-Ossipee Hills and Plains,,,1964542.935,974463.6859,,75.72727273,0,"(1,4]",0,,,,,,,,,,,
NLA17_NH-10274,NLA17_17_NH_OverSamp,44.6337142,-71.23817315,Pontook Reservoir,Target,TargetSampleable,TargetSampleable,,EHIGH,Eastern Highlands,NAP,Northern Appalachians,>50,160.5207259,No,,,,Include17_Include12_Include07,,19334173,19334173,19334173,2017,356,Region_1,,2969,East,865183,Pontook Reservoir,1,New England,1040001,Upper Androscoggin,New England Region,1,No,5,NORTHERN FORESTS,5.3,ATLANTIC HIGHLANDS,Pontook Reservoir,NA,NA,NA,NLA17_17,,NA,"NAP_NH_(100,50000]",,,Included,NLALake,,,,,>50,,,Included,NH_NLA12NEW,,,>50,NLA17_17_NH_OverSamp,,Include2017_Include2017NH,NH,31.33333333,NA,,Non-Federal,22.80692691,1.04E+12,NHLAK400010602-11,PROB,NLA2012Frame and NH High Res Lake Frame,NH,,100,33007,Non-Urban,58,Northeastern Highlands,58m,Quebec/New England Boundary Mountains,,,1938341.981,1052123.129,,11.8125,11.8125,>50,11.78571429,1.26,Good,Oligotrophic,7.6,Fair,335,Good,15.2,Good,Not Assessed,Good
NLA17_NH-10275,NLA17_17_NH_OverSamp,43.46370044,-71.12742354,Marchs Pond,Target,TargetSampleable,TargetSampleable,,EHIGH,Eastern Highlands,NAP,Northern Appalachians,"(20,50]",29.05998975,No,,,,Include17_Include12_Include07,,5846556,5846556,5846556,2017,268,Region_1,,3417,East,868261,Marchs Pond,1,New England,1060003,Piscataqua-Salmon Falls,New England Region,1,No,5,NORTHERN FORESTS,5.3,ATLANTIC HIGHLANDS,Marchs Pond,NA,NA,NA,NLA17_17,,NA,"NAP_NH_(20,50]",,,Included,NLALake,,,,,"(20,50]",,,Included,NH_NLA12NEW,,,"(20,50]",NLA17_17_NH_OverSamp,,Include2017_Include2017NH,NH,28.33333333,NA,,Non-Federal,2.755182601,1.06E+12,NHLAK600030601-04,PROB,NLA2012Frame and NH High Res Lake Frame,NH,,100,33017,Non-Urban,58,Northeastern Highlands,58r,Sebago-Ossipee Hills and Plains,,,1980569.31,928369.2471,,14.58333333,14.58333333,"(20,50]",16,2.34,Good,Mesotrophic,5.3,Fair,545,Fair,10.3,Good,Not Assessed,Good
NLA17_NH-10276,NLA17_17_NH_OverSamp,43.05033381,-72.07903941,Reeds Pond,Target,TargetSampleable,TargetSampleable,,EHIGH,Eastern Highlands,NAP,Northern Appalachians,"(1,4]",2.209568172,No,,,,Include17_Exclude12_Exclude07,,135999100,0,NA,2017,389,Region_1,,463068,East,,NA,1,New England,1070003,Contoocook,New England Region,1,No,5,NORTHERN FORESTS,5.3,ATLANTIC HIGHLANDS,NA,NA,NA,NA,NLA17_17,,NA,NA,,,NotPresent,NA,,,,NA,NA,,,NotPresent,NA,,,"(1,4]",NLA17_17_NH_OverSamp,,Include2017_Include2017NH,NH,89.71428571,NA,,Private Landowner,0.610961,1.07E+12,NHIMP700030202-01,PROB,NHD High Res Lake Snapshot and NH High Res Lake Frame,NH,,100,33005,Urban,58,Northeastern Highlands,58q,Sunapee Uplands,,,1917929.857,864203.9647,,75.72727273,75.72727273,"(1,4]",208.25,7.93,Fair,Eutrophic,2.4,Fair,425,Good,19.8,Fair,Not Assessed,Good
NLA17_NH-10277,NLA17_17_NH_OverSamp,44.77132945,-71.09617507,Mountain Pond,Target,Inaccessible-Effort,Inaccessible,,EHIGH,Eastern Highlands,NAP,Northern Appalachians,"(4,10]",6.33695731,No,,,,Include17_Include12_Include07,,19334147,19334147,19334147,2017,384,Region_1,,2846,East,868620,Mountain Pond,1,New England,1040001,Upper Androscoggin,New England Region,1,No,5,NORTHERN FORESTS,5.3,ATLANTIC HIGHLANDS,Mountain Pond,NA,NA,NA,NLA17_17,,NA,"(4,10]",,,Included,NLALake,,,,,"(4,10]",,,Included,NH_NLA12NEW,,,"(4,10]",NLA17_17_NH_OverSamp,,Include2017_Include2017NH,NH,56.57142857,NA,,National Wildlife Refuge FWS,1.034404343,1.04E+12,NHLAK400010305-02,PROB,NLA2012Frame and NH High Res Lake Frame,NH,,100,33007,Non-Urban,58,Northeastern Highlands,58m,Quebec/New England Boundary Mountains,,,1945232.745,1069828.313,,30.72222222,0,"(4,10]",0,,,,,,,,,,,
NLA17_NH-10278,NLA17_17_NH_OverSamp,42.83030211,-71.80655823,,NonTarget,Nontarget-Other,Nontarget,Run-of–the-river reservoir with retention time < 1 week,EHIGH,Eastern Highlands,NAP,Northern Appalachians,"[0,1]",0.165155856,No,,,,Exclude17_Exclude12_Exclude07,,-11725,0,,2017,159.71,Region_1,,614779,East,,,1,New England,1070006,,New England Region,1,No,5,NORTHERN FORESTS,5.3,ATLANTIC HIGHLANDS,,,,,NLA17_17,,,,,,NotPresent,,,,,,,,,NotPresent,,,,"[0,1]",NLA17_17_NH_OverSamp,,Exclude2017_Include2017NH,NH,110.2857143,,,Unknown,0.165721056,1.07E+12,NHIMP700060902-09,PROB,NH High Res Lake Frame Only,NH,,100,33011,Non-Urban,58,Northeastern Highlands,58g,Worchester/Monadnock Plateau,,,1945496.234,845943.9163,,75.9,0,"[0,1]",0,,,,,,,,,,,
NLA17_NH-10279,NLA17_17_NH_OverSamp,43.68244276,-71.55035684,Bear Pond,Target,TargetSampleable,TargetSampleable,,EHIGH,Eastern Highlands,NAP,Northern Appalachians,"(4,10]",5.38357903,No,,,,Include17_Include12_Include07,,6738158,6738158,6738158,2017,186,Region_1,,4882,East,865459,Bear Pond,1,New England,1070002,Winnipesaukee River,New England Region,1,No,5,NORTHERN FORESTS,5.3,ATLANTIC HIGHLANDS,Bear Pond,NA,NA,NA,NLA17_17,,NA,"(4,10]",,,Included,NLALake,,,,,"(4,10]",,,Included,NH_NLA12NEW,,,"(4,10]",NLA17_17_NH_OverSamp,,Include2017_Include2017NH,NH,56.57142857,NA,,Non-Federal,0.880369971,1.07E+12,NHLAK700020108-01,PROB,NLA2012Frame and NH High Res Lake Frame,NH,,100,33001,Non-Urban,58,Northeastern Highlands,58r,Sebago-Ossipee Hills and Plains,,,1941433.01,943237.384,,30.72222222,30.72222222,"(4,10]",43.5,5.32,Fair,Mesotrophic,10.1,Fair,335,Good,9.17,Good,Not Assessed,Good
NLA17_NH-10280,NLA17_17_NH_OverSamp,42.97839687,-71.32121749,Calef Pond,Target,TargetSampleable,TargetSampleable,,EHIGH,Eastern Highlands,NAP,Northern Appalachians,"(10,20]",12.89681458,No,,,,Include17_Include12_Include07,,6742926,6742926,6742926,2017,98,Region_1,,5573,East,865906,Calef Pond,1,New England,1070006,Merrimack River,New England Region,1,No,8,EASTERN TEMPERATE FORESTS,8.1,MIXED WOOD PLAINS,Calef Pond,NA,NA,NA,NLA17_17,,NA,"NAP_NH_(10,20]",,,Included,NLALake,,,,,"(10,20]",,,Included,NH_NLA12NEW,,,"(10,20]",NLA17_17_NH_OverSamp,,Include2017_Include2017NH,NH,37.5,NA,,Non-Federal,2.319183607,1.07E+12,NHLAK700060703-01,PROB,NLA2012Frame and NH High Res Lake Frame,NH,,100,33015,Urban,59,Northeastern Coastal Zone,59h,Gulf of Maine Coastal Plain,,,1979403.494,871968.5401,,23.09090909,23.09090909,"(10,20]",25.66666667,23.39,Poor,Eutrophic,8.3,Fair,755,Poor,24.9,Fair,Not Assessed,Good
NLA17_NH-10281,NLA17_17_NH_OverSamp,43.21368475,-71.38096356,,NonTarget,Nontarget-Vegetated,Nontarget,,EHIGH,Eastern Highlands,NAP,Northern Appalachians,"[0,1]",0.054040474,No,,,,Exclude17_Exclude12_Exclude07,,-11773,0,,2017,94.15,Region_1,,614841,East,,,1,New England,1070006,,New England Region,1,No,8,EASTERN TEMPERATE FORESTS,8.1,MIXED WOOD PLAINS,,,,,NLA17_17,,,,,,NotPresent,,,,,,,,,NotPresent,,,,"[0,1]",NLA17_17_NH_OverSamp,,Exclude2017_Include2017NH,NH,110.2857143,,,Unknown,0.106737184,1.07E+12,NHIMP700060503-15,PROB,NH High Res Lake Frame Only,NH,,100,33013,Urban,59,Northeastern Coastal Zone,59h,Gulf of Maine Coastal Plain,,,1967987.095,896128.8649,,75.9,0,"[0,1]",0,,,,,,,,,,,
NLA17_NH-10282,NLA17_17_NH_OverSamp,42.81833417,-72.184812,Sand Pond,Target,TargetSampleable,TargetSampleable,,EHIGH,Eastern Highlands,NAP,Northern Appalachians,"(4,10]",5.438523715,No,,,,Include17_Include12_Include07,,6777431,6777431,6777431,2017,301,Region_1,,7096,East,NA,,1,New England,1080201,Middle Connecticut,New England Region,1,No,5,NORTHERN FORESTS,5.3,ATLANTIC HIGHLANDS,,NA,NA,NA,NLA17_17,,NA,"(4,10]",,,Included,NLALake,,,,,"(4,10]",,,Included,NH_NLA12NEW,,,"(4,10]",NLA17_17_NH_OverSamp,,Include2017_Include2017NH,NH,56.57142857,NA,,Non-Federal,1.377112401,1.08E+12,NHLAK802010303-07,PROB,NLA2012Frame and NH High Res Lake Frame,NH,,100,33005,Non-Urban,58,Northeastern Highlands,58g,Worchester/Monadnock Plateau,,,1916055.526,836964.1083,,30.72222222,30.72222222,"(4,10]",43.5,4.17,Good,Mesotrophic,3.4,Fair,415,Good,11.7,Good,Fair,Good
NLA17_NH-10283,NLA17_17_NH_OverSamp,43.86097372,-71.9317726,Tural Reservoir,Target,TargetSampleable,TargetSampleable,,EHIGH,Eastern Highlands,NAP,Northern Appalachians,"(10,20]",10.22213623,No,,,,Include17_Include12_Include07,,6729145,6729145,6729145,2017,280,Region_1,,4851,East,NA,,1,New England,1070001,Pemigewasset,New England Region,1,No,5,NORTHERN FORESTS,5.3,ATLANTIC HIGHLANDS,,NA,NA,NA,NLA17_17,,NA,"NAP_NH_(10,20]",,,Included,NLALake,,,,,"(10,20]",,,Included,NH_NLA12NEW,,,"(10,20]",NLA17_17_NH_OverSamp,,Include2017_Include2017NH,NH,37.5,NA,,Non-Federal,1.429359621,1.07E+12,NHIMP700010303-03,PROB,NLA2012Frame and NH High Res Lake Frame,NH,,100,33009,Non-Urban,58,Northeastern Highlands,58n,White Mountain Foothills,,,1906811.545,954787.2662,,23.09090909,23.09090909,"(10,20]",25.66666667,3.65,Good,Mesotrophic,8.4,Fair,335,Good,7.92,Good,Fair,Good
NLA17_NH-10284,NLA17_17_NH_OverSamp,43.12652986,-71.07346367,Cedar Waters,Target,AccessDenied,AccessDenied,Gated community no access allowed,EHIGH,Eastern Highlands,NAP,Northern Appalachians,"(4,10]",6.595281121,No,,,,Include17_Include12_Include07,,5847186,5847186,5847186,2017,68,Region_1,,4267,East,866067,Cedar Waters,1,New England,1060003,Piscataqua-Salmon Falls,New England Region,1,No,8,EASTERN TEMPERATE FORESTS,8.1,MIXED WOOD PLAINS,Cedar Waters,NA,NA,NA,NLA17_17,,NA,"(4,10]",,,Included,NLALake,,,,,"(4,10]",,,Included,NH_NLA12NEW,,,"(4,10]",NLA17_17_NH_OverSamp,,Include2017_Include2017NH,NH,56.57142857,NA,,Non-Federal,1.100898833,1.06E+12,NHLAK600030707-05,PROB,NLA2012Frame and NH High Res Lake Frame,NH,,100,33015,Non-Urban,59,Northeastern Coastal Zone,59h,Gulf of Maine Coastal Plain,,,1994529.065,893134.9539,,30.72222222,0,"(4,10]",0,,,,,,,,,,,
NLA17_NH-10285,NLA17_17_NH_OverSamp,43.29075992,-72.20695959,Gilman Pond,Target,TargetSampleable,TargetSampleable,,EHIGH,Eastern Highlands,NAP,Northern Appalachians,"(20,50]",28.27091174,No,,,,Include17_Include12_Include07,,9328502,9328502,9328502,2017,387,Region_1,,6156,East,867070,Gilman Pond,1,New England,1080106,Black-Ottauquechee,New England Region,1,No,5,NORTHERN FORESTS,5.3,ATLANTIC HIGHLANDS,Gilman Pond,NA,NA,NA,NLA17_17,,NA,"NAP_NH_(20,50]",,,Included,NLALake,,,,,"(20,50]",,,Included,NH_NLA12NEW,,,"(20,50]",NLA17_17_NH_OverSamp,,Include2017_Include2017NH,NH,28.33333333,NA,,Non-Federal,2.614065927,1.08E+12,NHLAK801060403-01,PROB,NLA2012Frame and NH High Res Lake Frame,NH,,100,33019,Urban,58,Northeastern Highlands,58q,Sunapee Uplands,,,1901236.763,887642.8267,,14.58333333,14.58333333,"(20,50]",16,0.76,Good,Oligotrophic,8.9,Fair,355,Good,10.3,Good,Good,Good
NLA17_NH-10286,NLA17_17_NH_OverSamp,42.95562787,-72.18087528,Woodward Pond,Target,TargetSampleable,TargetSampleable,,EHIGH,Eastern Highlands,NAP,Northern Appalachians,>50,59.7552315,No,,,,Include17_Include12_Include07,,6777267,6777267,6777267,2017,404,Region_1,,5947,East,871000,Woodward Pond,1,New England,1080201,Middle Connecticut,New England Region,1,No,5,NORTHERN FORESTS,5.3,ATLANTIC HIGHLANDS,Woodward Pond,NA,NA,NA,NLA17_17,,NA,"NAP_NH_(50,100]",,,Included,NLALake,,,,,>50,,,Included,NH_NLA12NEW,,,>50,NLA17_17_NH_OverSamp,,Include2017_Include2017NH,NH,31.33333333,NA,,Non-Federal,5.782337852,1.08E+12,NHIMP802010202-05,PROB,NLA2012Frame and NH High Res Lake Frame,NH,,100,33005,Urban,58,Northeastern Highlands,58q,Sunapee Uplands,,,1912560.954,851903.9855,,11.8125,11.8125,>50,11.78571429,0.99,Good,Oligotrophic,1.7,Fair,375,Good,11.6,Good,Not Assessed,Good
NLA17_NH-10287,NLA17_17_NH_OverSamp,43.73732684,-71.56118288,Squam Lake,Target,TargetSampleable,TargetSampleable,,EHIGH,Eastern Highlands,NAP,Northern Appalachians,>50,2713.58043,No,,,,Include17_Include12_Include07,,6729259,6729259,6729259,2017,170,Region_1,,4870,East,872720,Squam Lake,1,New England,1070001,Pemigewasset,New England Region,1,No,5,NORTHERN FORESTS,5.3,ATLANTIC HIGHLANDS,Squam Lake,NA,NA,NA,NLA17_17,,NA,"NAP_NH_(100,50000]",,,Included,NLALake,,,,,>50,,,Included,NH_NLA12NEW,,,>50,NLA17_17_NH_OverSamp,,Include2017_Include2017NH,NH,31.33333333,NA,,Non-Federal,95.25779906,1.07E+12,NHLAK700010501-04-01,PROB,NLA2012Frame and NH High Res Lake Frame,NH,,100,33009,Non-Urban,58,Northeastern Highlands,58r,Sebago-Ossipee Hills and Plains,,,1939034.897,948938.7094,,11.8125,11.8125,>50,11.78571429,0.67,Good,Oligotrophic,6.6,Fair,325,Good,7.61,Good,Not Assessed,Good
NLA17_NH-10288,NLA17_17_NH_OverSamp,44.44216796,-71.60615317,Martin Meadow Pond,Target,TargetSampleable,TargetSampleable,,EHIGH,Eastern Highlands,NAP,Northern Appalachians,>50,52.6994472,No,,,,Include17_Include12_Include07,,4593503,4593503,4593503,2017,326,Region_1,,7071,East,868288,Martin Meadow Pond,1,New England,1080103,Waits,New England Region,1,No,5,NORTHERN FORESTS,5.3,ATLANTIC HIGHLANDS,Martin Meadow Pond,NA,NA,NA,NLA17_17,,NLA06608-1318,"NAP_NH_(50,100]",,,Included,NLALake,,,,,>50,,,Included,NH_NLA12NEW,,,>50,NLA17_17_NH_OverSamp,,Include2017_Include2017NH,NH,31.33333333,NA,,Non-Federal,3.687623874,1.08E+12,NHLAK801030102-02,PROB,NLA2012Frame and NH High Res Lake Frame,NH,,100,33007,Non-Urban,58,Northeastern Highlands,58n,White Mountain Foothills,,,1915594.111,1024034.168,,11.8125,11.8125,>50,11.78571429,2.69,Good,Mesotrophic,15.2,Fair,565,Fair,12.6,Good,Not Assessed,Good
NLA17_NH-10289,NLA17_17_NH_OverSamp,43.16539596,-71.14875089,Kenison Pond,Target,TargetSampleable,TargetSampleable,,EHIGH,Eastern Highlands,NAP,Northern Appalachians,"(4,10]",6.126169448,No,,,,Include17_Include12_Include07,,5847114,5847114,5847114,2017,95,Region_1,,4302,East,867839,Kenison Pond,1,New England,1060003,Piscataqua-Salmon Falls,New England Region,1,No,8,EASTERN TEMPERATE FORESTS,8.1,MIXED WOOD PLAINS,Kenison Pond,NA,NA,NA,NLA17_17,,NA,"(4,10]",,,Included,NLALake,,,,,"(4,10]",,,Included,NH_NLA12NEW,,,"(4,10]",NLA17_17_NH_OverSamp,,Include2017_Include2017NH,NH,56.57142857,NA,,Non-Federal,1.023533775,1.06E+12,NHLAK600030705-01,PROB,NLA2012Frame and NH High Res Lake Frame,NH,,100,33015,Non-Urban,59,Northeastern Coastal Zone,59h,Gulf of Maine Coastal Plain,,,1987520.804,895750.3678,,30.72222222,30.72222222,"(4,10]",43.5,19.96,Poor,Eutrophic,6.5,Fair,705,Poor,25.7,Fair,Good,Good
NLA17_NH-10290,NLA17_17_NH_OverSamp,43.28581491,-72.04679027,NA,Target,AccessDenied,AccessDenied,,EHIGH,Eastern Highlands,NAP,Northern Appalachians,"(1,4]",1.359302953,No,,,,Include17_Exclude12_Exclude07,,135998422,0,NA,2017,423,Region_1,,577418,East,,NA,1,New England,1070003,Contoocook,New England Region,1,No,5,NORTHERN FORESTS,5.3,ATLANTIC HIGHLANDS,NA,NA,NA,NA,NLA17_17,,NA,NA,,,NotPresent,NA,,,,NA,NA,,,NotPresent,NA,,,"(1,4]",NLA17_17_NH_OverSamp,,Include2017_Include2017NH,NH,89.71428571,NA,,Private Landowner,0.508929,1.07E+12,NHIMP700030301-01,PROB,NHD High Res Lake Snapshot and NH High Res Lake Frame,NH,,100,33013,Non-Urban,58,Northeastern Highlands,58q,Sunapee Uplands,,,1913901.908,890323.0275,,75.72727273,0,"(1,4]",0,,,,,,,,,,,
NLA17_NH-10291,NLA17_17_NH_OverSamp,43.6659211,-72.28971884,Boston Lot Lake,Target,TargetSampleable,TargetSampleable,,EHIGH,Eastern Highlands,NAP,Northern Appalachians,"(10,20]",17.54747963,No,,,,Include17_Include12_Include07,,9326580,9326580,9326580,2017,194,Region_1,,7827,East,865719,Boston Lot Lake,1,New England,1080104,Upper Connecticut-Mascoma,New England Region,1,No,5,NORTHERN FORESTS,5.3,ATLANTIC HIGHLANDS,Boston Lot Lake,NA,NA,NA,NLA17_17,,NA,"NAP_NH_(10,20]",,,Included,NLALake,,,,,"(10,20]",,,Included,NH_NLA12NEW,,,"(10,20]",NLA17_17_NH_OverSamp,,Include2017_Include2017NH,NH,37.5,NA,,Non-Federal,1.84996946,1.08E+12,NHLAK801040402-01,PROB,NLA2012Frame and NH High Res Lake Frame,NH,,100,33009,Urban,58,Northeastern Highlands,58f,Vermont Piedmont,,,1884421.801,926569.9486,,23.09090909,23.09090909,"(10,20]",25.66666667,17.88,Poor,Eutrophic,10.7,Fair,355,Good,16.7,Fair,Not Assessed,Good
NLA17_NH-10292,NLA17_17_NH_OverSamp,44.51769592,-71.22688839,Head Pond,Target,TargetSampleable,TargetSampleable,,EHIGH,Eastern Highlands,NAP,Northern Appalachians,"(20,50]",33.85955879,No,,,,Include17_Include12_Include07,,4592753,4592753,4592753,2017,322,Region_1,,7064,East,867430,Head Pond,1,New England,1080101,Upper Connecticut,New England Region,1,No,5,NORTHERN FORESTS,5.3,ATLANTIC HIGHLANDS,Head Pond,NA,NA,NA,NLA17_17,,NA,"NAP_NH_(20,50]",,,Included,NLALake,,,,,"(20,50]",,,Included,NH_NLA12NEW,,,"(20,50]",NLA17_17_NH_OverSamp,,Include2017_Include2017NH,NH,28.33333333,NA,,Non-Federal,3.055003841,1.08E+12,NHLAK801010703-02,PROB,NLA2012Frame and NH High Res Lake Frame,NH,,100,33007,Non-Urban,58,Northeastern Highlands,58m,Quebec/New England Boundary Mountains,,,1942535.89,1039867.268,,14.58333333,14.58333333,"(20,50]",16,5.55,Fair,Mesotrophic,7.3,Fair,555,Fair,14.1,Good,Not Assessed,Good
