"LAKE_ID","FID","Shape","siteID","ycoord","xcoord","PANEL_USE","STRATUM","PROB_CAT","AREA_CAT","AREA_HA","PSTL_CODE","STATE_NM","GNIS_ID","GNIS_NAME","BORD_LAKE","STATE_PCT","ELEV","PERM_ID","REACHCODE_2","REACHCODE","FTYPE","FCODE","Eval_Status","SAMPLING_YR","SAMPLE_DATE","phos_trophic","chla_trophic","TP_threshold","TN_threshold","CHLA_threshold","microcystin","d.oxygen","statusTNT","keep","WgtAdj"
"0603SPE0013",0,"Point","LAK20_NY-10001",42.247516,-76.500256,"Base20_20","New_York","(20,50]","(20,50]",29.267256,"NY","New York",965985,"Spencer Lake","Not_Border",100,309.1,"46467273","W02050103001501",2.05e+12,"LakePond",-26527,"Target_Sampled",2020,2020-07-22,"oligotrophic","oligotrophic","Good",,"Good","Non-detect","Fair","Target","yes",29.3333333333333
"",1,"Point","LAK20_NY-10002",41.217607,-73.966415,"Base20_20","New_York","(10,20]","(10,20]",13.432859,"NY","New York",," ","Not_Border",100,0,"55487895","W02030101003247",2.03e+12,"LakePond",-26532,"NonTarget",2020,,,,,,,"Non-detect",,"NonTarget","yes",55.7222222222222
"",2,"Point","LAK20_NY-10003",43.977775,-73.659532,"Base20_20","New_York","(4,10]","(4,10]",4.345209,"NY","New York",," ","Not_Border",100,0,"167100662","W02020001007470",2.02e+12,"LakePond",-26532,"NonTarget",2020,,,,,,,"Non-detect",,"NonTarget","yes",166
"0801UWB0945",3,"Point","LAK20_NY-10004",43.438308,-75.12247,"Base20_20","New_York","(1,4]","(1,4]",3.540147,"NY","New York",," ","Not_Border",100,0,"131846888","W04150101002803",4.15e+12,"LakePond",-26532,"Target_NoOwnerAccess",2020,,,,,,,"Non-detect",,"Target","yes",63.0344827586207
"1306LYO0789A",4,"Point","LAK20_NY-10005",41.780463,-74.360552,"Base20_20","New_York","(10,20]","(10,20]",16.496888,"NY","New York",956190,"Lyon Lake","Not_Border",100,582,"61766145","W02020007001284",2.02e+12,"LakePond",-26527,"Target_NoOwnerAccess",2020,,,,,,,"Non-detect",,"Target","yes",55.7222222222222
"0903UWBXXX1",5,"Point","LAK20_NY-10006",44.031818,-74.708932,"Base20_20","New_York","(1,4]","(1,4]",3.169248,"NY","New York",," ","Not_Border",100,0,"132436455","W04150305004648",4.15e+12,"LakePond",-26532,"Target_NoOwnerAccess",2020,,,,,,,"Non-detect",,"Target","yes",63.0344827586207
"0903BRI0178",6,"Point","LAK20_NY-10007",44.16336,-74.583593,"Base20_20","New_York",">50",">50",74.074395,"NY","New York",976024,"Bridge Brook Pond","Not_Border",100,486,"132434735","W04150305001391",4.15e+12,"LakePond",-26527,"Target_Sampled",2020,2020-09-01,"mesotrophic","eutrophic","Good","Good","Poor","Non-detect","Good","Target","yes",15.1515151515152
"1311DUA0290",7,"Point","LAK20_NY-10008",42.797495,-74.184537,"Base20_20","New_York","(10,20]","(10,20]",12.988824,"NY","New York",948719,"Duanespurg Reservoir","Not_Border",100,409.3,"52843955","W02020006001518",2.02e+12,"LakePond",-26527,"Target_NoOwnerAccess",2020,,,,,,,"Non-detect",,"Target","yes",55.7222222222222
"",8,"Point","LAK20_NY-10009",41.061397,-71.922242,"Base20_20","New_York",">50",">50",436.099767,"NY","New York",957544,"Lake Montauk","Not_Border",100,0,"139724819","W02030202001211",2.03e+12,"LakePond",-26532,"NonTarget",2020,,,,,,,"Non-detect",,"NonTarget","yes",15.1515151515152
"0903OTT0049",9,"Point","LAK20_NY-10010",44.368033,-74.594789,"Base20_20","New_York","(4,10]","(4,10]",4.523237,"NY","New York",976782,"Otter Pond","Not_Border",100,461.2,"132433637","W04150305001294",4.15e+12,"LakePond",-26527,"Target_NoOwnerAccess",2020,,,,,,,"Non-detect",,"Target","yes",166
"0703UWBXXX1",10,"Point","LAK20_NY-10011",43.320542,-76.051602,"Base20_20","New_York","(1,4]","(1,4]",3.896145,"NY","New York",," ","Not_Border",100,0,"167069862","W04140202007591",4.14e+12,"LakePond",-26532,"Target_Sampled",2020,2020-07-07,"eutrophic",,"Poor","Poor",,"Non-detect","Fair","Target","yes",63.0344827586207
"1104ALG0276A",11,"Point","LAK20_NY-10012",43.396201,-74.293145,"Base20_20","New_York",">50",">50",104.913395,"NY","New York",942322,"Lake Algonquin","Not_Border",100,0,"47722801","W02020002001119",2.02e+12,"LakePond",-26532,"Target_Sampled",2020,2020-07-09,"mesotrophic","mesotrophic","Good","Good","Fair","Non-detect","Fair","Target","yes",15.1515151515152
"1601UWBXXX1",12,"Point","LAK20_NY-10013",41.79477,-73.54446,"Base20_20","New_York","(1,4]","(1,4]",3.455435,"NY","New York",," ","Not_Border",100,0,"715db016-daf4-46c1-a09d-dbf82509fb72","W01100005024933",1.1e+12,"LakePond",-26536,"Target_Sampled",2020,2020-08-03,"oligotrophic","oligotrophic","Good","Good","Good","Non-detect","Fair","Target","yes",63.0344827586207
"1104DUR0641A",13,"Point","LAK20_NY-10014",43.842867,-74.410379,"Base20_20","New_York",">50",">50",147.558105,"NY","New York",," ","Not_Border",100,539.6,"89363797","W02020001001729",2.02e+12,"LakePond",-26527,"Target_Sampled",2020,2020-09-01,"oligotrophic","mesotrophic","Good","Fair","Good","Non-detect","Good","Target","yes",15.1515151515152
"0601UWB5514",14,"Point","LAK20_NY-10015",42.49979,-75.15594,"Base20_20","New_York","(1,4]","(1,4]",3.268062,"NY","New York",," ","Not_Border",100,0,"43496130","W02050101002299",2.05e+12,"LakePond",-26532,"Target_NoOwnerAccess",2020,,,,,,,"Non-detect",,"Target","yes",63.0344827586207
"1005SUN0440",15,"Point","LAK20_NY-10016",43.375425,-73.639666,"Base20_20","New_York","(10,20]","(10,20]",15.900972,"NY","New York",966819,"Lake Sunnyside","Not_Border",100,109.1,"52533139","W04150401003343",4.15e+12,"LakePond",-26527,"Target_Sampled",2020,2020-08-23,"oligotrophic","mesotrophic","Good","Good","Good","Non-detect",,"Target","yes",55.7222222222222
"0502MILXXX1",16,"Point","LAK20_NY-10017",42.375685,-77.097083,"Base20_20","New_York",">50",">50",66.250716,"NY","New York",957277,"Mill Pond","Not_Border",100,335,"48525034","W02050105002721",2.05e+12,"LakePond",-26527,"Target_Sampled",2020,2020-07-22,"eutrophic","eutrophic","Poor","Poor","Poor","Non-detect","Fair","Target","yes",15.1515151515152
"0104GRE5309",17,"Point","LAK20_NY-10018",42.757271,-78.751852,"Base20_20","New_York","(4,10]","(4,10]",7.481909,"NY","New York",951704,"Green Lake","Not_Border",100,256.9,"108915569","W04120103000946",4.12e+12,"LakePond",-26527,"Target_Sampled",2020,2020-09-30,"eutrophic","mesotrophic","Poor","Poor","Fair","Non-detect","Fair","Target","yes",166
"",18,"Point","LAK20_NY-10019",44.360538,-73.534678,"Base20_20","New_York","(1,4]","(1,4]",3.177485,"NY","New York",," ","Not_Border",100,0,"165902378","W04150408012537",4.15e+12,"LakePond",-26532,"NonTarget",2020,,,,,,,"Non-detect",,"NonTarget","yes",63.0344827586207
"0801KAY0984A",19,"Point","LAK20_NY-10020",43.407006,-75.186734,"Base20_20","New_York",">50",">50",189.168254,"NY","New York",954416,"Kayuta Lake","Not_Border",100,0,"131846933","W04150101009477",4.15e+12,"LakePond",-26532,"Target_Sampled",2020,2020-07-08,"oligotrophic",,"Good",,,"Non-detect","Fair","Target","yes",15.1515151515152
"1401SWA0211",20,"Point","LAK20_NY-10021",41.593453,-74.983015,"Base20_20","New_York","(20,50]","(20,50]",25.138422,"NY","New York",966875,"Swamp Pond","Not_Border",100,966,"25859460","W02040101001533",2.04e+12,"LakePond",-26527,"Target_Sampled",2020,2020-08-04,"eutrophic","eutrophic","Poor","Fair","Poor","Non-detect","Fair","Target","yes",29.3333333333333
"0905WAL0214",21,"Point","LAK20_NY-10022",43.970473,-74.943767,"Base20_20","New_York","(10,20]","(10,20]",17.67655,"NY","New York",968684,"Walker Lake","Not_Border",100,638,"133099292","W04150302001741",4.15e+12,"LakePond",-26527,"Target_PhysicalAccess",2020,,,,,,,"Non-detect",,"Target","yes",55.7222222222222
"",22,"Point","LAK20_NY-10023",43.080447,-76.246096,"Base20_20","New_York","(20,50]","(20,50]",21.065936,"NY","New York",," ","Not_Border",100,0,"87959312","W04140201007316",4.14e+12,"Reservoir",-21911,"NonTarget",2020,,,,,,,"Non-detect",,"NonTarget","yes",29.3333333333333
"1203MET0821",23,"Point","LAK20_NY-10024",43.299499,-74.719839,"Base20_20","New_York","(4,10]","(4,10]",5.495236,"NY","New York",943928,"Big Metcalf Lake","Not_Border",100,0,"53541287","W02020004002849",2.02e+12,"LakePond",-26532,"Target_Sampled",2020,2020-07-07,"oligotrophic",,"Good",,,"Non-detect","Fair","Target","yes",166
"0905JON0123",25,"Point","LAK20_NY-10026",44.256764,-75.22636,"Base20_20","New_York","(10,20]","(10,20]",12.090075,"NY","New York",976504,"Jones Pond","Not_Border",100,0,"133098446","W04150302001507",4.15e+12,"LakePond",-26532,"Target_NoOwnerAccess",2020,,,,,,,"Non-detect",,"Target","yes",55.7222222222222
"0704CAN0286",26,"Point","LAK20_NY-10027",42.778105,-77.305004,"Base20_20","New_York",">50",">50",4260.667731,"NY","New York",945740,"Canandaigua Lake","Not_Border",100,209.1,"87961872","W04140201003807",4.14e+12,"LakePond",-26527,"Target_Sampled",2020,2020-08-16,"oligotrophic","mesotrophic","Good","Good","Good","Non-detect",,"Target","yes",15.1515151515152
"1203T L0862",27,"Point","LAK20_NY-10028",43.45535,-74.582061,"Base20_20","New_York","(10,20]","(10,20]",18.114133,"NY","New York",966971,"T Lake","Not_Border",100,0,"53540537","W02020004011815",2.02e+12,"LakePond",-26532,"Target_PhysicalAccess",2020,,,,,,,"Non-detect",,"Target","yes",55.7222222222222
"1302HEM0103H",28,"Point","LAK20_NY-10029",41.310093,-73.560958,"Base20_20","New_York","(1,4]","(1,4]",3.490885,"NY","New York",," ","Not_Border",100,220.24,"55497533","W02030101001564",2.03e+12,"LakePond",-26525,"Target_Sampled",2020,2020-08-04,"mesotrophic","mesotrophic","Fair","Fair","Good","Non-detect","Fair","Target","yes",63.0344827586207
"0903LMO0130",29,"Point","LAK20_NY-10030",43.997511,-74.598129,"Base20_20","New_York","(1,4]","(1,4]",3.825906,"NY","New York",955598,"Little Moose Pond","Not_Border",100,0,"132436549","W04150305001492",4.15e+12,"LakePond",-26532,"Target_NoOwnerAccess",2020,,,,,,,"Non-detect",,"Target","yes",63.0344827586207
"0602LUD0099",30,"Point","LAK20_NY-10031",42.465573,-75.70882,"Base20_20","New_York","(20,50]","(20,50]",47.629443,"NY","New York",956144,"Lake Ludlow","Not_Border",100,444.4,"62635796","W02050102001945",2.05e+12,"LakePond",-26527,"Target_Sampled",2020,2020-07-21,"oligotrophic",,"Good",,,"Non-detect","Fair","Target","yes",29.3333333333333
"1310BLA0N80B",31,"Point","LAK20_NY-10032",42.617744,-73.409629,"Base20_20","New_York","(10,20]","(10,20]",14.672391,"NY","New York",944185,"Black River Pond","Not_Border",100,0,"52845905","W02020006001552",2.02e+12,"LakePond",-26532,"Target_Sampled",2020,2020-08-03,"mesotrophic","mesotrophic","Good","Good","Good","Non-detect","Fair","Target","yes",55.7222222222222
"0404UWB5318",32,"Point","LAK20_NY-10033",42.45316,-77.630935,"Base20_20","New_York","(10,20]","(10,20]",12.99229,"NY","New York",," ","Not_Border",100,0,"84201277","W04130002001439",4.13e+12,"LakePond",-26532,"Target_NoOwnerAccess",2020,,,,,,,"Non-detect",,"Target","yes",55.7222222222222
"0905CRY0289",33,"Point","LAK20_NY-10034",44.101869,-75.068359,"Base20_20","New_York","(4,10]","(4,10]",5.888077,"NY","New York",976211,"Crystal Lake","Not_Border",100,454.8,"133098922","W04150302001656",4.15e+12,"LakePond",-26527,"Target_Sampled",2020,2020-08-31,"oligotrophic","mesotrophic","Good","Good","Fair","Non-detect","Fair","Target","yes",166
"0903UPR0239",34,"Point","LAK20_NY-10035",44.126063,-74.088783,"Base20_20","New_York","(20,50]","(20,50]",30.996139,"NY","New York",968294,"Upper Pond","Not_Border",100,0,"132434446","W04150305001367",4.15e+12,"LakePond",-26532,"Target_Sampled",2021,2021-07-19,"oligotrophic","oligotrophic","Good",,"Good","Non-detect","Good","Target","yes",29.3333333333333
"0703SIS0112B",35,"Point","LAK20_NY-10036",43.482702,-75.927243,"Base20_20","New_York","(1,4]","(1,4]",2.956856,"NY","New York",," ","Not_Border",100,198.1,"124500429","W04140202001583",4.14e+12,"LakePond",-26527,"Target_NoOwnerAccess",2020,,,,,,,"Non-detect",,"Target","yes",63.0344827586207
"1403UWB0294A",36,"Point","LAK20_NY-10037",41.949667,-74.879489,"Base20_20","New_York","(1,4]","(1,4]",3.714317,"NY","New York",," ","Not_Border",100,0,"25536044","W02040102000504",2.04e+12,"LakePond",-26532,"NonTarget",2020,,,,,,,"Non-detect",,"NonTarget","yes",63.0344827586207
"NONE",37,"Point","LAK20_NY-10038",44.088851,-75.59655,"Base20_20","New_York","(4,10]","(4,10]",9.136102,"NY","New York",," ","Not_Border",100,205.7,"131860737","W04150303000688",4.15e+12,"LakePond",-26527,"NonTarget",2020,,,,,,,"Non-detect",,"NonTarget","yes",166
"0706UWB5587",38,"Point","LAK20_NY-10039",42.586735,-76.332867,"Base20_20","New_York","(1,4]","(1,4]",3.028167,"NY","New York",," ","Not_Border",100,434.3,"87962578","W04140201003843",4.14e+12,"LakePond",-26527,"Target_NoOwnerAccess",2020,,,,,,,"Non-detect",,"Target","yes",63.0344827586207
"1201SPE0760",39,"Point","LAK20_NY-10040",43.239702,-74.579702,"Base20_20","New_York",">50",">50",78.241839,"NY","New York",965962,"Spectacle Lake","Not_Border",100,527.3,"53541731","W02020004002876",2.02e+12,"LakePond",-26527,"Target_Sampled",2020,2020-08-11,"oligotrophic","oligotrophic","Good","Good","Good","Non-detect","Fair","Target","yes",15.1515151515152
"1701UWI0911",40,"Point","LAK20_NY-10041",40.728622,-73.202632,"Base20_20","New_York","(4,10]","(4,10]",4.069548,"NY","New York",968311,"Upper Winganhauppauge Lake","Not_Border",100,0,"139734512","W02030202018320",2.03e+12,"LakePond",-26532,"NonTarget",2020,,,,,,,"Non-detect",,"NonTarget","yes",166
"1004FER0222",41,"Point","LAK20_NY-10042",44.488702,-73.718471,"Base20_20","New_York",">50",">50",172.449864,"NY","New York",949989,"Fern Lake","Not_Border",100,373,"115353567","W04150404001208",4.15e+12,"LakePond",-26527,"Target_Sampled",2020,2020-09-02,"oligotrophic","mesotrophic","Good",,"Fair","Non-detect","Good","Target","yes",15.1515151515152
"NONE",42,"Point","LAK20_NY-10043",42.674868,-78.371048,"Base20_20","New_York","(1,4]","(1,4]",3.732688,"NY","New York",," ","Not_Border",100,0,"158714909","W04120103003940",4.12e+12,"LakePond",-26532,"NonTarget",2020,,,,,,,"Non-detect",,"NonTarget","yes",63.0344827586207
"1104GRE0127",43,"Point","LAK20_NY-10044",43.149546,-74.169999,"Base20_20","New_York",">50",">50",8357.005861,"NY","New York",973352,"Great Sacandaga Lake","Not_Border",100,0,"47728523","W02020002004779",2.02e+12,"LakePond",-26527,"Target_Sampled",2020,2020-08-31,"oligotrophic","mesotrophic","Good","Good","Fair","Non-detect","Good","Target","yes",15.1515151515152
"1301WIC0183A",44,"Point","LAK20_NY-10045",41.424486,-73.820974,"Base20_20","New_York","(20,50]","(20,50]",45.904462,"NY","New York",," ","Not_Border",100,0,"55493581","W02030101001484",2.03e+12,"LakePond",-26532,"Target_Sampled",2020,2021-08-30,"oligotrophic","mesotrophic","Good","Good","Fair","Non-detect","Good","Target","yes",29.3333333333333
"1104HAR0680",45,"Point","LAK20_NY-10046",43.974198,-74.141731,"Base20_20","New_York",">50",">50",126.63353,"NY","New York",952273,"Harris Lake","Not_Border",100,473.8,"89362727","W02020001005097",2.02e+12,"LakePond",-26527,"Target_Sampled",2020,2020-09-01,"oligotrophic","mesotrophic","Good","Good","Good","Non-detect","Fair","Target","yes",15.1515151515152
"NONE",46,"Point","LAK20_NY-10047",42.744255,-76.053811,"Base20_20","New_York","(1,4]","(1,4]",3.822573,"NY","New York",," ","Not_Border",100,0,"{A584963B-484B-442E-A13F-0939C4FEF5FA}","W02050102014863",2.05e+12,"LakePond",-26535,"NonTarget",2020,,,,,,,"Non-detect",,"NonTarget","yes",63.0344827586207
"1310UWB6691",47,"Point","LAK20_NY-10048",42.33488,-73.741871,"Base20_20","New_York","(1,4]","(1,4]",3.33296,"NY","New York",," ","Not_Border",100,0,"52850359","W02020006001734",2.02e+12,"LakePond",-26532,"Target_NoOwnerAccess",2020,,,,,,,"Non-detect",,"Target","yes",63.0344827586207
"1401UWB5188",48,"Point","LAK20_NY-10049",41.57332,-74.769898,"Base20_20","New_York","(1,4]","(1,4]",3.77611,"NY","New York",," ","Not_Border",100,0,"26148776","W02040104002227",2.04e+12,"LakePond",-26532,"Target_NoOwnerAccess",2020,,,,,,,"Non-detect",,"Target","yes",63.0344827586207
"NONE",49,"Point","LAK20_NY-10050",43.879328,-74.766312,"Base20_20","New_York",">50",">50",59.548288,"NY","New York",956109,"Lower Sister Lake","Not_Border",100,590,"131842438","W04150101002435",4.15e+12,"LakePond",-26527,"Target_PhysicalAccess",2020,,,,,,,"Non-detect",,"Target","yes",15.1515151515152
"0903WIL0054",50,"Point","LAK20_NY-10051",44.351711,-74.497901,"OverSamp","New_York","(20,50]","(20,50]",28.516894,"NY","New York",971328,"Willis Pond","Not_Border",100,477,"132433661","W04150305001289",4.15e+12,"LakePond",-26527,"Target_NoOwnerAccess",2020,,,,,,,"Non-detect",,"Target","yes",29.3333333333333
"1202ENG0589",51,"Point","LAK20_NY-10052",42.756978,-74.652272,"OverSamp","New_York","(10,20]","(10,20]",11.959107,"NY","New York",949663,"Engleville Pond","Not_Border",100,432.8,"33528643","W02020005000806",2.02e+12,"LakePond",-26527,"Target_Sampled",2020,2020-07-21,"eutrophic","eutrophic","Poor",,"Poor","Non-detect","Good","Target","yes",55.7222222222222
"",52,"Point","LAK20_NY-10053",42.30734,-75.931331,"OverSamp","New_York","(20,50]","(20,50]",23.355184,"NY","New York",," ","Not_Border",100,0,"{95AC3B74-760A-4917-B127-CEE41712886D}","W02050102010355",2.05e+12,"LakePond",-26525,"NonTarget",2020,,,,,,,"Non-detect",,"NonTarget","yes",29.3333333333333
"0903SOU0017A",53,"Point","LAK20_NY-10054",44.525388,-74.866941,"OverSamp","New_York",">50",">50",91.776206,"NY","New York",977031,"South Colton Reservoir","Not_Border",100,296.9,"132433383","W04150305001254",4.15e+12,"LakePond",-26527,"Target_Sampled",2020,2020-09-01,"oligotrophic","oligotrophic","Good","Good","Good","Non-detect","Fair","Target","yes",15.1515151515152
"0302UWB0087",54,"Point","LAK20_NY-10055",43.210331,-76.704007,"OverSamp","New_York","(10,20]","(10,20]",10.407154,"NY","New York",," ","Not_Border",100,114,"113133271","W04140101000887",4.14e+12,"LakePond",-26527,"Target_NoOwnerAccess",2020,,,,,,,"Non-detect",,"Target","yes",55.7222222222222
"1104FOU0325",55,"Point","LAK20_NY-10056",43.357672,-73.824642,"OverSamp","New_York","(20,50]","(20,50]",20.481004,"NY","New York",950544,"Fourth Lake","Not_Border",100,192,"89366265","W02020001001913",2.02e+12,"LakePond",-26527,"Target_Sampled",2020,2020-07-09,"mesotrophic","mesotrophic","Fair","Good","Fair","Non-detect","Fair","Target","yes",29.3333333333333
"1305SIL0378",56,"Point","LAK20_NY-10057",41.915654,-73.803211,"OverSamp","New_York","(20,50]","(20,50]",45.407171,"NY","New York",965256,"Silver Lake","Not_Border",100,114.6,"37094227","W02020008001312",2.02e+12,"LakePond",-26527,"Target_Sampled",2020,2020-08-03,"mesotrophic","mesotrophic","Fair","Good","Good","Non-detect","Fair","Target","yes",29.3333333333333
"1003DAI5107",57,"Point","LAK20_NY-10058",44.529342,-74.04218,"OverSamp","New_York","(4,10]","(4,10]",7.655333,"NY","New York",947988,"Daigneau Pond","Not_Border",100,516.3,"129690769","W04150406001589",4.15e+12,"LakePond",-26527,"Target_NoOwnerAccess",2020,,,,,,,"Non-detect",,"Target","yes",166
"0602WOO0148",58,"Point","LAK20_NY-10059",42.85276,-75.568675,"OverSamp","New_York","(20,50]","(20,50]",46.439384,"NY","New York",971682,"Woodman Pond","Not_Border",100,344.4,"62634790","W02050102001825",2.05e+12,"LakePond",-26527,"Target_NoOwnerAccess",2020,,,,,,,"Non-detect",,"Target","yes",29.3333333333333
"1006UWBXXX1",59,"Point","LAK20_NY-10060",43.664256,-73.568148,"OverSamp","New_York","(4,10]","(4,10]",7.596473,"NY","New York",," ","Not_Border",100,0,"168000090","W04150408013539",4.15e+12,"LakePond",-26532,"Target_Sampled",2020,2020-09-02,"mesotrophic","mesotrophic","Good",,"Fair","Non-detect","Poor","Target","yes",166
"1303ORA0239D",60,"Point","LAK20_NY-10061",41.346558,-74.194213,"OverSamp","New_York","(20,50]","(20,50]",28.776644,"NY","New York",959431,"Orange-Rockland Lake","Not_Border",100,177.4,"37100499","W02020008001659",2.02e+12,"LakePond",-26527,"Target_Sampled",2020,2020-08-05,"eutrophic","mesotrophic","Poor","Fair","Fair","Non-detect","Poor","Target","yes",29.3333333333333
"1104BRA0347",61,"Point","LAK20_NY-10062",43.716244,-73.702685,"OverSamp","New_York",">50",">50",616.036531,"NY","New York",944648,"Brant Lake","Not_Border",100,243.5,"89364961","W02020001008128",2.02e+12,"LakePond",-26527,"Target_Sampled",2020,2020-08-31,"oligotrophic","oligotrophic","Good","Good","Good","Non-detect","Fair","Target","yes",15.1515151515152
"0801GUL0969",62,"Point","LAK20_NY-10063",43.553056,-75.05823,"OverSamp","New_York",">50",">50",54.025846,"NY","New York",951932,"Gull Lake","Not_Border",100,0,"131846557","W04150101002766",4.15e+12,"LakePond",-26532,"Target_Sampled",2020,2020-07-08,"oligotrophic",,"Good",,,"Non-detect","Good","Target","yes",15.1515151515152
"NONE",63,"Point","LAK20_NY-10064",42.328745,-79.313692,"OverSamp","New_York","(1,4]","(1,4]",3.267197,"NY","New York",," ","Not_Border",100,0,"129447774","W05010002002790",5.01e+12,"LakePond",-26532,"NonTarget",2020,,,,,,,"Non-detect",,"NonTarget","yes",63.0344827586207
"0603CAY0008",64,"Point","LAK20_NY-10065",42.367015,-76.735404,"OverSamp","New_York",">50",">50",155.017088,"NY","New York",973997,"Cayuta Lake","Not_Border",100,401.4,"46466535","W02050103001465",2.05e+12,"LakePond",-26527,"Target_Sampled",2020,2020-07-22,"mesotrophic","mesotrophic","Fair","Poor","Fair","Non-detect","Good","Target","yes",15.1515151515152
"1301PET0161G",65,"Point","LAK20_NY-10066",41.259308,-73.918371,"OverSamp","New_York","(1,4]","(1,4]",3.692899,"NY","New York",960249,"Petersons Pond","Not_Border",100,0,"55500075","W02030101001721",2.03e+12,"LakePond",-26532,"Target_NoOwnerAccess",2020,,,,,,,"Non-detect",,"Target","yes",63.0344827586207
"1104PAR0432",66,"Point","LAK20_NY-10067",43.885987,-73.693169,"OverSamp","New_York",">50",">50",378.414206,"NY","New York",970453,"Paradox Lake","Not_Border",100,248.7,"89363377","W02020001001575",2.02e+12,"LakePond",-26527,"Target_Sampled",2020,2021-09-21,,,,,,"Non-detect","Good","Target","yes",15.1515151515152
"0801OTT0926",67,"Point","LAK20_NY-10068",43.591915,-75.11785,"OverSamp","New_York",">50",">50",60.162154,"NY","New York",970438,"Otter Lake","Not_Border",100,0,"131846419","W04150101002752",4.15e+12,"LakePond",-26532,"Target_Sampled",2020,2020-08-09,"oligotrophic","mesotrophic","Good",,"Good","Non-detect",,"Target","yes",15.1515151515152
"",68,"Point","LAK20_NY-10069",41.888825,-74.257818,"OverSamp","New_York","(1,4]","(1,4]",3.667974,"NY","New York",943392,"Beaver Lake","Not_Border",100,0,"61786723","W02020007001263",2.02e+12,"LakePond",-26532,"Target_NoOwnerAccess",2021,,,,,,,"Non-detect",,"Target","yes",63.0344827586207
"",69,"Point","LAK20_NY-10070",44.095797,-74.862536,"OverSamp","New_York","(4,10]","(4,10]",8.744707,"NY","New York",976088,"Cat Mountain Pond","Not_Border",100,530.4,"133098839","W04150302001629",4.15e+12,"LakePond",-26527,"Target_PhysicalAccess",2021,,,,,,,"Non-detect",,"Target","yes",166
"",70,"Point","LAK20_NY-10071",44.130407,-74.425245,"OverSamp","New_York","(4,10]","(4,10]",9.936485,"NY","New York",952500,"Heavens Lake","Not_Border",100,0,"132434791","W04150305001393",4.15e+12,"LakePond",-26532,"Target_NoOwnerAccess",2021,,,,,,,"Non-detect",,"Target","yes",166
"",71,"Point","LAK20_NY-10072",42.547273,-74.921497,"OverSamp","New_York","(1,4]","(1,4]",2.88773,"NY","New York",," ","Not_Border",100,545.6,"43494666","W02050101002263",2.05e+12,"LakePond",-26527,"Target_NoOwnerAccess",2021,,,,,,,"Non-detect",,"Target","yes",63.0344827586207
"1501GRE1026",72,"Point","LAK20_NY-10073",41.185271,-74.322037,"OverSamp","New_York",">50",">50",748.605552,"NY","New York",876818,"Greenwood Lake","NY:NJ",55.27659,0,"60437711","W02030103001898",2.03e+12,"LakePond",-26532,"Target_Sampled",2021,2021-09-28,,,,,,"Non-detect","Good","Target","yes",15.1515151515152
"0903BLA0029A",73,"Point","LAK20_NY-10074",44.481512,-74.756071,"OverSamp","New_York",">50",">50",255.472875,"NY","New York",975987,"Blake Falls Reservoir","Not_Border",100,381,"132433474","W04150305001565",4.15e+12,"LakePond",-26527,"Target_Sampled",2021,2020-07-16,"oligotrophic","oligotrophic","Good","Good","Good","Non-detect","Good","Target","yes",15.1515151515152
"",74,"Point","LAK20_NY-10075",43.50217,-75.95709,"OverSamp","New_York","(10,20]","(10,20]",15.542365,"NY","New York",," ","Not_Border",100,198.1,"129640155","W04140102004962",4.14e+12,"LakePond",-26527,"NonTarget",2021,,,,,,,"Non-detect",,"NonTarget","yes",55.7222222222222
"1203DEE0911",75,"Point","LAK20_NY-10076",43.554658,-74.761941,"OverSamp","New_York","(10,20]","(10,20]",14.28461,"NY","New York",948203,"Deer Lake","Not_Border",100,0,"53540061","W02020004002729",2.02e+12,"LakePond",-26532,"Target_Sampled",2021,2021-06-30,"oligotrophic","mesotrophic","Good","Good","Good","Non-detect","Good","Target","yes",55.7222222222222
"",76,"Point","LAK20_NY-10077",41.235584,-73.569808,"OverSamp","New_York","(1,4]","(1,4]",3.76109,"NY","New York",951136,"Gilmore Pond","Not_Border",100,138.1,"55501875","W02030101001674",2.03e+12,"LakePond",-26525,"Target_NoOwnerAccess",2021,,,,,,,"Non-detect",,"Target","yes",63.0344827586207
"",77,"Point","LAK20_NY-10078",43.676046,-74.232989,"OverSamp","New_York",">50",">50",84.912218,"NY","New York",954663,"Kings Flow","Not_Border",100,523.7,"89365115","W02020001001827",2.02e+12,"LakePond",-26527,"Target_NoOwnerAccess",2021,,,,,,,"Non-detect",,"Target","yes",15.1515151515152
"0602STE0101",78,"Point","LAK20_NY-10079",42.525924,-75.665989,"OverSamp","New_York","(20,50]","(20,50]",21.295135,"NY","New York",966337,"Steer Pond","Not_Border",100,496.8,"62635666","W02050102001922",2.05e+12,"LakePond",-26527,"Target_Sampled",2021,2021-09-27,,,,,,"Non-detect","Good","Target","yes",29.3333333333333
"",79,"Point","LAK20_NY-10080",43.268847,-73.430029,"OverSamp","New_York","(1,4]","(1,4]",3.832231,"NY","New York",," ","Not_Border",100,0,"166173908","W02020003018513",2.02e+12,"LakePond",-26532,"Target_NoOwnerAccess",2021,,,,,,,"Non-detect",,"Target","yes",63.0344827586207
"0403RUS0146",80,"Point","LAK20_NY-10081",42.379787,-78.198442,"OverSamp","New_York",">50",">50",238.026893,"NY","New York",963105,"Rushford Lake","Not_Border",100,0,"84202017","W04130002001480",4.13e+12,"LakePond",-26532,"Target_Sampled",2021,2021-09-28,,,,,,"Non-detect","Good","Target","yes",15.1515151515152
"0102DAR5129",81,"Point","LAK20_NY-10082",42.931948,-78.3871,"OverSamp","New_York","(10,20]","(10,20]",10.040056,"NY","New York",," ","Not_Border",100,276.5,"118019607","W04120104001138",4.12e+12,"LakePond",-26527,"Target_NoOwnerAccess",2021,,,,,,,"Non-detect",,"Target","yes",55.7222222222222
"1004NIC0314",82,"Point","LAK20_NY-10083",44.15756,-73.516609,"OverSamp","New_York","(20,50]","(20,50]",34.625111,"NY","New York",958566,"Nichols Pond","Not_Border",100,465,"92083023","W04150408010936",4.15e+12,"LakePond",-26527,"Target_Sampled",2021,2021-06-30,"oligotrophic","mesotrophic","Good","Good","Fair","Non-detect","Fair","Target","yes",29.3333333333333
"1203UWB0798E",83,"Point","LAK20_NY-10084",43.266852,-75.150015,"OverSamp","New_York","(4,10]","(4,10]",4.995101,"NY","New York",," ","Not_Border",100,225.2,"53541593","W02020004002926",2.02e+12,"LakePond",-26527,"Target_Sampled",2021,2021-06-29,"mesotrophic","oligotrophic","Good","Good","Good","Non-detect","Good","Target","yes",166
"1401BLA0103",84,"Point","LAK20_NY-10085",41.657246,-74.860429,"OverSamp","New_York",">50",">50",96.137038,"NY","New York",944138,"Black Lake","Not_Border",100,1255,"26176766","W02040104002178",2.04e+12,"LakePond",-26527,"Target_NoOwnerAccess",2021,,,,,,,"Non-detect",,"Target","yes",15.1515151515152
"0801SAN0436",85,"Point","LAK20_NY-10086",43.948515,-75.159694,"OverSamp","New_York","(20,50]","(20,50]",34.400339,"NY","New York",964401,"Sand Pond","Not_Border",100,498,"131842163","W04150101002444",4.15e+12,"LakePond",-26527,"Target_Sampled",2021,2021-06-30,"mesotrophic","eutrophic","Good","Fair","Poor","Non-detect","Good","Target","yes",29.3333333333333
"0701CRO0185",86,"Point","LAK20_NY-10087",43.124075,-76.479416,"OverSamp","New_York",">50",">50",808.789702,"NY","New York",947804,"Cross Lake","Not_Border",100,113.7,"87959174","W04140201003610",4.14e+12,"LakePond",-26527,"Target_Sampled",2021,2021-09-14,"eutrophic","eutrophic","Fair",,"Poor","Non-detect","Good","Target","yes",15.1515151515152
"1201KLO0708",87,"Point","LAK20_NY-10088",43.233788,-74.783455,"OverSamp","New_York","(20,50]","(20,50]",45.731454,"NY","New York",954753,"Klondike Reservoir","Not_Border",100,530.4,"53541797","W02020004002913",2.02e+12,"LakePond",-26527,"Target_Sampled",2021,2021-07-20,"oligotrophic","mesotrophic","Good",,"Good","Non-detect","Good","Target","yes",29.3333333333333
"1702UWB0159",88,"Point","LAK20_NY-10089",40.850276,-73.459386,"OverSamp","New_York","(1,4]","(1,4]",3.595752,"NY","New York",," ","Not_Border",100,12.2,"133271910","W02030201000222",2.03e+12,"LakePond",-26527,"Target_Sampled",2021,2021-06-01,"eutrophic","mesotrophic","Fair","Poor","Good","Non-detect","Good","Target","yes",63.0344827586207
"",89,"Point","LAK20_NY-10090",44.584284,-74.49827,"OverSamp","New_York","(1,4]","(1,4]",2.760264,"NY","New York",970965,"Whackers Pond","Not_Border",100,0,"135270888","W04150306001225",4.15e+12,"LakePond",-26532,"Target_NoOwnerAccess",2021,,,,,,,"Non-detect",,"Target","yes",63.0344827586207
"0301CANXXX1",90,"Point","LAK20_NY-10091",43.184517,-77.695874,"OverSamp","New_York","(4,10]","(4,10]",5.611968,"NY","New York",," ","Not_Border",100,0,"162982909","W04130001005477",4.13e+12,"LakePond",-26532,"Target_Sampled",2021,2021-09-27,,,,,,"Non-detect","Good","Target","yes",166
"1203GLA0859",91,"Point","LAK20_NY-10092",43.413875,-74.632051,"OverSamp","New_York","(20,50]","(20,50]",35.945092,"NY","New York",950828,"G Lake","Not_Border",100,0,"53540671","W02020004002777",2.02e+12,"LakePond",-26532,"Target_Sampled",2021,2021-06-29,"oligotrophic","oligotrophic","Good","Good","Good","Non-detect","Fair","Target","yes",29.3333333333333
"1302CAR0062A",92,"Point","LAK20_NY-10093",41.458597,-73.66499,"OverSamp","New_York",">50",">50",81.288544,"NY","New York",945861,"Lake Carmel","Not_Border",100,187.92,"{bffcffdb-35e7-472f-886b-ea07d786ae15}","W02030101006293",2.03e+12,"LakePond",-26525,"Target_Sampled",2021,2020-08-15,"eutrophic","eutrophic","Poor","Poor","Poor","Non-detect",,"Target","yes",15.1515151515152
"",93,"Point","LAK20_NY-10094",44.053348,-74.47572,"OverSamp","New_York",">50",">50",52.427991,"NY","New York",957481,"Mohegan Lake","Not_Border",100,537,"132435660","W04150305001440",4.15e+12,"LakePond",-26527,"Target_NoOwnerAccess",2021,,,,,,,"Non-detect",,"Target","yes",15.1515151515152
"0602WHI5358",94,"Point","LAK20_NY-10095",42.369615,-75.974265,"OverSamp","New_York",">50",">50",465.575298,"NY","New York",," ","Not_Border",100,0,"{CE6EC12C-CB5A-4585-8103-0ACAE2777CA5}","W02050102015070",2.05e+12,"LakePond",-26525,"Target_Sampled",2021,2021-09-27,,,,,,"Non-detect","Good","Target","yes",15.1515151515152
"",95,"Point","LAK20_NY-10096",42.452595,-74.004983,"OverSamp","New_York","(1,4]","(1,4]",2.747246,"NY","New York",," ","Not_Border",100,321.6,"52848385","W02020006001680",2.02e+12,"LakePond",-26527,"Target_NoOwnerAccess",2021,,,,,,,"Non-detect",,"Target","yes",63.0344827586207
"1401RIO0079A",96,"Point","LAK20_NY-10097",41.499388,-74.759059,"OverSamp","New_York",">50",">50",170.598937,"NY","New York",962537,"Rio Reservoir","Not_Border",100,814,"120022970","W02040104002712",2.04e+12,"LakePond",-26526,"Target_Sampled",2021,2021-09-28,,,,,,"Non-detect","Good","Target","yes",15.1515151515152
"0801DAR0750",97,"Point","LAK20_NY-10098",43.796039,-74.862678,"OverSamp","New_York",">50",">50",56.58923,"NY","New York",948043,"Dart Lake","Not_Border",100,537,"131844150","W04150101002529",4.15e+12,"LakePond",-26527,"Target_Sampled",2021,2021-06-29,"oligotrophic","oligotrophic","Good","Good","Good","Non-detect","Good","Target","yes",15.1515151515152
"0902WHI0158",98,"Point","LAK20_NY-10099",44.376945,-74.301386,"OverSamp","New_York","(1,4]","(1,4]",3.445722,"NY","New York",," ","Not_Border",100,0,"135271533","W04150306001346",4.15e+12,"LakePond",-26532,"Target_Sampled",2021,2021-06-29,"mesotrophic","mesotrophic","Fair","Fair","Fair","Non-detect","Fair","Target","yes",63.0344827586207
"1202ONT0655C",99,"Point","LAK20_NY-10100",42.216566,-74.150837,"OverSamp","New_York","(4,10]","(4,10]",8.092285,"NY","New York",959414,"Onteora Pond","Not_Border",100,685.43,"33531165","W02020005000906",2.02e+12,"LakePond",-26525,"Target_NoOwnerAccess",2021,,,,,,,"Non-detect",,"Target","yes",166
"1404RUS0410",100,"Point","LAK20_NY-10101",42.12223,-75.095605,"OverSamp","New_York","(1,4]","(1,4]",2.798947,"NY","New York",963109,"Russ Gray Pond","Not_Border",100,598.4,"25856472","W02040101001275",2.04e+12,"LakePond",-26525,"Target_Sampled",2021,2020-06-16,"mesotrophic","mesotrophic","Fair",,"Good","Non-detect","Good","Target","yes",63.0344827586207
"0801MEI0420",101,"Point","LAK20_NY-10102",43.956708,-75.247391,"OverSamp","New_York","(1,4]","(1,4]",2.712256,"NY","New York",956920,"Meister Pond","Not_Border",100,0,"131842288","W04150101002450",4.15e+12,"LakePond",-26532,"Target_Sampled",2021,2021-06-30,"oligotrophic","mesotrophic","Good","Good","Good","Non-detect","Fair","Target","yes",63.0344827586207
"",102,"Point","LAK20_NY-10103",43.153193,-77.059478,"OverSamp","New_York","(10,20]","(10,20]",10.650557,"NY","New York",," ","Not_Border",100,130,"113133505","W04140101000917",4.14e+12,"LakePond",-26527,"NonTarget",2021,,,,,,,"Non-detect",,"NonTarget","yes",55.7222222222222
"1201ECA0703A",103,"Point","LAK20_NY-10104",43.033023,-74.746368,"OverSamp","New_York",">50",">50",70.170421,"NY","New York",949030,"East Canada Lake","Not_Border",100,149.4,"53543299","W02020004002984",2.02e+12,"LakePond",-26527,"Target_Sampled",2021,2021-06-29,"oligotrophic","mesotrophic","Good","Good","Good","Non-detect","Good","Target","yes",15.1515151515152
"1702NEW0292",104,"Point","LAK20_NY-10105",40.836961,-73.22362,"OverSamp","New_York","(20,50]","(20,50]",42.266471,"NY","New York",958438,"New Millpond","Not_Border",100,7.3,"133271783","W02030201000213",2.03e+12,"LakePond",-26527,"Target_Sampled",2021,2021-06-01,"eutrophic","mesotrophic","Poor","Poor","Fair","Non-detect","Good","Target","yes",29.3333333333333
"0902DEE0073",105,"Point","LAK20_NY-10106",44.653291,-74.306059,"OverSamp","New_York",">50",">50",107.943754,"NY","New York",948233,"Deer River Flow","Not_Border",100,444.4,"135270648","W04150306001207",4.15e+12,"LakePond",-26527,"Target_Sampled",2021,2020-08-16,"eutrophic","mesotrophic","Poor",,"Fair","Non-detect",,"Target","yes",15.1515151515152
"",106,"Point","LAK20_NY-10107",44.332809,-75.712403,"OverSamp","New_York","(1,4]","(1,4]",3.015998,"NY","New York",," ","Not_Border",100,0,"167302684","W04150303002164",4.15e+12,"LakePond",-26532,"NonTarget",2021,,,,,,,"Non-detect",,"NonTarget","yes",63.0344827586207
"",107,"Point","LAK20_NY-10108",43.120504,-74.049997,"OverSamp","New_York","(10,20]","(10,20]",17.313823,"NY","New York",," ","Not_Border",100,0,"167311486","W02020002004666",2.02e+12,"LakePond",-26532,"NonTarget",2021,,,,,,,"Non-detect",,"NonTarget","yes",55.7222222222222
"1301CAN0168A",108,"Point","LAK20_NY-10109",41.457672,-73.834406,"OverSamp","New_York","(20,50]","(20,50]",26.871068,"NY","New York",945794,"Canopus Lake","Not_Border",100,278.52,"{75ae3fe8-4d95-46bc-ae55-ae3b7f486985}","W02030101006298",2.03e+12,"LakePond",-26525,"Target_Sampled",2021,2021-09-29,,,,,,"Non-detect","Good","Target","yes",29.3333333333333
"",109,"Point","LAK20_NY-10110",43.914808,-73.863773,"OverSamp","New_York","(4,10]","(4,10]",6.071254,"NY","New York",943923,"Big Marsh","Not_Border",100,525,"89363121","W02020001001591",2.02e+12,"LakePond",-26527,"Target_PhysicalAccess",2021,,,,,,,"Non-detect",,"Target","yes",166
"NONE",110,"Point","LAK20_NY-10111",43.608598,-75.593985,"OverSamp","New_York","(1,4]","(1,4]",3.699394,"NY","New York",," ","Not_Border",100,0,"167069241","W04140202007283",4.14e+12,"LakePond",-26532,"NonTarget",2021,,,,,,,"Non-detect",,"NonTarget","yes",63.0344827586207
"",111,"Point","LAK20_NY-10112",42.175002,-74.000761,"OverSamp","New_York","(10,20]","(10,20]",12.032957,"NY","New York",," ","Not_Border",100,0,"52853061","W02020006001857",2.02e+12,"LakePond",-26532,"NonTarget",2021,,,,,,,"Non-detect",,"NonTarget","yes",55.7222222222222
"",112,"Point","LAK20_NY-10113",41.692317,-74.688697,"OverSamp","New_York","(10,20]","(10,20]",19.4515,"NY","New York",," ","Not_Border",100,0,"26156398","W02040104002127",2.04e+12,"LakePond",-26532,"Target_NoOwnerAccess",2021,,,,,,,"Non-detect",,"Target","yes",55.7222222222222
"0903SHA0324",113,"Point","LAK20_NY-10114",43.818358,-74.736047,"OverSamp","New_York",">50",">50",113.049491,"NY","New York",964925,"Shallow Lake","Not_Border",100,551,"132437546","W04150305001547",4.15e+12,"LakePond",-26527,"Target_Sampled",2021,2021-09-22,,,,,,"Non-detect","Good","Target","yes",15.1515151515152
"0902SPI0264",114,"Point","LAK20_NY-10115",44.416321,-74.272961,"OverSamp","New_York",">50",">50",108.791509,"NY","New York",966010,"Spitfire Lake","Not_Border",100,0,"135271355","W04150306002953",4.15e+12,"LakePond",-26532,"Target_Sampled",2021,2021-06-29,"oligotrophic","mesotrophic","Good","Good","Good","Non-detect","Fair","Target","yes",15.1515151515152
"0601ARN0362",115,"Point","LAK20_NY-10116",42.61142,-75.004596,"OverSamp","New_York","(20,50]","(20,50]",27.337567,"NY","New York",942579,"Arnold Lake","Not_Border",100,541,"43493971","W02050101002252",2.05e+12,"LakePond",-26527,"Target_Sampled",2021,2021-09-27,,,,,,"Non-detect","Good","Target","yes",29.3333333333333
